{
	"credit": "Made with Blockbench",
	"textures": {
		"1": "block/cars/3_logos/17_jeep",
		"2": "block/cars/2_wheels/wheel_3_1",
		"3": "block/cars/2_wheels/wheel_1_3",
		"4": "block/cars/2_wheels/wheel_1_1",
		"particle": "block/cars/3_logos/17_jeep"
	},
	"elements": [
		{
			"name": "d",
			"from": [1, 6, 3.5],
			"to": [3, 7, 5.5],
			"rotation": {"angle": -22.5, "axis": "x", "origin": [3, 3.5, 4.5]},
			"faces": {
				"north": {"uv": [4, 0, 0, 6], "texture": "#2"},
				"east": {"uv": [1, 0, 0, 1], "texture": "#2"},
				"south": {"uv": [4, 0, 0, 6], "texture": "#2"},
				"west": {"uv": [1, 0, 0, 1], "texture": "#2"},
				"up": {"uv": [4, 0, 0, 6], "texture": "#2"}
			}
		},
		{
			"name": "d",
			"from": [1, 6, 3.5],
			"to": [3, 7, 5.5],
			"rotation": {"angle": 0, "axis": "y", "origin": [3, 3.5, 4.5]},
			"faces": {
				"north": {"uv": [4, 0, 0, 6], "texture": "#2"},
				"east": {"uv": [1, 0, 0, 1], "texture": "#2"},
				"south": {"uv": [4, 0, 0, 6], "texture": "#2"},
				"west": {"uv": [1, 0, 0, 1], "texture": "#2"},
				"up": {"uv": [4, 0, 0, 6], "texture": "#2"}
			}
		},
		{
			"name": "d",
			"from": [0.96, 5.5, 3.5],
			"to": [3, 6, 5.5],
			"rotation": {"angle": 0, "axis": "y", "origin": [3, 2.5, 4.5]},
			"faces": {
				"north": {"uv": [11, 2, 10, 3], "texture": "#2"},
				"east": {"uv": [11, 2, 9, 3], "texture": "#2"},
				"south": {"uv": [10, 2, 9, 3], "texture": "#2"},
				"west": {"uv": [11, 2, 9, 3], "texture": "#2"},
				"up": {"uv": [11, 2, 9, 3], "texture": "#2"},
				"down": {"uv": [11, 2, 9, 3], "texture": "#2"}
			}
		},
		{
			"name": "d",
			"from": [1.6, 5, 3.5],
			"to": [3, 5.5, 5.5],
			"rotation": {"angle": 0, "axis": "y", "origin": [3, 3.5, 4.5]},
			"faces": {
				"east": {"uv": [11, 2, 9, 3], "texture": "#2"},
				"west": {"uv": [11, 2, 9, 3], "texture": "#2"}
			}
		},
		{
			"name": "d",
			"from": [1.6, 2, 4],
			"to": [3, 5, 5],
			"rotation": {"angle": 0, "axis": "y", "origin": [3, 3.5, 4.5]},
			"faces": {
				"east": {"uv": [11, 3, 10, 4], "texture": "#2"},
				"west": {"uv": [11, 3, 9, 4], "texture": "#2"}
			}
		},
		{
			"name": "d",
			"from": [1.4, 2.5, 4],
			"to": [3, 4.5, 5],
			"rotation": {"angle": 0, "axis": "y", "origin": [3, 4.5, 4.5]},
			"faces": {
				"north": {"uv": [10, 3, 9, 4], "texture": "#2"},
				"south": {"uv": [11, 3, 10, 4], "texture": "#2"},
				"west": {"uv": [11, 3, 9, 4], "texture": "#2"},
				"up": {"uv": [11, 3, 9, 4], "texture": "#2"},
				"down": {"uv": [9, 4, 8, 5], "texture": "#2"}
			}
		},
		{
			"name": "d",
			"from": [1.1, 2.7, 4],
			"to": [1.4, 3.7, 5],
			"rotation": {"angle": 0, "axis": "x", "origin": [2, 3.5, 4.5]},
			"faces": {
				"north": {"uv": [10, 4, 9, 5], "texture": "#2"},
				"south": {"uv": [10, 4, 9, 5], "texture": "#2"},
				"west": {"uv": [9, 3, 8, 6], "texture": "#2"},
				"down": {"uv": [10, 4, 9, 5], "texture": "#2"}
			}
		},
		{
			"name": "d",
			"from": [1.08, 3.25, 4],
			"to": [1.1, 3.65, 5],
			"rotation": {"angle": 0, "axis": "x", "origin": [1, 4.5, 4.5]},
			"faces": {
				"north": {"uv": [1, 11, 0, 12], "texture": "#1"},
				"south": {"uv": [1, 11, 0, 12], "texture": "#1"},
				"west": {"uv": [0, 9, 16, 16], "texture": "#1"},
				"up": {"uv": [1, 15, 0, 16], "texture": "#1"},
				"down": {"uv": [1, 15, 0, 16], "texture": "#1"}
			}
		},
		{
			"name": "d",
			"from": [1.1, 2.7, 4],
			"to": [1.4, 3.7, 5],
			"rotation": {"angle": -22.5, "axis": "x", "origin": [2, 3.5, 4.5]},
			"faces": {
				"north": {"uv": [10, 4, 9, 5], "texture": "#2"},
				"south": {"uv": [10, 4, 9, 5], "texture": "#2"},
				"west": {"uv": [9, 3, 8, 6], "texture": "#2"},
				"down": {"uv": [10, 4, 9, 5], "texture": "#2"}
			}
		},
		{
			"name": "d",
			"from": [1.1, 3, 4.3],
			"to": [1.4, 4, 5.3],
			"rotation": {"angle": -22.5, "axis": "x", "origin": [2, 3.5, 4.5]},
			"faces": {
				"south": {"uv": [10, 4, 9, 5], "texture": "#2"},
				"west": {"uv": [8, 6, 9, 3], "rotation": 90, "texture": "#2"},
				"up": {"uv": [10, 4, 9, 5], "texture": "#2"},
				"down": {"uv": [10, 4, 9, 5], "rotation": 180, "texture": "#2"}
			}
		},
		{
			"name": "d",
			"from": [1.1, 3.3, 4],
			"to": [1.4, 4.3, 5],
			"rotation": {"angle": -22.5, "axis": "x", "origin": [2, 3.5, 4.5]},
			"faces": {
				"north": {"uv": [10, 4, 9, 5], "rotation": 180, "texture": "#2"},
				"south": {"uv": [10, 4, 9, 5], "rotation": 180, "texture": "#2"},
				"west": {"uv": [9, 3, 8, 6], "rotation": 180, "texture": "#2"},
				"up": {"uv": [10, 4, 9, 5], "texture": "#2"}
			}
		},
		{
			"name": "d",
			"from": [1.1, 2.7, 4],
			"to": [1.4, 3.7, 5],
			"rotation": {"angle": -45, "axis": "x", "origin": [2, 3.5, 4.5]},
			"faces": {
				"north": {"uv": [10, 4, 9, 5], "texture": "#2"},
				"south": {"uv": [10, 4, 9, 5], "texture": "#2"},
				"west": {"uv": [9, 3, 8, 6], "texture": "#2"},
				"down": {"uv": [10, 4, 9, 5], "texture": "#2"}
			}
		},
		{
			"name": "d",
			"from": [1.1, 3.3, 4],
			"to": [1.4, 4.3, 5],
			"rotation": {"angle": 45, "axis": "x", "origin": [2, 3.5, 4.5]},
			"faces": {
				"north": {"uv": [10, 4, 9, 5], "rotation": 180, "texture": "#2"},
				"south": {"uv": [10, 4, 9, 5], "rotation": 180, "texture": "#2"},
				"west": {"uv": [9, 3, 8, 6], "rotation": 180, "texture": "#2"},
				"up": {"uv": [10, 4, 9, 5], "texture": "#2"}
			}
		},
		{
			"name": "d",
			"from": [1.1, 3, 3.7],
			"to": [1.4, 4, 4.7],
			"rotation": {"angle": 45, "axis": "x", "origin": [2, 3.5, 4.5]},
			"faces": {
				"north": {"uv": [10, 4, 9, 5], "rotation": 180, "texture": "#2"},
				"east": {"uv": [10, 5, 11, 3], "rotation": 90, "texture": "#2"},
				"west": {"uv": [8, 6, 9, 3], "rotation": 270, "texture": "#2"},
				"up": {"uv": [10, 4, 9, 5], "rotation": 180, "texture": "#2"},
				"down": {"uv": [10, 4, 9, 5], "texture": "#2"}
			}
		},
		{
			"name": "d",
			"from": [1.1, 3, 4.3],
			"to": [1.4, 4, 5.3],
			"rotation": {"angle": 22.5, "axis": "x", "origin": [2, 3.5, 4.5]},
			"faces": {
				"south": {"uv": [10, 4, 9, 5], "texture": "#2"},
				"west": {"uv": [8, 6, 9, 3], "rotation": 90, "texture": "#2"},
				"up": {"uv": [10, 4, 9, 5], "texture": "#2"},
				"down": {"uv": [10, 4, 9, 5], "rotation": 180, "texture": "#2"}
			}
		},
		{
			"name": "d",
			"from": [1.1, 3.3, 4],
			"to": [1.4, 4.3, 5],
			"rotation": {"angle": 22.5, "axis": "x", "origin": [2, 3.5, 4.5]},
			"faces": {
				"north": {"uv": [10, 4, 9, 5], "rotation": 180, "texture": "#2"},
				"south": {"uv": [10, 4, 9, 5], "rotation": 180, "texture": "#2"},
				"west": {"uv": [9, 3, 8, 6], "rotation": 180, "texture": "#2"},
				"up": {"uv": [10, 4, 9, 5], "texture": "#2"}
			}
		},
		{
			"name": "d",
			"from": [1.1, 3, 3.7],
			"to": [1.4, 4, 4.7],
			"rotation": {"angle": 22.5, "axis": "x", "origin": [2, 3.5, 4.5]},
			"faces": {
				"north": {"uv": [10, 4, 9, 5], "rotation": 180, "texture": "#2"},
				"west": {"uv": [8, 6, 9, 3], "rotation": 270, "texture": "#2"},
				"up": {"uv": [10, 4, 9, 5], "rotation": 180, "texture": "#2"},
				"down": {"uv": [10, 4, 9, 5], "texture": "#2"}
			}
		},
		{
			"name": "d",
			"from": [1.1, 3, 4.3],
			"to": [1.4, 4, 5.3],
			"rotation": {"angle": 0, "axis": "x", "origin": [2, 3.5, 4.5]},
			"faces": {
				"south": {"uv": [10, 4, 9, 5], "texture": "#2"},
				"west": {"uv": [8, 6, 9, 3], "rotation": 90, "texture": "#2"},
				"up": {"uv": [10, 4, 9, 5], "texture": "#2"},
				"down": {"uv": [10, 4, 9, 5], "rotation": 180, "texture": "#2"}
			}
		},
		{
			"name": "d",
			"from": [1.1, 3.3, 4],
			"to": [1.4, 4.3, 5],
			"rotation": {"angle": 0, "axis": "x", "origin": [2, 3.5, 4.5]},
			"faces": {
				"north": {"uv": [10, 4, 9, 5], "rotation": 180, "texture": "#2"},
				"south": {"uv": [10, 4, 9, 5], "rotation": 180, "texture": "#2"},
				"west": {"uv": [9, 3, 8, 6], "rotation": 180, "texture": "#2"},
				"up": {"uv": [10, 4, 9, 5], "texture": "#2"}
			}
		},
		{
			"name": "d",
			"from": [1.1, 3, 3.7],
			"to": [1.4, 4, 4.7],
			"rotation": {"angle": 0, "axis": "x", "origin": [2, 3.5, 4.5]},
			"faces": {
				"north": {"uv": [10, 4, 9, 5], "rotation": 180, "texture": "#2"},
				"west": {"uv": [8, 6, 9, 3], "rotation": 270, "texture": "#2"},
				"up": {"uv": [10, 4, 9, 5], "rotation": 180, "texture": "#2"},
				"down": {"uv": [10, 4, 9, 5], "texture": "#2"}
			}
		},
		{
			"name": "d",
			"from": [1.1, 3, 3.7],
			"to": [1.4, 4, 4.7],
			"rotation": {"angle": -22.5, "axis": "x", "origin": [2, 3.5, 4.5]},
			"faces": {
				"north": {"uv": [10, 4, 9, 5], "rotation": 180, "texture": "#2"},
				"west": {"uv": [8, 6, 9, 3], "rotation": 270, "texture": "#2"},
				"up": {"uv": [10, 4, 9, 5], "rotation": 180, "texture": "#2"},
				"down": {"uv": [10, 4, 9, 5], "texture": "#2"}
			}
		},
		{
			"name": "d",
			"from": [1.1, 2.7, 4],
			"to": [1.4, 3.7, 5],
			"rotation": {"angle": 22.5, "axis": "x", "origin": [2, 3.5, 4.5]},
			"faces": {
				"north": {"uv": [10, 4, 9, 5], "texture": "#2"},
				"south": {"uv": [10, 4, 9, 5], "texture": "#2"},
				"west": {"uv": [9, 3, 8, 6], "texture": "#2"},
				"down": {"uv": [10, 4, 9, 5], "texture": "#2"}
			}
		},
		{
			"name": "d",
			"from": [1.1, 2.7, 4],
			"to": [1.4, 3.7, 5],
			"rotation": {"angle": 45, "axis": "x", "origin": [2, 3.5, 4.5]},
			"faces": {
				"north": {"uv": [10, 4, 9, 5], "texture": "#2"},
				"south": {"uv": [10, 4, 9, 5], "texture": "#2"},
				"west": {"uv": [9, 3, 8, 6], "texture": "#2"},
				"down": {"uv": [10, 4, 9, 5], "texture": "#2"}
			}
		},
		{
			"name": "d",
			"from": [1.4, 3, 3.5],
			"to": [3, 4, 5.5],
			"rotation": {"angle": 0, "axis": "x", "origin": [3, 3.5, 4.5]},
			"faces": {
				"north": {"uv": [11, 3, 9, 4], "rotation": 180, "texture": "#2"},
				"south": {"uv": [9, 4, 8, 5], "texture": "#2"},
				"west": {"uv": [9, 4, 11, 3], "rotation": 90, "texture": "#2"},
				"up": {"uv": [11, 3, 10, 4], "texture": "#2"},
				"down": {"uv": [10, 3, 9, 4], "rotation": 180, "texture": "#2"}
			}
		},
		{
			"name": "d",
			"from": [1.4, 2.5, 4],
			"to": [3, 4.5, 5],
			"rotation": {"angle": -45, "axis": "x", "origin": [3, 3.5, 4.5]},
			"faces": {
				"north": {"uv": [10, 3, 9, 4], "texture": "#2"},
				"east": {"uv": [11, 3, 10, 4], "texture": "#2"},
				"south": {"uv": [11, 3, 10, 4], "texture": "#2"},
				"west": {"uv": [11, 3, 9, 4], "texture": "#2"},
				"up": {"uv": [11, 3, 9, 4], "texture": "#2"},
				"down": {"uv": [9, 4, 8, 5], "texture": "#2"}
			}
		},
		{
			"name": "d",
			"from": [1.4, 2.5, 4],
			"to": [3, 4.5, 5],
			"rotation": {"angle": 45, "axis": "x", "origin": [3, 3.5, 4.5]},
			"faces": {
				"north": {"uv": [11, 3, 10, 4], "rotation": 180, "texture": "#2"},
				"east": {"uv": [11, 3, 10, 4], "rotation": 180, "texture": "#2"},
				"south": {"uv": [10, 3, 9, 4], "rotation": 180, "texture": "#2"},
				"west": {"uv": [11, 3, 9, 4], "rotation": 180, "texture": "#2"},
				"up": {"uv": [9, 4, 8, 5], "texture": "#2"},
				"down": {"uv": [11, 3, 9, 4], "texture": "#2"}
			}
		},
		{
			"name": "d",
			"from": [1.4, 2.5, 4],
			"to": [3, 4.5, 5],
			"rotation": {"angle": -22.5, "axis": "x", "origin": [3, 3.5, 4.5]},
			"faces": {
				"north": {"uv": [10, 3, 9, 4], "texture": "#2"},
				"south": {"uv": [11, 3, 10, 4], "texture": "#2"},
				"west": {"uv": [11, 3, 9, 4], "texture": "#2"},
				"up": {"uv": [11, 3, 9, 4], "texture": "#2"},
				"down": {"uv": [9, 4, 8, 5], "texture": "#2"}
			}
		},
		{
			"name": "d",
			"from": [1.4, 3, 3.5],
			"to": [3, 4, 5.5],
			"rotation": {"angle": -22.5, "axis": "x", "origin": [3, 3.5, 4.5]},
			"faces": {
				"north": {"uv": [11, 3, 9, 4], "rotation": 180, "texture": "#2"},
				"south": {"uv": [9, 4, 8, 5], "texture": "#2"},
				"west": {"uv": [9, 4, 11, 3], "rotation": 90, "texture": "#2"},
				"up": {"uv": [11, 3, 10, 4], "texture": "#2"},
				"down": {"uv": [10, 3, 9, 4], "rotation": 180, "texture": "#2"}
			}
		},
		{
			"name": "d",
			"from": [1.4, 3, 3.5],
			"to": [3, 4, 5.5],
			"rotation": {"angle": 22.5, "axis": "x", "origin": [3, 3.5, 4.5]},
			"faces": {
				"north": {"uv": [11, 3, 9, 4], "rotation": 180, "texture": "#2"},
				"south": {"uv": [9, 4, 8, 5], "texture": "#2"},
				"west": {"uv": [9, 4, 11, 3], "rotation": 90, "texture": "#2"},
				"up": {"uv": [11, 3, 10, 4], "texture": "#2"},
				"down": {"uv": [10, 3, 9, 4], "rotation": 180, "texture": "#2"}
			}
		},
		{
			"name": "d",
			"from": [1.4, 2.5, 4],
			"to": [3, 4.5, 5],
			"rotation": {"angle": 22.5, "axis": "x", "origin": [3, 3.5, 4.5]},
			"faces": {
				"north": {"uv": [11, 3, 10, 4], "rotation": 180, "texture": "#2"},
				"south": {"uv": [10, 3, 9, 4], "rotation": 180, "texture": "#2"},
				"west": {"uv": [11, 3, 9, 4], "rotation": 180, "texture": "#2"},
				"up": {"uv": [9, 4, 8, 5], "texture": "#2"},
				"down": {"uv": [11, 3, 9, 4], "texture": "#2"}
			}
		},
		{
			"name": "d",
			"from": [1.6, 3, 3],
			"to": [3, 4, 6],
			"rotation": {"angle": 0, "axis": "x", "origin": [3, 3.5, 4.5]},
			"faces": {
				"east": {"uv": [10, 4, 11, 3], "rotation": 270, "texture": "#2"},
				"west": {"uv": [9, 4, 11, 3], "rotation": 90, "texture": "#2"}
			}
		},
		{
			"name": "d",
			"from": [1.6, 3, 3],
			"to": [3, 4, 6],
			"rotation": {"angle": 45, "axis": "x", "origin": [3, 3.5, 4.5]},
			"faces": {
				"east": {"uv": [10, 4, 11, 3], "rotation": 270, "texture": "#2"},
				"west": {"uv": [9, 4, 11, 3], "rotation": 90, "texture": "#2"}
			}
		},
		{
			"name": "d",
			"from": [1.6, 3, 3],
			"to": [3, 4, 6],
			"rotation": {"angle": -45, "axis": "x", "origin": [3, 3.5, 4.5]},
			"faces": {
				"north": {"uv": [11, 3, 9, 4], "rotation": 180, "texture": "#2"},
				"east": {"uv": [10, 4, 11, 3], "rotation": 270, "texture": "#2"},
				"south": {"uv": [9, 4, 8, 5], "texture": "#2"},
				"west": {"uv": [9, 4, 11, 3], "rotation": 90, "texture": "#2"}
			}
		},
		{
			"name": "d",
			"from": [1.6, 2, 4],
			"to": [3, 5, 5],
			"rotation": {"angle": -22.5, "axis": "x", "origin": [3, 3.5, 4.5]},
			"faces": {
				"east": {"uv": [11, 3, 10, 4], "texture": "#2"},
				"west": {"uv": [11, 3, 9, 4], "texture": "#2"}
			}
		},
		{
			"name": "d",
			"from": [1.6, 3, 3],
			"to": [3, 4, 6],
			"rotation": {"angle": -22.5, "axis": "x", "origin": [3, 3.5, 4.5]},
			"faces": {
				"east": {"uv": [10, 4, 11, 3], "rotation": 270, "texture": "#2"},
				"west": {"uv": [9, 4, 11, 3], "rotation": 90, "texture": "#2"}
			}
		},
		{
			"name": "d",
			"from": [1.6, 3, 3],
			"to": [3, 4, 6],
			"rotation": {"angle": 22.5, "axis": "x", "origin": [3, 3.5, 4.5]},
			"faces": {
				"east": {"uv": [10, 4, 11, 3], "rotation": 270, "texture": "#2"},
				"west": {"uv": [9, 4, 11, 3], "rotation": 90, "texture": "#2"}
			}
		},
		{
			"name": "d",
			"from": [1.6, 2, 4],
			"to": [3, 5, 5],
			"rotation": {"angle": 22.5, "axis": "x", "origin": [3, 3.5, 4.5]},
			"faces": {
				"east": {"uv": [11, 3, 10, 4], "rotation": 180, "texture": "#2"},
				"west": {"uv": [11, 3, 9, 4], "rotation": 180, "texture": "#2"}
			}
		},
		{
			"name": "d",
			"from": [1.6, 1.5, 3.5],
			"to": [3, 2, 5.5],
			"rotation": {"angle": 0, "axis": "x", "origin": [3, 3.5, 4.5]},
			"faces": {
				"east": {"uv": [11, 2, 9, 3], "rotation": 180, "texture": "#2"},
				"west": {"uv": [11, 2, 9, 3], "rotation": 180, "texture": "#2"}
			}
		},
		{
			"name": "d",
			"from": [1.6, 2.5, 2.5],
			"to": [3, 4.5, 3],
			"rotation": {"angle": 0, "axis": "x", "origin": [3, 3.5, 4.5]},
			"faces": {
				"east": {"uv": [9, 3, 11, 2], "rotation": 270, "texture": "#2"},
				"west": {"uv": [9, 3, 11, 2], "rotation": 90, "texture": "#2"}
			}
		},
		{
			"name": "d",
			"from": [1.6, 2.5, 6],
			"to": [3, 4.5, 6.5],
			"rotation": {"angle": 0, "axis": "x", "origin": [3, 3.5, 4.5]},
			"faces": {
				"east": {"uv": [9, 3, 11, 2], "rotation": 90, "texture": "#2"},
				"west": {"uv": [9, 3, 11, 2], "rotation": 270, "texture": "#2"}
			}
		},
		{
			"name": "d",
			"from": [1.6, 2.5, 2.5],
			"to": [3, 4.5, 3],
			"rotation": {"angle": 45, "axis": "x", "origin": [3, 3.5, 4.5]},
			"faces": {
				"east": {"uv": [9, 3, 11, 2], "rotation": 270, "texture": "#2"},
				"west": {"uv": [9, 3, 11, 2], "rotation": 90, "texture": "#2"}
			}
		},
		{
			"name": "d",
			"from": [1.6, 2.5, 6],
			"to": [3, 4.5, 6.5],
			"rotation": {"angle": 45, "axis": "x", "origin": [3, 3.5, 4.5]},
			"faces": {
				"east": {"uv": [9, 3, 11, 2], "rotation": 90, "texture": "#2"},
				"west": {"uv": [9, 3, 11, 2], "rotation": 270, "texture": "#2"}
			}
		},
		{
			"name": "d",
			"from": [1.6, 1.5, 3.5],
			"to": [3, 2, 5.5],
			"rotation": {"angle": 45, "axis": "x", "origin": [3, 3.5, 4.5]},
			"faces": {
				"east": {"uv": [11, 2, 9, 3], "rotation": 180, "texture": "#2"},
				"west": {"uv": [11, 2, 9, 3], "rotation": 180, "texture": "#2"}
			}
		},
		{
			"name": "d",
			"from": [1.6, 5, 3.5],
			"to": [3, 5.5, 5.5],
			"rotation": {"angle": 45, "axis": "x", "origin": [3, 3.5, 4.5]},
			"faces": {
				"east": {"uv": [11, 2, 9, 3], "texture": "#2"},
				"west": {"uv": [11, 2, 9, 3], "texture": "#2"}
			}
		},
		{
			"name": "d",
			"from": [1.58, 5, 3.5],
			"to": [3, 5.5, 5.5],
			"rotation": {"angle": -22.5, "axis": "x", "origin": [3, 3.5, 4.5]},
			"faces": {
				"east": {"uv": [10, 2, 8, 3], "texture": "#2"},
				"west": {"uv": [10, 2, 8, 3], "texture": "#2"},
				"down": {"uv": [10, 2, 8, 3], "texture": "#2"}
			}
		},
		{
			"name": "d",
			"from": [1.58, 1.5, 3.5],
			"to": [3, 2, 5.5],
			"rotation": {"angle": -22.5, "axis": "x", "origin": [3, 3.5, 4.5]},
			"faces": {
				"east": {"uv": [10, 2, 8, 3], "rotation": 180, "texture": "#2"},
				"west": {"uv": [10, 2, 8, 3], "rotation": 180, "texture": "#2"},
				"up": {"uv": [10, 2, 8, 3], "texture": "#2"}
			}
		},
		{
			"name": "d",
			"from": [1.58, 2.5, 2.5],
			"to": [3, 4.5, 3],
			"rotation": {"angle": -22.5, "axis": "x", "origin": [3, 3.5, 4.5]},
			"faces": {
				"east": {"uv": [8, 3, 10, 2], "rotation": 270, "texture": "#2"},
				"south": {"uv": [10, 2, 8, 3], "texture": "#2"},
				"west": {"uv": [8, 3, 10, 2], "rotation": 90, "texture": "#2"}
			}
		},
		{
			"name": "d",
			"from": [1.58, 2.5, 6],
			"to": [3, 4.5, 6.5],
			"rotation": {"angle": -22.5, "axis": "x", "origin": [3, 3.5, 4.5]},
			"faces": {
				"north": {"uv": [10, 2, 8, 3], "rotation": 180, "texture": "#2"},
				"east": {"uv": [8, 3, 10, 2], "rotation": 90, "texture": "#2"},
				"west": {"uv": [8, 3, 10, 2], "rotation": 270, "texture": "#2"}
			}
		},
		{
			"name": "d",
			"from": [1.58, 2.5, 2.5],
			"to": [3, 4.5, 3],
			"rotation": {"angle": 22.5, "axis": "x", "origin": [3, 3.5, 4.5]},
			"faces": {
				"east": {"uv": [8, 3, 10, 2], "rotation": 270, "texture": "#2"},
				"south": {"uv": [10, 2, 8, 3], "texture": "#2"},
				"west": {"uv": [8, 3, 10, 2], "rotation": 90, "texture": "#2"}
			}
		},
		{
			"name": "d",
			"from": [1.58, 2.5, 6],
			"to": [3, 4.5, 6.5],
			"rotation": {"angle": 22.5, "axis": "x", "origin": [3, 3.5, 4.5]},
			"faces": {
				"north": {"uv": [10, 2, 8, 3], "rotation": 180, "texture": "#2"},
				"east": {"uv": [8, 3, 10, 2], "rotation": 90, "texture": "#2"},
				"west": {"uv": [8, 3, 10, 2], "rotation": 270, "texture": "#2"}
			}
		},
		{
			"name": "d",
			"from": [1.58, 1.5, 3.5],
			"to": [3, 2, 5.5],
			"rotation": {"angle": 22.5, "axis": "x", "origin": [3, 3.5, 4.5]},
			"faces": {
				"east": {"uv": [10, 2, 8, 3], "rotation": 180, "texture": "#2"},
				"west": {"uv": [10, 2, 8, 3], "rotation": 180, "texture": "#2"},
				"up": {"uv": [10, 2, 8, 3], "texture": "#2"}
			}
		},
		{
			"name": "d",
			"from": [1.58, 5, 3.5],
			"to": [3, 5.5, 5.5],
			"rotation": {"angle": 22.5, "axis": "x", "origin": [3, 3.5, 4.5]},
			"faces": {
				"east": {"uv": [10, 2, 8, 3], "texture": "#2"},
				"west": {"uv": [10, 2, 8, 3], "texture": "#2"},
				"down": {"uv": [10, 2, 8, 3], "texture": "#2"}
			}
		},
		{
			"name": "d",
			"from": [0.96, 1, 3.5],
			"to": [3, 1.5, 5.5],
			"rotation": {"angle": 0, "axis": "x", "origin": [3, 3.5, 4.5]},
			"faces": {
				"north": {"uv": [10, 2, 9, 3], "rotation": 180, "texture": "#2"},
				"east": {"uv": [11, 2, 9, 3], "rotation": 180, "texture": "#2"},
				"south": {"uv": [11, 2, 10, 3], "rotation": 180, "texture": "#2"},
				"west": {"uv": [11, 2, 9, 3], "rotation": 180, "texture": "#2"},
				"up": {"uv": [11, 2, 9, 3], "texture": "#2"},
				"down": {"uv": [11, 2, 9, 3], "texture": "#2"}
			}
		},
		{
			"name": "d",
			"from": [0.96, 2.5, 2],
			"to": [3, 4.5, 2.5],
			"rotation": {"angle": 0, "axis": "x", "origin": [3, 3.5, 4.5]},
			"faces": {
				"north": {"uv": [11, 2, 9, 3], "rotation": 180, "texture": "#2"},
				"east": {"uv": [9, 3, 11, 2], "rotation": 270, "texture": "#2"},
				"south": {"uv": [11, 2, 9, 3], "texture": "#2"},
				"west": {"uv": [9, 3, 11, 2], "rotation": 90, "texture": "#2"},
				"up": {"uv": [10, 2, 9, 3], "texture": "#2"},
				"down": {"uv": [11, 2, 10, 3], "rotation": 180, "texture": "#2"}
			}
		},
		{
			"name": "d",
			"from": [0.96, 2.5, 6.5],
			"to": [3, 4.5, 7],
			"rotation": {"angle": 0, "axis": "x", "origin": [3, 3.5, 4.5]},
			"faces": {
				"north": {"uv": [11, 2, 9, 3], "rotation": 180, "texture": "#2"},
				"east": {"uv": [9, 3, 11, 2], "rotation": 90, "texture": "#2"},
				"south": {"uv": [11, 2, 9, 3], "texture": "#2"},
				"west": {"uv": [9, 3, 11, 2], "rotation": 270, "texture": "#2"},
				"up": {"uv": [11, 2, 10, 3], "rotation": 180, "texture": "#2"},
				"down": {"uv": [10, 2, 9, 3], "texture": "#2"}
			}
		},
		{
			"name": "d",
			"from": [0.96, 2.5, 2],
			"to": [3, 4.5, 2.5],
			"rotation": {"angle": 45, "axis": "x", "origin": [3, 3.5, 4.5]},
			"faces": {
				"north": {"uv": [11, 2, 9, 3], "rotation": 180, "texture": "#2"},
				"east": {"uv": [9, 3, 11, 2], "rotation": 270, "texture": "#2"},
				"south": {"uv": [11, 2, 9, 3], "texture": "#2"},
				"west": {"uv": [9, 3, 11, 2], "rotation": 90, "texture": "#2"},
				"up": {"uv": [10, 2, 9, 3], "texture": "#2"},
				"down": {"uv": [11, 2, 10, 3], "rotation": 180, "texture": "#2"}
			}
		},
		{
			"name": "d",
			"from": [0.96, 1, 3.5],
			"to": [3, 1.5, 5.5],
			"rotation": {"angle": -45, "axis": "x", "origin": [3, 3.5, 4.5]},
			"faces": {
				"north": {"uv": [10, 2, 9, 3], "rotation": 180, "texture": "#2"},
				"east": {"uv": [11, 2, 9, 3], "rotation": 180, "texture": "#2"},
				"south": {"uv": [11, 2, 10, 3], "rotation": 180, "texture": "#2"},
				"west": {"uv": [11, 2, 9, 3], "rotation": 180, "texture": "#2"},
				"up": {"uv": [11, 2, 9, 3], "texture": "#2"},
				"down": {"uv": [11, 2, 9, 3], "texture": "#2"}
			}
		},
		{
			"name": "d",
			"from": [0.96, 1, 3.5],
			"to": [3, 1.5, 5.5],
			"rotation": {"angle": 45, "axis": "x", "origin": [3, 3.5, 4.5]},
			"faces": {
				"north": {"uv": [10, 2, 9, 3], "rotation": 180, "texture": "#2"},
				"east": {"uv": [11, 2, 9, 3], "rotation": 180, "texture": "#2"},
				"south": {"uv": [11, 2, 10, 3], "rotation": 180, "texture": "#2"},
				"west": {"uv": [11, 2, 9, 3], "rotation": 180, "texture": "#2"},
				"up": {"uv": [11, 2, 9, 3], "texture": "#2"},
				"down": {"uv": [11, 2, 9, 3], "texture": "#2"}
			}
		},
		{
			"name": "d",
			"from": [0.96, 2.5, 6.5],
			"to": [3, 4.5, 7],
			"rotation": {"angle": -45, "axis": "x", "origin": [3, 3.5, 4.5]},
			"faces": {
				"north": {"uv": [11, 2, 9, 3], "rotation": 180, "texture": "#2"},
				"east": {"uv": [9, 3, 11, 2], "rotation": 90, "texture": "#2"},
				"south": {"uv": [11, 2, 9, 3], "texture": "#2"},
				"west": {"uv": [9, 3, 11, 2], "rotation": 270, "texture": "#2"},
				"up": {"uv": [11, 2, 10, 3], "rotation": 180, "texture": "#2"},
				"down": {"uv": [10, 2, 9, 3], "texture": "#2"}
			}
		},
		{
			"name": "d",
			"from": [0.98, 5.5, 3.5],
			"to": [3, 6, 5.5],
			"rotation": {"angle": -22.5, "axis": "x", "origin": [3, 3.5, 4.5]},
			"faces": {
				"north": {"uv": [10, 2, 9, 3], "texture": "#2"},
				"east": {"uv": [10, 2, 8, 3], "texture": "#2"},
				"south": {"uv": [11, 2, 10, 3], "texture": "#2"},
				"west": {"uv": [10, 2, 8, 3], "texture": "#2"},
				"up": {"uv": [10, 2, 8, 3], "texture": "#2"},
				"down": {"uv": [10, 2, 8, 3], "texture": "#2"}
			}
		},
		{
			"name": "d",
			"from": [0.98, 1, 3.5],
			"to": [3, 1.5, 5.5],
			"rotation": {"angle": -22.5, "axis": "x", "origin": [3, 3.5, 4.5]},
			"faces": {
				"north": {"uv": [11, 2, 10, 3], "rotation": 180, "texture": "#2"},
				"east": {"uv": [10, 2, 8, 3], "rotation": 180, "texture": "#2"},
				"south": {"uv": [10, 2, 9, 3], "rotation": 180, "texture": "#2"},
				"west": {"uv": [10, 2, 8, 3], "rotation": 180, "texture": "#2"},
				"up": {"uv": [10, 2, 8, 3], "texture": "#2"},
				"down": {"uv": [10, 2, 8, 3], "texture": "#2"}
			}
		},
		{
			"name": "d",
			"from": [0.98, 2.5, 2],
			"to": [3, 4.5, 2.5],
			"rotation": {"angle": -22.5, "axis": "x", "origin": [3, 3.5, 4.5]},
			"faces": {
				"north": {"uv": [10, 2, 8, 3], "rotation": 180, "texture": "#2"},
				"east": {"uv": [8, 3, 10, 2], "rotation": 270, "texture": "#2"},
				"south": {"uv": [10, 2, 8, 3], "texture": "#2"},
				"west": {"uv": [8, 3, 10, 2], "rotation": 90, "texture": "#2"},
				"up": {"uv": [11, 2, 10, 3], "texture": "#2"},
				"down": {"uv": [10, 2, 9, 3], "rotation": 180, "texture": "#2"}
			}
		},
		{
			"name": "d",
			"from": [0.98, 2.5, 6.5],
			"to": [3, 4.5, 7],
			"rotation": {"angle": -22.5, "axis": "x", "origin": [3, 3.5, 4.5]},
			"faces": {
				"north": {"uv": [10, 2, 8, 3], "rotation": 180, "texture": "#2"},
				"east": {"uv": [8, 3, 10, 2], "rotation": 90, "texture": "#2"},
				"south": {"uv": [10, 2, 8, 3], "texture": "#2"},
				"west": {"uv": [8, 3, 10, 2], "rotation": 270, "texture": "#2"},
				"up": {"uv": [10, 2, 9, 3], "rotation": 180, "texture": "#2"},
				"down": {"uv": [11, 2, 10, 3], "texture": "#2"}
			}
		},
		{
			"name": "d",
			"from": [0.98, 2.5, 2],
			"to": [3, 4.5, 2.5],
			"rotation": {"angle": 22.5, "axis": "x", "origin": [3, 3.5, 4.5]},
			"faces": {
				"north": {"uv": [10, 2, 8, 3], "rotation": 180, "texture": "#2"},
				"east": {"uv": [8, 3, 10, 2], "rotation": 270, "texture": "#2"},
				"south": {"uv": [10, 2, 8, 3], "texture": "#2"},
				"west": {"uv": [8, 3, 10, 2], "rotation": 90, "texture": "#2"},
				"up": {"uv": [11, 2, 10, 3], "texture": "#2"},
				"down": {"uv": [10, 2, 9, 3], "rotation": 180, "texture": "#2"}
			}
		},
		{
			"name": "d",
			"from": [0.98, 2.5, 6.5],
			"to": [3, 4.5, 7],
			"rotation": {"angle": 22.5, "axis": "x", "origin": [3, 3.5, 4.5]},
			"faces": {
				"north": {"uv": [10, 2, 8, 3], "rotation": 180, "texture": "#2"},
				"east": {"uv": [8, 3, 10, 2], "rotation": 90, "texture": "#2"},
				"south": {"uv": [10, 2, 8, 3], "texture": "#2"},
				"west": {"uv": [8, 3, 10, 2], "rotation": 270, "texture": "#2"},
				"up": {"uv": [10, 2, 9, 3], "rotation": 180, "texture": "#2"},
				"down": {"uv": [11, 2, 10, 3], "texture": "#2"}
			}
		},
		{
			"name": "d",
			"from": [0.98, 1, 3.5],
			"to": [3, 1.5, 5.5],
			"rotation": {"angle": 22.5, "axis": "x", "origin": [3, 3.5, 4.5]},
			"faces": {
				"north": {"uv": [11, 2, 10, 3], "rotation": 180, "texture": "#2"},
				"east": {"uv": [10, 2, 8, 3], "rotation": 180, "texture": "#2"},
				"south": {"uv": [10, 2, 9, 3], "rotation": 180, "texture": "#2"},
				"west": {"uv": [10, 2, 8, 3], "rotation": 180, "texture": "#2"},
				"up": {"uv": [10, 2, 8, 3], "texture": "#2"},
				"down": {"uv": [10, 2, 8, 3], "texture": "#2"}
			}
		},
		{
			"name": "d",
			"from": [0.98, 5.5, 3.5],
			"to": [3, 6, 5.5],
			"rotation": {"angle": 22.5, "axis": "x", "origin": [3, 3.5, 4.5]},
			"faces": {
				"north": {"uv": [10, 2, 9, 3], "texture": "#2"},
				"east": {"uv": [10, 2, 8, 3], "texture": "#2"},
				"south": {"uv": [11, 2, 10, 3], "texture": "#2"},
				"west": {"uv": [10, 2, 8, 3], "texture": "#2"},
				"up": {"uv": [10, 2, 8, 3], "texture": "#2"},
				"down": {"uv": [10, 2, 8, 3], "texture": "#2"}
			}
		},
		{
			"name": "d",
			"from": [1, 6, 3.5],
			"to": [3, 7, 5.5],
			"rotation": {"angle": 45, "axis": "x", "origin": [3, 3.5, 4.5]},
			"faces": {
				"north": {"uv": [4, 0, 0, 6], "texture": "#2"},
				"east": {"uv": [1, 0, 0, 1], "texture": "#2"},
				"south": {"uv": [4, 0, 0, 6], "texture": "#2"},
				"west": {"uv": [1, 0, 0, 1], "texture": "#2"},
				"up": {"uv": [4, 0, 0, 6], "texture": "#2"}
			}
		},
		{
			"name": "d",
			"from": [1, 6, 3.5],
			"to": [3, 7, 5.5],
			"rotation": {"angle": 22.5, "axis": "x", "origin": [3, 3.5, 4.5]},
			"faces": {
				"north": {"uv": [4, 0, 0, 6], "texture": "#2"},
				"east": {"uv": [1, 0, 0, 1], "texture": "#2"},
				"south": {"uv": [4, 0, 0, 6], "texture": "#2"},
				"west": {"uv": [1, 0, 0, 1], "texture": "#2"},
				"up": {"uv": [4, 0, 0, 6], "texture": "#2"}
			}
		},
		{
			"name": "d",
			"from": [1, 2.5, 7],
			"to": [3, 4.5, 8],
			"rotation": {"angle": -22.5, "axis": "x", "origin": [3, 3.5, 4.5]},
			"faces": {
				"east": {"uv": [0, 1, 1, 0], "rotation": 90, "texture": "#2"},
				"south": {"uv": [4, 0, 0, 6], "texture": "#2"},
				"west": {"uv": [0, 1, 1, 0], "rotation": 270, "texture": "#2"},
				"up": {"uv": [4, 0, 0, 6], "rotation": 180, "texture": "#2"},
				"down": {"uv": [4, 0, 0, 6], "texture": "#2"}
			}
		},
		{
			"name": "d",
			"from": [1, 2.5, 7],
			"to": [3, 4.5, 8],
			"rotation": {"angle": 0, "axis": "x", "origin": [3, 3.5, 4.5]},
			"faces": {
				"east": {"uv": [0, 1, 1, 0], "rotation": 90, "texture": "#2"},
				"south": {"uv": [4, 0, 0, 6], "texture": "#2"},
				"west": {"uv": [0, 1, 1, 0], "rotation": 270, "texture": "#2"},
				"up": {"uv": [4, 0, 0, 6], "rotation": 180, "texture": "#2"},
				"down": {"uv": [4, 0, 0, 6], "texture": "#2"}
			}
		},
		{
			"name": "d",
			"from": [1, 2.5, 7],
			"to": [3, 4.5, 8],
			"rotation": {"angle": 45, "axis": "x", "origin": [3, 3.5, 4.5]},
			"faces": {
				"east": {"uv": [0, 1, 1, 0], "rotation": 90, "texture": "#2"},
				"south": {"uv": [4, 0, 0, 6], "texture": "#2"},
				"west": {"uv": [0, 1, 1, 0], "rotation": 270, "texture": "#2"},
				"up": {"uv": [4, 0, 0, 6], "rotation": 180, "texture": "#2"},
				"down": {"uv": [4, 0, 0, 6], "texture": "#2"}
			}
		},
		{
			"name": "d",
			"from": [1, 2.5, 7],
			"to": [3, 4.5, 8],
			"rotation": {"angle": 22.5, "axis": "x", "origin": [3, 3.5, 4.5]},
			"faces": {
				"east": {"uv": [0, 1, 1, 0], "rotation": 90, "texture": "#2"},
				"south": {"uv": [4, 0, 0, 6], "texture": "#2"},
				"west": {"uv": [0, 1, 1, 0], "rotation": 270, "texture": "#2"},
				"up": {"uv": [4, 0, 0, 6], "rotation": 180, "texture": "#2"},
				"down": {"uv": [4, 0, 0, 6], "texture": "#2"}
			}
		},
		{
			"name": "d",
			"from": [1, 0, 3.5],
			"to": [3, 1, 5.5],
			"rotation": {"angle": -22.5, "axis": "x", "origin": [3, 3.5, 4.5]},
			"faces": {
				"north": {"uv": [4, 0, 0, 6], "rotation": 180, "texture": "#2"},
				"east": {"uv": [1, 0, 0, 1], "rotation": 180, "texture": "#2"},
				"south": {"uv": [4, 0, 0, 6], "rotation": 180, "texture": "#2"},
				"west": {"uv": [1, 0, 0, 1], "rotation": 180, "texture": "#2"},
				"down": {"uv": [4, 0, 0, 6], "texture": "#2"}
			}
		},
		{
			"name": "d",
			"from": [1, 0, 3.5],
			"to": [3, 1, 5.5],
			"rotation": {"angle": 0, "axis": "x", "origin": [3, 3.5, 4.5]},
			"faces": {
				"north": {"uv": [4, 0, 0, 6], "rotation": 180, "texture": "#2"},
				"east": {"uv": [1, 0, 0, 1], "rotation": 180, "texture": "#2"},
				"south": {"uv": [4, 0, 0, 6], "rotation": 180, "texture": "#2"},
				"west": {"uv": [1, 0, 0, 1], "rotation": 180, "texture": "#2"},
				"down": {"uv": [4, 0, 0, 6], "texture": "#2"}
			}
		},
		{
			"name": "d",
			"from": [1, 0, 3.5],
			"to": [3, 1, 5.5],
			"rotation": {"angle": 22.5, "axis": "x", "origin": [3, 3.5, 4.5]},
			"faces": {
				"north": {"uv": [4, 0, 0, 6], "rotation": 180, "texture": "#2"},
				"east": {"uv": [1, 0, 0, 1], "rotation": 180, "texture": "#2"},
				"south": {"uv": [4, 0, 0, 6], "rotation": 180, "texture": "#2"},
				"west": {"uv": [1, 0, 0, 1], "rotation": 180, "texture": "#2"},
				"down": {"uv": [4, 0, 0, 6], "texture": "#2"}
			}
		},
		{
			"name": "d",
			"from": [1, 0, 3.5],
			"to": [3, 1, 5.5],
			"rotation": {"angle": 45, "axis": "x", "origin": [3, 3.5, 4.5]},
			"faces": {
				"north": {"uv": [4, 0, 0, 6], "rotation": 180, "texture": "#2"},
				"east": {"uv": [1, 0, 0, 1], "rotation": 180, "texture": "#2"},
				"south": {"uv": [4, 0, 0, 6], "rotation": 180, "texture": "#2"},
				"west": {"uv": [1, 0, 0, 1], "rotation": 180, "texture": "#2"},
				"down": {"uv": [4, 0, 0, 6], "texture": "#2"}
			}
		},
		{
			"name": "d",
			"from": [1, 2.5, 1],
			"to": [3, 4.5, 2],
			"rotation": {"angle": -22.5, "axis": "x", "origin": [3, 3.5, 4.5]},
			"faces": {
				"north": {"uv": [4, 0, 0, 6], "rotation": 180, "texture": "#2"},
				"east": {"uv": [0, 1, 1, 0], "rotation": 270, "texture": "#2"},
				"west": {"uv": [0, 1, 1, 0], "rotation": 90, "texture": "#2"},
				"up": {"uv": [4, 0, 0, 6], "texture": "#2"},
				"down": {"uv": [4, 0, 0, 6], "rotation": 180, "texture": "#2"}
			}
		},
		{
			"name": "d",
			"from": [1, 2.5, 1],
			"to": [3, 4.5, 2],
			"rotation": {"angle": 22.5, "axis": "x", "origin": [3, 3.5, 4.5]},
			"faces": {
				"north": {"uv": [4, 0, 0, 6], "rotation": 180, "texture": "#2"},
				"east": {"uv": [0, 1, 1, 0], "rotation": 270, "texture": "#2"},
				"west": {"uv": [0, 1, 1, 0], "rotation": 90, "texture": "#2"},
				"up": {"uv": [4, 0, 0, 6], "texture": "#2"},
				"down": {"uv": [4, 0, 0, 6], "rotation": 180, "texture": "#2"}
			}
		},
		{
			"name": "d",
			"from": [1, 6, 3.5],
			"to": [3, 7, 5.5],
			"rotation": {"angle": -45, "axis": "x", "origin": [3, 3.5, 4.5]},
			"faces": {
				"north": {"uv": [4, 0, 0, 6], "texture": "#2"},
				"east": {"uv": [1, 0, 0, 1], "texture": "#2"},
				"south": {"uv": [4, 0, 0, 6], "texture": "#2"},
				"west": {"uv": [1, 0, 0, 1], "texture": "#2"},
				"up": {"uv": [4, 0, 0, 6], "texture": "#2"}
			}
		},
		{
			"name": "d",
			"from": [1, 2.5, 1],
			"to": [3, 4.5, 2],
			"rotation": {"angle": 0, "axis": "x", "origin": [3, 3.5, 4.5]},
			"faces": {
				"north": {"uv": [4, 0, 0, 6], "rotation": 180, "texture": "#2"},
				"east": {"uv": [0, 1, 1, 0], "rotation": 270, "texture": "#2"},
				"west": {"uv": [0, 1, 1, 0], "rotation": 90, "texture": "#2"},
				"up": {"uv": [4, 0, 0, 6], "texture": "#2"},
				"down": {"uv": [4, 0, 0, 6], "rotation": 180, "texture": "#2"}
			}
		},
		{
			"name": "d",
			"from": [1, 0, 17],
			"to": [3, 6, 23],
			"rotation": {"angle": 0, "axis": "y", "origin": [3, 3, 12]},
			"faces": {
				"north": {"uv": [0, 0, 4, 6], "texture": "#4"},
				"east": {"uv": [0, 6, 4, 10], "texture": "#4"},
				"south": {"uv": [0, 0, 4, 6], "texture": "#4"},
				"west": {"uv": [4, 0, 16, 12], "texture": "#4"},
				"up": {"uv": [0, 0, 4, 6], "rotation": 180, "texture": "#4"},
				"down": {"uv": [0, 0, 4, 6], "rotation": 180, "texture": "#4"}
			}
		},
		{
			"name": "d",
			"from": [8.7, 3, 11],
			"to": [11, 5, 13],
			"rotation": {"angle": 0, "axis": "y", "origin": [9, 4, 12]},
			"faces": {
				"north": {"uv": [10, 5, 9, 6], "texture": "#2"},
				"east": {"uv": [3, 7, 1, 9], "texture": "#2"},
				"south": {"uv": [11, 5, 10, 6], "texture": "#2"},
				"west": {"uv": [8, 4, 12, 8], "texture": "#2"},
				"up": {"uv": [11, 5, 10, 6], "texture": "#2"},
				"down": {"uv": [11, 6, 10, 7], "texture": "#2"}
			}
		},
		{
			"name": "d",
			"from": [8.85, 2, 10],
			"to": [10.85, 6, 14],
			"rotation": {"angle": 0, "axis": "y", "origin": [9, 4, 13]},
			"faces": {
				"north": {"uv": [10, 5, 9, 6], "texture": "#2"},
				"south": {"uv": [11, 5, 10, 6], "texture": "#2"},
				"west": {"uv": [6, 2, 14, 10], "texture": "#2"},
				"up": {"uv": [11, 5, 10, 6], "texture": "#2"},
				"down": {"uv": [11, 6, 10, 7], "texture": "#2"}
			}
		},
		{
			"name": "d",
			"from": [9, 3, 9],
			"to": [11, 5, 11],
			"rotation": {"angle": 0, "axis": "y", "origin": [9, 4, 12]},
			"faces": {
				"east": {"uv": [2, 7, 0, 9], "texture": "#2"},
				"west": {"uv": [16, 4, 12, 8], "texture": "#2"}
			}
		},
		{
			"name": "d",
			"from": [9, 1.5, 10],
			"to": [11, 3, 11],
			"rotation": {"angle": 0, "axis": "y", "origin": [9, 4, 12]},
			"faces": {
				"east": {"uv": [2, 8, 0, 10], "texture": "#2"},
				"west": {"uv": [14, 8, 12, 11], "texture": "#2"}
			}
		},
		{
			"name": "d",
			"from": [9, 2, 9.5],
			"to": [11, 3, 10],
			"rotation": {"angle": 0, "axis": "y", "origin": [9, 4, 12]},
			"faces": {
				"east": {"uv": [1, 9, 0, 10], "texture": "#2"},
				"west": {"uv": [15, 8, 14, 10], "texture": "#2"}
			}
		},
		{
			"name": "d",
			"from": [9, 1, 11],
			"to": [11, 3, 13],
			"rotation": {"angle": 0, "axis": "y", "origin": [9, 4, 12]},
			"faces": {
				"east": {"uv": [3, 8, 1, 10], "texture": "#2"},
				"west": {"uv": [12, 8, 8, 12], "texture": "#2"}
			}
		},
		{
			"name": "d",
			"from": [9, 1.5, 13],
			"to": [11, 3, 14],
			"rotation": {"angle": 0, "axis": "y", "origin": [9, 4, 12]},
			"faces": {
				"east": {"uv": [4, 8, 2, 10], "texture": "#2"},
				"west": {"uv": [8, 8, 6, 11], "texture": "#2"}
			}
		},
		{
			"name": "d",
			"from": [9, 2, 14],
			"to": [11, 3, 14.5],
			"rotation": {"angle": 0, "axis": "y", "origin": [9, 4, 12]},
			"faces": {
				"east": {"uv": [4, 9, 3, 10], "texture": "#2"},
				"west": {"uv": [6, 8, 5, 10], "texture": "#2"}
			}
		},
		{
			"name": "d",
			"from": [9, 3, 13],
			"to": [11, 5, 15],
			"rotation": {"angle": 0, "axis": "y", "origin": [9, 4, 12]},
			"faces": {
				"east": {"uv": [4, 7, 2, 9], "texture": "#2"},
				"west": {"uv": [8, 4, 4, 8], "texture": "#2"}
			}
		},
		{
			"name": "d",
			"from": [9, 5, 14],
			"to": [11, 6, 14.5],
			"rotation": {"angle": 0, "axis": "y", "origin": [9, 4, 12]},
			"faces": {
				"east": {"uv": [4, 6, 3, 7], "texture": "#2"},
				"west": {"uv": [6, 2, 5, 4], "texture": "#2"}
			}
		},
		{
			"name": "d",
			"from": [9, 5, 13],
			"to": [11, 6.5, 14],
			"rotation": {"angle": 0, "axis": "y", "origin": [9, 4, 12]},
			"faces": {
				"east": {"uv": [4, 6, 2, 8], "texture": "#2"},
				"west": {"uv": [8, 1, 6, 4], "texture": "#2"}
			}
		},
		{
			"name": "d",
			"from": [9, 5, 11],
			"to": [11, 7, 13],
			"rotation": {"angle": 0, "axis": "y", "origin": [9, 4, 12]},
			"faces": {
				"east": {"uv": [3, 6, 1, 8], "texture": "#2"},
				"west": {"uv": [12, 0, 8, 4], "texture": "#2"}
			}
		},
		{
			"name": "d",
			"from": [9, 7, 11],
			"to": [11, 8, 13],
			"rotation": {"angle": 0, "axis": "y", "origin": [9, 4, 12]},
			"faces": {
				"north": {"uv": [4, 0, 0, 6], "texture": "#2"},
				"east": {"uv": [9, 1, 8, 0], "texture": "#2"},
				"south": {"uv": [4, 0, 0, 6], "texture": "#2"},
				"west": {"uv": [7, 1, 6, 0], "texture": "#2"},
				"up": {"uv": [4, 0, 0, 6], "texture": "#2"}
			}
		},
		{
			"name": "d",
			"from": [9, 0, 11],
			"to": [11, 1, 13],
			"rotation": {"angle": 0, "axis": "y", "origin": [9, 4, 12]},
			"faces": {
				"north": {"uv": [4, 0, 0, 6], "rotation": 180, "texture": "#2"},
				"east": {"uv": [9, 1, 8, 0], "rotation": 180, "texture": "#2"},
				"south": {"uv": [4, 0, 0, 6], "rotation": 180, "texture": "#2"},
				"west": {"uv": [7, 1, 6, 0], "rotation": 180, "texture": "#2"},
				"down": {"uv": [4, 0, 0, 6], "texture": "#2"}
			}
		},
		{
			"name": "d",
			"from": [9, 3, 15],
			"to": [11, 5, 16],
			"rotation": {"angle": 0, "axis": "y", "origin": [9, 4, 12]},
			"faces": {
				"east": {"uv": [9, 1, 8, 0], "rotation": 270, "texture": "#2"},
				"south": {"uv": [4, 0, 0, 6], "texture": "#2"},
				"west": {"uv": [7, 1, 6, 0], "rotation": 90, "texture": "#2"},
				"up": {"uv": [4, 0, 0, 6], "rotation": 180, "texture": "#2"},
				"down": {"uv": [4, 0, 0, 6], "texture": "#2"}
			}
		},
		{
			"name": "d",
			"from": [9, 3, 8],
			"to": [11, 5, 9],
			"rotation": {"angle": 0, "axis": "y", "origin": [9, 4, 12]},
			"faces": {
				"north": {"uv": [4, 0, 0, 6], "rotation": 180, "texture": "#2"},
				"east": {"uv": [9, 1, 8, 0], "rotation": 90, "texture": "#2"},
				"west": {"uv": [7, 1, 6, 0], "rotation": 270, "texture": "#2"},
				"up": {"uv": [4, 0, 0, 6], "texture": "#2"},
				"down": {"uv": [4, 0, 0, 6], "rotation": 180, "texture": "#2"}
			}
		},
		{
			"name": "d",
			"from": [9, 5, 9.5],
			"to": [11, 6, 10],
			"rotation": {"angle": 0, "axis": "y", "origin": [9, 4, 12]},
			"faces": {
				"east": {"uv": [1, 6, 0, 7], "texture": "#2"},
				"west": {"uv": [15, 2, 14, 4], "texture": "#2"}
			}
		},
		{
			"name": "d",
			"from": [9, 5, 10],
			"to": [11, 6.5, 11],
			"rotation": {"angle": 0, "axis": "y", "origin": [9, 4, 12]},
			"faces": {
				"east": {"uv": [2, 6, 0, 8], "texture": "#2"},
				"west": {"uv": [14, 1, 12, 4], "texture": "#2"}
			}
		},
		{
			"name": "d",
			"from": [9, 6.5, 10],
			"to": [11, 7.5, 11],
			"rotation": {"angle": 0, "axis": "y", "origin": [9, 4, 12]},
			"faces": {
				"north": {"uv": [4, 0, 0, 6], "texture": "#2"},
				"east": {"uv": [9, 1, 8, 0], "texture": "#2"},
				"west": {"uv": [7, 1, 6, 0], "texture": "#2"},
				"up": {"uv": [4, 0, 0, 6], "texture": "#2"}
			}
		},
		{
			"name": "d",
			"from": [9, 0.5, 13],
			"to": [11, 1.5, 14],
			"rotation": {"angle": 0, "axis": "y", "origin": [9, 4, 12]},
			"faces": {
				"east": {"uv": [9, 1, 8, 0], "rotation": 180, "texture": "#2"},
				"south": {"uv": [4, 0, 0, 6], "rotation": 180, "texture": "#2"},
				"west": {"uv": [7, 1, 6, 0], "rotation": 180, "texture": "#2"},
				"down": {"uv": [4, 0, 0, 6], "texture": "#2"}
			}
		},
		{
			"name": "d",
			"from": [9, 5, 14.5],
			"to": [11, 6, 15.5],
			"rotation": {"angle": 0, "axis": "y", "origin": [9, 4, 12]},
			"faces": {
				"east": {"uv": [9, 1, 8, 0], "rotation": 270, "texture": "#2"},
				"south": {"uv": [4, 0, 0, 6], "texture": "#2"},
				"west": {"uv": [7, 1, 6, 0], "rotation": 90, "texture": "#2"},
				"up": {"uv": [4, 0, 0, 6], "rotation": 180, "texture": "#2"}
			}
		},
		{
			"name": "d",
			"from": [9, 2, 8.5],
			"to": [11, 3, 9.5],
			"rotation": {"angle": 0, "axis": "y", "origin": [9, 4, 12]},
			"faces": {
				"north": {"uv": [4, 0, 0, 6], "rotation": 180, "texture": "#2"},
				"east": {"uv": [9, 1, 8, 0], "rotation": 90, "texture": "#2"},
				"west": {"uv": [7, 1, 6, 0], "rotation": 270, "texture": "#2"},
				"down": {"uv": [4, 0, 0, 6], "rotation": 180, "texture": "#2"}
			}
		},
		{
			"name": "d",
			"from": [9, 6.5, 13],
			"to": [11, 7.5, 14],
			"rotation": {"angle": 0, "axis": "y", "origin": [9, 4, 12]},
			"faces": {
				"east": {"uv": [9, 1, 8, 0], "texture": "#2"},
				"south": {"uv": [4, 0, 0, 6], "texture": "#2"},
				"west": {"uv": [7, 1, 6, 0], "texture": "#2"},
				"up": {"uv": [4, 0, 0, 6], "texture": "#2"}
			}
		},
		{
			"name": "d",
			"from": [9, 6, 14],
			"to": [11, 7, 15],
			"rotation": {"angle": 0, "axis": "y", "origin": [9, 3, 13]},
			"faces": {
				"east": {"uv": [9, 1, 8, 0], "texture": "#2"},
				"south": {"uv": [4, 0, 0, 6], "texture": "#2"},
				"west": {"uv": [7, 1, 6, 0], "texture": "#2"},
				"up": {"uv": [4, 0, 0, 6], "texture": "#2"}
			}
		},
		{
			"name": "d",
			"from": [9, 1, 9],
			"to": [11, 2, 10],
			"rotation": {"angle": 0, "axis": "y", "origin": [9, 4, 12]},
			"faces": {
				"north": {"uv": [4, 0, 0, 6], "rotation": 180, "texture": "#2"},
				"east": {"uv": [9, 1, 8, 0], "rotation": 180, "texture": "#2"},
				"west": {"uv": [7, 1, 6, 0], "rotation": 180, "texture": "#2"},
				"down": {"uv": [4, 0, 0, 6], "texture": "#2"}
			}
		},
		{
			"name": "d",
			"from": [9, 1, 14],
			"to": [11, 2, 15],
			"rotation": {"angle": 0, "axis": "y", "origin": [9, 4, 12]},
			"faces": {
				"east": {"uv": [9, 1, 8, 0], "rotation": 270, "texture": "#2"},
				"south": {"uv": [4, 0, 0, 6], "texture": "#2"},
				"west": {"uv": [7, 1, 6, 0], "rotation": 90, "texture": "#2"},
				"down": {"uv": [4, 0, 0, 6], "texture": "#2"}
			}
		},
		{
			"name": "d",
			"from": [9, 6, 9],
			"to": [11, 7, 10],
			"rotation": {"angle": 0, "axis": "y", "origin": [9, 4, 12]},
			"faces": {
				"north": {"uv": [4, 0, 0, 6], "rotation": 180, "texture": "#2"},
				"east": {"uv": [9, 1, 8, 0], "rotation": 90, "texture": "#2"},
				"west": {"uv": [7, 1, 6, 0], "rotation": 270, "texture": "#2"},
				"up": {"uv": [4, 0, 0, 6], "texture": "#2"}
			}
		},
		{
			"name": "d",
			"from": [9, 0.5, 10],
			"to": [11, 1.5, 11],
			"rotation": {"angle": 0, "axis": "y", "origin": [9, 4, 12]},
			"faces": {
				"north": {"uv": [4, 0, 0, 6], "rotation": 180, "texture": "#2"},
				"east": {"uv": [9, 1, 8, 0], "rotation": 180, "texture": "#2"},
				"west": {"uv": [7, 1, 6, 0], "rotation": 180, "texture": "#2"},
				"down": {"uv": [4, 0, 0, 6], "texture": "#2"}
			}
		},
		{
			"name": "d",
			"from": [9, 2, 14.5],
			"to": [11, 3, 15.5],
			"rotation": {"angle": 0, "axis": "y", "origin": [9, 4, 12]},
			"faces": {
				"east": {"uv": [9, 1, 8, 0], "rotation": 270, "texture": "#2"},
				"south": {"uv": [4, 0, 0, 6], "texture": "#2"},
				"west": {"uv": [7, 1, 6, 0], "rotation": 90, "texture": "#2"},
				"down": {"uv": [4, 0, 0, 6], "texture": "#2"}
			}
		},
		{
			"name": "d",
			"from": [9, 5, 8.5],
			"to": [11, 6, 9.5],
			"rotation": {"angle": 0, "axis": "y", "origin": [9, 4, 12]},
			"faces": {
				"north": {"uv": [4, 0, 0, 6], "rotation": 180, "texture": "#2"},
				"east": {"uv": [9, 1, 8, 0], "rotation": 90, "texture": "#2"},
				"west": {"uv": [7, 1, 6, 0], "rotation": 270, "texture": "#2"},
				"up": {"uv": [4, 0, 0, 6], "texture": "#2"}
			}
		},
		{
			"name": "d",
			"from": [4.7, 2.5, 11.5],
			"to": [7, 4.5, 13.5],
			"rotation": {"angle": 0, "axis": "y", "origin": [7, 4, 13]},
			"faces": {
				"north": {"uv": [5, 5, 6, 8], "texture": "#2"},
				"east": {"uv": [1, 7, 3, 9], "texture": "#2"},
				"south": {"uv": [8, 1, 11, 2], "texture": "#2"},
				"west": {"uv": [12, 4, 8, 8], "texture": "#2"},
				"up": {"uv": [13, 10, 12, 9], "texture": "#2"},
				"down": {"uv": [14, 3, 13, 2], "texture": "#2"}
			}
		},
		{
			"name": "d",
			"from": [5, 2.5, 9],
			"to": [7, 4.5, 9.5],
			"rotation": {"angle": 0, "axis": "y", "origin": [7, 4, 13]},
			"faces": {
				"north": {"uv": [0, 6, 4, 0], "texture": "#2"},
				"east": {"uv": [3, 6, 1, 7], "rotation": 90, "texture": "#2"},
				"west": {"uv": [12, 0, 8, 1], "rotation": 270, "texture": "#2"},
				"up": {"uv": [4, 0, 0, 6], "texture": "#2"},
				"down": {"uv": [4, 0, 0, 6], "rotation": 180, "texture": "#2"}
			}
		},
		{
			"name": "d",
			"from": [5, 0, 11.5],
			"to": [7, 0.5, 13.5],
			"rotation": {"angle": 0, "axis": "y", "origin": [7, 4, 13]},
			"faces": {
				"north": {"uv": [0, 6, 4, 0], "texture": "#2"},
				"east": {"uv": [1, 7, 3, 6], "texture": "#2"},
				"south": {"uv": [0, 6, 4, 0], "texture": "#2"},
				"west": {"uv": [8, 1, 12, 0], "texture": "#2"},
				"down": {"uv": [4, 0, 0, 6], "texture": "#2"}
			}
		},
		{
			"name": "d",
			"from": [5, 2.5, 15.5],
			"to": [7, 4.5, 16],
			"rotation": {"angle": 0, "axis": "y", "origin": [7, 4, 13]},
			"faces": {
				"east": {"uv": [3, 7, 1, 6], "rotation": 90, "texture": "#2"},
				"south": {"uv": [0, 0, 4, 6], "rotation": 180, "texture": "#2"},
				"west": {"uv": [12, 1, 8, 0], "rotation": 270, "texture": "#2"},
				"up": {"uv": [4, 6, 0, 0], "texture": "#2"},
				"down": {"uv": [4, 6, 0, 0], "rotation": 180, "texture": "#2"}
			}
		},
		{
			"name": "d",
			"from": [5, 6.5, 11.5],
			"to": [7, 7, 13.5],
			"rotation": {"angle": 0, "axis": "y", "origin": [7, 4, 13]},
			"faces": {
				"north": {"uv": [0, 0, 4, 6], "texture": "#2"},
				"east": {"uv": [1, 6, 3, 7], "texture": "#2"},
				"south": {"uv": [0, 0, 4, 6], "texture": "#2"},
				"west": {"uv": [8, 0, 12, 1], "texture": "#2"},
				"up": {"uv": [4, 6, 0, 0], "texture": "#2"}
			}
		},
		{
			"name": "d",
			"from": [4.9, 4.5, 11.5],
			"to": [7, 5.5, 13.5],
			"rotation": {"angle": 0, "axis": "y", "origin": [7, 3, 13]},
			"faces": {
				"north": {"uv": [8, 1, 10, 2], "texture": "#2"},
				"east": {"uv": [1, 7, 3, 9], "texture": "#2"},
				"south": {"uv": [6, 2, 8, 3], "texture": "#2"},
				"west": {"uv": [8, 2, 12, 4], "texture": "#2"},
				"up": {"uv": [10, 2, 8, 1], "texture": "#2"}
			}
		},
		{
			"name": "d",
			"from": [5, 5.5, 11.5],
			"to": [7, 6.5, 13.5],
			"rotation": {"angle": 0, "axis": "y", "origin": [7, 4, 13]},
			"faces": {
				"east": {"uv": [1, 6, 3, 8], "texture": "#2"},
				"west": {"uv": [8, 0, 12, 2], "texture": "#2"}
			}
		},
		{
			"name": "d",
			"from": [5, 1.5, 9.5],
			"to": [7, 2.5, 10],
			"rotation": {"angle": 0, "axis": "y", "origin": [7, 4, 12]},
			"faces": {
				"north": {"uv": [4, 6, 0, 0], "texture": "#2"},
				"east": {"uv": [1, 7, 0, 6], "texture": "#2"},
				"west": {"uv": [15, 4, 14, 2], "texture": "#2"},
				"down": {"uv": [4, 6, 0, 0], "texture": "#2"}
			}
		},
		{
			"name": "d",
			"from": [5, 4.5, 10],
			"to": [7, 5.5, 10.5],
			"rotation": {"angle": 0, "axis": "y", "origin": [7, 4, 12]},
			"faces": {
				"east": {"uv": [1, 6, 0, 7], "texture": "#2"},
				"west": {"uv": [15, 2, 14, 4], "texture": "#2"}
			}
		},
		{
			"name": "d",
			"from": [5, 1.5, 14.5],
			"to": [7, 2.5, 15],
			"rotation": {"angle": 0, "axis": "y", "origin": [7, 4, 14]},
			"faces": {
				"east": {"uv": [0, 7, 1, 6], "texture": "#2"},
				"west": {"uv": [14, 4, 15, 2], "texture": "#2"}
			}
		},
		{
			"name": "d",
			"from": [5, 4.5, 14.5],
			"to": [7, 5.5, 15],
			"rotation": {"angle": 0, "axis": "y", "origin": [7, 4, 14]},
			"faces": {
				"east": {"uv": [0, 6, 1, 7], "texture": "#2"},
				"west": {"uv": [14, 2, 15, 4], "texture": "#2"}
			}
		},
		{
			"name": "d",
			"from": [5, 4.5, 15],
			"to": [7, 5.5, 15.5],
			"rotation": {"angle": 0, "axis": "y", "origin": [7, 4, 13]},
			"faces": {
				"east": {"uv": [0, 6, 1, 7], "texture": "#2"},
				"south": {"uv": [0, 0, 4, 6], "texture": "#2"},
				"west": {"uv": [14, 2, 15, 4], "texture": "#2"},
				"up": {"uv": [4, 6, 0, 0], "texture": "#2"}
			}
		},
		{
			"name": "d",
			"from": [5, 0.5, 10.5],
			"to": [7, 1, 11.5],
			"rotation": {"angle": 0, "axis": "y", "origin": [7, 2, 13]},
			"faces": {
				"north": {"uv": [4, 6, 0, 0], "texture": "#2"},
				"east": {"uv": [1, 7, 0, 6], "texture": "#2"},
				"west": {"uv": [14, 2, 12, 1], "texture": "#2"},
				"down": {"uv": [4, 6, 0, 0], "texture": "#2"}
			}
		},
		{
			"name": "d",
			"from": [5, 6, 10.5],
			"to": [7, 6.5, 11.5],
			"rotation": {"angle": 0, "axis": "y", "origin": [7, 6, 13]},
			"faces": {
				"north": {"uv": [4, 0, 0, 6], "texture": "#2"},
				"east": {"uv": [1, 6, 0, 7], "texture": "#2"},
				"west": {"uv": [14, 1, 12, 2], "texture": "#2"},
				"up": {"uv": [4, 0, 0, 6], "texture": "#2"}
			}
		},
		{
			"name": "d",
			"from": [5, 0.5, 13.5],
			"to": [7, 1, 14.5],
			"rotation": {"angle": 0, "axis": "y", "origin": [7, 2, 13]},
			"faces": {
				"east": {"uv": [0, 7, 1, 6], "texture": "#2"},
				"south": {"uv": [0, 6, 4, 0], "texture": "#2"},
				"west": {"uv": [12, 2, 14, 1], "texture": "#2"},
				"down": {"uv": [4, 0, 0, 6], "texture": "#2"}
			}
		},
		{
			"name": "d",
			"from": [5, 1, 10],
			"to": [7, 1.5, 10.5],
			"rotation": {"angle": 0, "axis": "y", "origin": [7, -8, 9]},
			"faces": {
				"north": {"uv": [0, 0, 4, 6], "texture": "#2"},
				"east": {"uv": [0, 6, 1, 7], "texture": "#2"},
				"west": {"uv": [12, 1, 14, 2], "texture": "#2"},
				"down": {"uv": [4, 6, 0, 0], "texture": "#2"}
			}
		},
		{
			"name": "d",
			"from": [5, 1, 14.5],
			"to": [7, 1.5, 15],
			"rotation": {"angle": 0, "axis": "y", "origin": [7, -8, 13]},
			"faces": {
				"east": {"uv": [0, 6, 1, 7], "texture": "#2"},
				"south": {"uv": [0, 0, 4, 6], "texture": "#2"},
				"west": {"uv": [12, 1, 14, 2], "texture": "#2"},
				"down": {"uv": [4, 6, 0, 0], "texture": "#2"}
			}
		},
		{
			"name": "d",
			"from": [5, 5.5, 14.5],
			"to": [7, 6, 15],
			"rotation": {"angle": 0, "axis": "y", "origin": [7, 5, 9]},
			"faces": {
				"east": {"uv": [0, 6, 1, 7], "texture": "#2"},
				"south": {"uv": [0, 0, 4, 6], "texture": "#2"},
				"west": {"uv": [12, 1, 14, 2], "texture": "#2"},
				"up": {"uv": [4, 6, 0, 0], "texture": "#2"}
			}
		},
		{
			"name": "d",
			"from": [5, 5.5, 10],
			"to": [7, 6, 10.5],
			"rotation": {"angle": 0, "axis": "y", "origin": [7, 5, 13]},
			"faces": {
				"north": {"uv": [0, 0, 4, 6], "texture": "#2"},
				"east": {"uv": [0, 6, 1, 7], "texture": "#2"},
				"west": {"uv": [12, 1, 14, 2], "texture": "#2"},
				"up": {"uv": [4, 6, 0, 0], "texture": "#2"}
			}
		},
		{
			"name": "d",
			"from": [5, 6, 13.5],
			"to": [7, 6.5, 14.5],
			"rotation": {"angle": 0, "axis": "y", "origin": [7, 6, 13]},
			"faces": {
				"east": {"uv": [0, 6, 1, 7], "texture": "#2"},
				"south": {"uv": [0, 0, 4, 6], "texture": "#2"},
				"west": {"uv": [12, 1, 14, 2], "texture": "#2"},
				"up": {"uv": [4, 6, 0, 0], "texture": "#2"}
			}
		},
		{
			"name": "d",
			"from": [5, 4.5, 13.5],
			"to": [7, 6, 14.5],
			"rotation": {"angle": 0, "axis": "y", "origin": [7, 4, 13]},
			"faces": {
				"east": {"uv": [1, 6, 3, 9], "texture": "#2"},
				"west": {"uv": [12, 1, 14, 4], "texture": "#2"}
			}
		},
		{
			"name": "d",
			"from": [4.9, 2.5, 13.5],
			"to": [7, 4.5, 14.5],
			"rotation": {"angle": 0, "axis": "y", "origin": [7, 4, 12]},
			"faces": {
				"east": {"uv": [1, 7, 3, 9], "texture": "#2"},
				"south": {"uv": [6, 2, 8, 3], "texture": "#2"},
				"west": {"uv": [12, 4, 14, 8], "texture": "#2"},
				"up": {"uv": [10, 2, 8, 1], "texture": "#2"},
				"down": {"uv": [9, 2, 8, 1], "texture": "#2"}
			}
		},
		{
			"name": "d",
			"from": [5, 2.5, 14.5],
			"to": [7, 4.5, 15.5],
			"rotation": {"angle": 0, "axis": "y", "origin": [7, 4, 13]},
			"faces": {
				"east": {"uv": [0, 7, 2, 9], "texture": "#2"},
				"west": {"uv": [14, 4, 16, 8], "texture": "#2"}
			}
		},
		{
			"name": "d",
			"from": [5, 1.5, 10],
			"to": [7, 2.5, 10.5],
			"rotation": {"angle": 0, "axis": "y", "origin": [7, 4, 13]},
			"faces": {
				"east": {"uv": [3, 9, 4, 10], "texture": "#2"},
				"west": {"uv": [5, 8, 6, 10], "texture": "#2"}
			}
		},
		{
			"name": "d",
			"from": [4.9, 2.5, 10.5],
			"to": [7, 4.5, 11.5],
			"rotation": {"angle": 0, "axis": "y", "origin": [7, 4, 13]},
			"faces": {
				"north": {"uv": [8, 1, 10, 2], "texture": "#2"},
				"east": {"uv": [1, 7, 3, 9], "texture": "#2"},
				"west": {"uv": [6, 4, 8, 8], "texture": "#2"},
				"up": {"uv": [10, 2, 8, 1], "texture": "#2"},
				"down": {"uv": [9, 2, 8, 1], "texture": "#2"}
			}
		},
		{
			"name": "d",
			"from": [5, 2.5, 9.5],
			"to": [7, 4.5, 10.5],
			"rotation": {"angle": 0, "axis": "y", "origin": [7, 4, 12]},
			"faces": {
				"east": {"uv": [2, 7, 4, 9], "texture": "#2"},
				"west": {"uv": [4, 4, 6, 8], "texture": "#2"}
			}
		},
		{
			"name": "d",
			"from": [5, 4.5, 10.5],
			"to": [7, 6, 11.5],
			"rotation": {"angle": 0, "axis": "y", "origin": [7, 4, 13]},
			"faces": {
				"east": {"uv": [1, 6, 3, 9], "texture": "#2"},
				"west": {"uv": [6, 1, 8, 4], "texture": "#2"}
			}
		},
		{
			"name": "d",
			"from": [5, 4.5, 9.5],
			"to": [7, 5.5, 10],
			"rotation": {"angle": 0, "axis": "y", "origin": [7, 4, 13]},
			"faces": {
				"north": {"uv": [0, 0, 4, 6], "texture": "#2"},
				"east": {"uv": [3, 6, 4, 7], "texture": "#2"},
				"west": {"uv": [5, 2, 6, 4], "texture": "#2"},
				"up": {"uv": [4, 6, 0, 0], "texture": "#2"}
			}
		},
		{
			"name": "d",
			"from": [5, 1, 10.5],
			"to": [7, 2.5, 11.5],
			"rotation": {"angle": 0, "axis": "y", "origin": [7, 4, 13]},
			"faces": {
				"east": {"uv": [1, 7, 3, 10], "texture": "#2"},
				"west": {"uv": [6, 8, 8, 11], "texture": "#2"}
			}
		},
		{
			"name": "d",
			"from": [4.9, 1.5, 11.5],
			"to": [7, 2.5, 13.5],
			"rotation": {"angle": 0, "axis": "y", "origin": [7, 5, 13]},
			"faces": {
				"north": {"uv": [8, 1, 10, 2], "texture": "#2"},
				"east": {"uv": [1, 7, 3, 9], "texture": "#2"},
				"south": {"uv": [6, 2, 8, 3], "texture": "#2"},
				"west": {"uv": [8, 8, 12, 10], "texture": "#2"},
				"down": {"uv": [9, 2, 8, 1], "texture": "#2"}
			}
		},
		{
			"name": "d",
			"from": [5, 0.5, 11.5],
			"to": [7, 1.5, 13.5],
			"rotation": {"angle": 0, "axis": "y", "origin": [7, 4, 13]},
			"faces": {
				"east": {"uv": [1, 8, 3, 10], "texture": "#2"},
				"west": {"uv": [8, 10, 12, 12], "texture": "#2"}
			}
		},
		{
			"name": "d",
			"from": [5, 1.5, 15],
			"to": [7, 2.5, 15.5],
			"rotation": {"angle": 0, "axis": "y", "origin": [7, 4, 13]},
			"faces": {
				"east": {"uv": [0, 9, 1, 10], "texture": "#2"},
				"south": {"uv": [0, 0, 4, 6], "texture": "#2"},
				"west": {"uv": [14, 8, 15, 10], "texture": "#2"},
				"down": {"uv": [4, 6, 0, 0], "texture": "#2"}
			}
		},
		{
			"name": "d",
			"from": [5, 1, 13.5],
			"to": [7, 2.5, 14.5],
			"rotation": {"angle": 0, "axis": "y", "origin": [7, 4, 13]},
			"faces": {
				"east": {"uv": [1, 7, 3, 10], "texture": "#2"},
				"west": {"uv": [12, 8, 14, 11], "texture": "#2"}
			}
		},
		{
			"name": "d",
			"from": [4.68, 3.25, 12],
			"to": [4.7, 3.65, 13],
			"rotation": {"angle": 0, "axis": "y", "origin": [5, 4.5, -14.5]},
			"faces": {
				"north": {"uv": [1, 11, 0, 12], "texture": "#2"},
				"south": {"uv": [1, 11, 0, 12], "texture": "#2"},
				"west": {"uv": [0, 9, 16, 16], "texture": "#2"},
				"up": {"uv": [1, 15, 0, 16], "texture": "#2"},
				"down": {"uv": [1, 15, 0, 16], "texture": "#2"}
			}
		},
		{
			"name": "d",
			"from": [1, 4, 13],
			"to": [3, 5.5, 14],
			"rotation": {"angle": 0, "axis": "y", "origin": [3, 3, 12]},
			"faces": {
				"east": {"uv": [0, 6, 2, 8], "texture": "#3"},
				"south": {"uv": [0, 0, 4, 6], "texture": "#3"},
				"west": {"uv": [12, 1, 14, 4], "texture": "#3"},
				"up": {"uv": [0, 0, 4, 6], "rotation": 180, "texture": "#3"}
			}
		},
		{
			"name": "d",
			"from": [1, 4, 11],
			"to": [3, 6, 13],
			"rotation": {"angle": 0, "axis": "y", "origin": [3, 3, 12]},
			"faces": {
				"north": {"uv": [0, 0, 4, 6], "texture": "#3"},
				"east": {"uv": [1, 6, 3, 8], "texture": "#3"},
				"south": {"uv": [0, 0, 4, 6], "texture": "#3"},
				"west": {"uv": [8, 0, 12, 4], "texture": "#3"},
				"up": {"uv": [0, 0, 4, 6], "rotation": 180, "texture": "#3"}
			}
		},
		{
			"name": "d",
			"from": [1, 2, 11],
			"to": [3, 4, 13],
			"rotation": {"angle": 0, "axis": "y", "origin": [3, 3, 12]},
			"faces": {
				"east": {"uv": [1, 7, 3, 9], "texture": "#3"},
				"west": {"uv": [8, 4, 12, 8], "texture": "#3"}
			}
		},
		{
			"name": "d",
			"from": [1, 2, 13],
			"to": [3, 4, 15],
			"rotation": {"angle": 0, "axis": "y", "origin": [3, 3, 12]},
			"faces": {
				"east": {"uv": [0, 7, 2, 9], "texture": "#3"},
				"south": {"uv": [0, 0, 4, 6], "texture": "#3"},
				"west": {"uv": [12, 4, 16, 8], "texture": "#3"},
				"up": {"uv": [0, 0, 4, 6], "rotation": 180, "texture": "#3"},
				"down": {"uv": [0, 0, 4, 6], "rotation": 180, "texture": "#3"}
			}
		},
		{
			"name": "d",
			"from": [1, 4, 14],
			"to": [3, 5, 14.5],
			"rotation": {"angle": 0, "axis": "y", "origin": [3, 3, 12]},
			"faces": {
				"east": {"uv": [0, 6, 1, 7], "texture": "#3"},
				"south": {"uv": [0, 0, 4, 6], "texture": "#3"},
				"west": {"uv": [14, 2, 15, 4], "texture": "#3"},
				"up": {"uv": [0, 0, 4, 6], "rotation": 180, "texture": "#3"}
			}
		},
		{
			"name": "d",
			"from": [1, 1, 14],
			"to": [3, 2, 14.5],
			"rotation": {"angle": 0, "axis": "y", "origin": [3, 3, 12]},
			"faces": {
				"east": {"uv": [0, 9, 1, 10], "texture": "#3"},
				"south": {"uv": [0, 0, 4, 6], "texture": "#3"},
				"west": {"uv": [14, 8, 15, 10], "texture": "#3"},
				"down": {"uv": [0, 0, 4, 6], "rotation": 180, "texture": "#3"}
			}
		},
		{
			"name": "d",
			"from": [1, 0.5, 13],
			"to": [3, 2, 14],
			"rotation": {"angle": 0, "axis": "y", "origin": [3, 3, 12]},
			"faces": {
				"east": {"uv": [0, 8, 2, 10], "texture": "#3"},
				"south": {"uv": [0, 0, 4, 6], "texture": "#3"},
				"west": {"uv": [12, 8, 14, 11], "texture": "#3"},
				"down": {"uv": [0, 0, 4, 6], "rotation": 180, "texture": "#3"}
			}
		},
		{
			"name": "d",
			"from": [1, 0, 11],
			"to": [3, 2, 13],
			"rotation": {"angle": 0, "axis": "y", "origin": [3, 3, 12]},
			"faces": {
				"north": {"uv": [0, 0, 4, 6], "texture": "#3"},
				"east": {"uv": [1, 8, 3, 10], "texture": "#3"},
				"south": {"uv": [0, 0, 4, 6], "texture": "#3"},
				"west": {"uv": [8, 8, 12, 12], "texture": "#3"},
				"down": {"uv": [0, 0, 4, 6], "rotation": 180, "texture": "#3"}
			}
		},
		{
			"name": "d",
			"from": [1, 0.5, 10],
			"to": [3, 2, 11],
			"rotation": {"angle": 0, "axis": "y", "origin": [3, 3, 12]},
			"faces": {
				"north": {"uv": [0, 0, 4, 6], "texture": "#3"},
				"east": {"uv": [2, 8, 4, 10], "texture": "#3"},
				"west": {"uv": [6, 8, 8, 11], "texture": "#3"},
				"down": {"uv": [0, 0, 4, 6], "rotation": 180, "texture": "#3"}
			}
		},
		{
			"name": "d",
			"from": [1, 1, 9.5],
			"to": [3, 2, 10],
			"rotation": {"angle": 0, "axis": "y", "origin": [3, 3, 12]},
			"faces": {
				"north": {"uv": [0, 0, 4, 6], "texture": "#3"},
				"east": {"uv": [3, 9, 4, 10], "texture": "#3"},
				"west": {"uv": [5, 8, 6, 10], "texture": "#3"},
				"down": {"uv": [0, 0, 4, 6], "rotation": 180, "texture": "#3"}
			}
		},
		{
			"name": "d",
			"from": [1, 2, 9],
			"to": [3, 4, 11],
			"rotation": {"angle": 0, "axis": "y", "origin": [3, 3, 12]},
			"faces": {
				"north": {"uv": [0, 0, 4, 6], "texture": "#3"},
				"east": {"uv": [2, 7, 4, 9], "texture": "#3"},
				"west": {"uv": [4, 4, 8, 8], "texture": "#3"},
				"up": {"uv": [0, 0, 4, 6], "rotation": 180, "texture": "#3"},
				"down": {"uv": [0, 0, 4, 6], "rotation": 180, "texture": "#3"}
			}
		},
		{
			"name": "d",
			"from": [1, 4, 10],
			"to": [3, 5.5, 11],
			"rotation": {"angle": 0, "axis": "y", "origin": [3, 3, 12]},
			"faces": {
				"north": {"uv": [0, 0, 4, 6], "texture": "#3"},
				"east": {"uv": [2, 6, 4, 8], "texture": "#3"},
				"west": {"uv": [6, 1, 8, 4], "texture": "#3"},
				"up": {"uv": [0, 0, 4, 6], "rotation": 180, "texture": "#3"}
			}
		},
		{
			"name": "d",
			"from": [1, 4, 9.5],
			"to": [3, 5, 10],
			"rotation": {"angle": 0, "axis": "y", "origin": [3, 3, 12]},
			"faces": {
				"north": {"uv": [0, 0, 4, 6], "texture": "#3"},
				"east": {"uv": [3, 6, 4, 7], "texture": "#3"},
				"west": {"uv": [5, 2, 6, 4], "texture": "#3"},
				"up": {"uv": [0, 0, 4, 6], "rotation": 180, "texture": "#3"}
			}
		},
		{
			"name": "d",
			"from": [-2, 3, 11],
			"to": [0, 4, 13],
			"rotation": {"angle": 0, "axis": "y", "origin": [3, 3, 12]},
			"faces": {
				"north": {"uv": [0, 0, 4, 6], "texture": "#3"},
				"east": {"uv": [1, 6, 3, 8], "texture": "#3"},
				"south": {"uv": [0, 0, 4, 6], "texture": "#3"},
				"west": {"uv": [7, 0, 13, 3], "texture": "#3"},
				"up": {"uv": [0, 0, 4, 6], "rotation": 180, "texture": "#3"}
			}
		},
		{
			"name": "d",
			"from": [-2, 3, 10.5],
			"to": [0, 3.5, 11],
			"rotation": {"angle": 0, "axis": "y", "origin": [3, 3, 12]},
			"faces": {
				"north": {"uv": [0, 0, 4, 6], "texture": "#3"},
				"east": {"uv": [1, 6, 3, 8], "texture": "#3"},
				"west": {"uv": [5, 1, 6, 2], "texture": "#3"},
				"up": {"uv": [0, 0, 4, 6], "rotation": 180, "texture": "#3"}
			}
		},
		{
			"name": "d",
			"from": [-2, 0.5, 10.5],
			"to": [0, 1, 11],
			"rotation": {"angle": 0, "axis": "y", "origin": [3, 3, 12]},
			"faces": {
				"north": {"uv": [0, 0, 4, 6], "texture": "#3"},
				"east": {"uv": [1, 6, 3, 8], "texture": "#3"},
				"west": {"uv": [5, 10, 6, 11], "texture": "#3"},
				"down": {"uv": [0, 0, 4, 6], "rotation": 180, "texture": "#3"}
			}
		},
		{
			"name": "d",
			"from": [-2, 0.5, 13],
			"to": [0, 1, 13.5],
			"rotation": {"angle": 0, "axis": "y", "origin": [3, 3, 12]},
			"faces": {
				"east": {"uv": [1, 6, 3, 8], "texture": "#3"},
				"south": {"uv": [0, 0, 4, 6], "texture": "#3"},
				"west": {"uv": [14, 10, 15, 11], "texture": "#3"},
				"down": {"uv": [0, 0, 4, 6], "rotation": 180, "texture": "#3"}
			}
		},
		{
			"name": "d",
			"from": [-2, 3, 13],
			"to": [0, 3.5, 13.5],
			"rotation": {"angle": 0, "axis": "y", "origin": [3, 3, 12]},
			"faces": {
				"east": {"uv": [1, 6, 3, 8], "texture": "#3"},
				"south": {"uv": [0, 0, 4, 6], "texture": "#3"},
				"west": {"uv": [14, 1, 15, 2], "texture": "#3"},
				"up": {"uv": [0, 0, 4, 6], "rotation": 180, "texture": "#3"}
			}
		},
		{
			"name": "d",
			"from": [-2, 1, 11],
			"to": [0, 3, 13],
			"rotation": {"angle": 0, "axis": "y", "origin": [3, 3, 12]},
			"faces": {
				"east": {"uv": [1, 7, 3, 9], "texture": "#3"},
				"west": {"uv": [7, 3, 13, 9], "texture": "#3"}
			}
		},
		{
			"name": "d",
			"from": [-2, 1, 13],
			"to": [0, 3, 14],
			"rotation": {"angle": 0, "axis": "y", "origin": [3, 3, 12]},
			"faces": {
				"east": {"uv": [0, 7, 2, 9], "texture": "#3"},
				"south": {"uv": [0, 0, 4, 6], "texture": "#3"},
				"west": {"uv": [13, 3, 16, 9], "texture": "#3"},
				"up": {"uv": [0, 0, 4, 6], "rotation": 180, "texture": "#3"},
				"down": {"uv": [0, 0, 4, 6], "rotation": 180, "texture": "#3"}
			}
		},
		{
			"name": "d",
			"from": [-2, 0, 11],
			"to": [0, 1, 13],
			"rotation": {"angle": 0, "axis": "y", "origin": [3, 3, 12]},
			"faces": {
				"north": {"uv": [0, 0, 4, 6], "texture": "#3"},
				"east": {"uv": [1, 8, 3, 10], "texture": "#3"},
				"south": {"uv": [0, 0, 4, 6], "texture": "#3"},
				"west": {"uv": [7, 9, 13, 12], "texture": "#3"},
				"down": {"uv": [0, 0, 4, 6], "rotation": 180, "texture": "#3"}
			}
		},
		{
			"name": "d",
			"from": [-2, 1, 10],
			"to": [0, 3, 11],
			"rotation": {"angle": 0, "axis": "y", "origin": [3, 3, 12]},
			"faces": {
				"north": {"uv": [0, 0, 4, 6], "texture": "#3"},
				"east": {"uv": [2, 7, 4, 9], "texture": "#3"},
				"west": {"uv": [4, 3, 7, 9], "texture": "#3"},
				"up": {"uv": [0, 0, 4, 6], "rotation": 180, "texture": "#3"},
				"down": {"uv": [0, 0, 4, 6], "rotation": 180, "texture": "#3"}
			}
		}
	],
	"display": {
		"thirdperson_righthand": {
			"rotation": [69, 0, 0],
			"translation": [2.75, 2, 14.5],
			"scale": [2, 2, 2]
		},
		"firstperson_righthand": {
			"translation": [-4.5, 8.5, 7.75]
		},
		"ground": {
			"translation": [0, 8.5, 0]
		},
		"gui": {
			"rotation": [23, 130, 0],
			"translation": [0, 1.75, 0],
			"scale": [0.3, 0.3, 0.3]
		},
		"head": {
			"translation": [14.5, -0.75, -5.75],
			"scale": [3.25, 3.25, 3.25]
		},
		"fixed": {
			"rotation": [-90, 0, 0],
			"translation": [0, 27, -29.5],
			"scale": [4, 5, 5]
		}
	},
	"groups": [
		{
			"name": "Tire",
			"origin": [18, -4.5, -5.5],
			"color": 0,
			"children": [
				0,
				1,
				2,
				3,
				4,
				5,
				6,
				7,
				8,
				9,
				10,
				11,
				12,
				13,
				14,
				15,
				16,
				17,
				18,
				19,
				20,
				21,
				22,
				23,
				24,
				25,
				26,
				27,
				28,
				29,
				30,
				31,
				32,
				33,
				34,
				35,
				36,
				37,
				38,
				39,
				40,
				41,
				42,
				43,
				44,
				45,
				46,
				47,
				48,
				49,
				50,
				51,
				52,
				53,
				54,
				55,
				56,
				57,
				58,
				59,
				60,
				61,
				62,
				63,
				64,
				65,
				66,
				67,
				68,
				69,
				70,
				71,
				72,
				73,
				74,
				75,
				76,
				77,
				78,
				79,
				80
			]
		},
		81,
		{
			"name": "18",
			"origin": [-3, -4, -7],
			"color": 0,
			"children": [82, 83, 84, 85, 86, 87, 88, 89, 90, 91, 92, 93, 94, 95, 96, 97, 98, 99, 100, 101, 102, 103, 104, 105, 106, 107, 108, 109, 110, 111]
		},
		{
			"name": "16",
			"origin": [0, -4, -6],
			"color": 0,
			"children": [112, 113, 114, 115, 116, 117, 118, 119, 120, 121, 122, 123, 124, 125, 126, 127, 128, 129, 130, 131, 132, 133, 134, 135, 136, 137, 138, 139, 140, 141, 142, 143, 144, 145]
		},
		{
			"name": "14",
			"origin": [16, -2, -5],
			"color": 0,
			"children": [146, 147, 148, 149, 150, 151, 152, 153, 154, 155, 156, 157, 158]
		},
		{
			"name": "10",
			"origin": [16, -2, -5],
			"color": 0,
			"children": [159, 160, 161, 162, 163, 164, 165, 166, 167]
		}
	]
}