{"providers":[
    {
        "type": "bitmap",
        "file": "minecraft:font/logo-menu.png",
        "ascent": 100,
        "height": 100,
        "chars": ["\uE000"]
     },
    {
        "type": "bitmap",
        "file": "minecraft:pics/logo.png",
        "height": 108,
        "ascent": 108,
        "chars": [
            "🧡"
        ]
    },
    {
        "type": "bitmap",
        "file": "minecraft:pics/police-logo.png",
        "height": 55,
        "ascent": 55,
        "chars": [
            "🚓"
        ]
    },
    {
        "type": "bitmap",
        "file": "minecraft:pics/mechanic-logo.png",
        "height": 55,
        "ascent": 55,
        "chars": [
            "⛏"
        ]
    },
    {
        "type": "bitmap",
        "file": "minecraft:pics/medic-logo.png",
        "height": 55,
        "ascent": 55,
        "chars": [
            "⛑"
        ]
    },
    {
        "type": "bitmap",
        "file": "minecraft:pics/post-logo.png",
        "height": 55,
        "ascent": 55,
        "chars": [
            "📫"
        ]
    },
    {
        "type": "bitmap",
        "file": "minecraft:pics/profile-logo.png",
        "height": 55,
        "ascent": 55,
        "chars": [
            "🙎‍♂️"
        ]
    },
    {
        "type": "bitmap",
        "file": "minecraft:pics/taxi-logo.png",
        "height": 55,
        "ascent": 55,
        "chars": [
            "🚖"
        ]
    },
    {
        "type": "bitmap",
        "file": "minecraft:pics/discord-logo.png",
        "height": 55,
        "ascent": 55,
        "chars": [
            "📨"
        ]
    },
    {
        "type": "bitmap",
        "file": "minecraft:pics/rubika-logo.png",
        "height": 55,
        "ascent": 55,
        "chars": [
            "👶"
        ]
    },
    {
        "type": "bitmap",
        "file": "minecraft:pics/youtube-logo.png",
        "height": 55,
        "ascent": 55,
        "chars": [
            "📺"
        ]
    }

]
}