{
	"format_version": "1.21.6",
	"credit": "www.sebxter.pl",
	"texture_size": [128, 128],
	"textures": {
		"1": "block/seats",
		"5": "block/bus",
		"particle": "block/tire_1",
		"1_2": "block/tire_1",
		"2_1": "block/tire_template"
	},
	"elements": [
		{
			"from": [-1, 4, -10.5],
			"to": [1, 7, -4.5],
			"rotation": {"angle": 0, "axis": "y", "origin": [8, 4.5, -10]},
			"faces": {
				"north": {"uv": [12, 5.875, 12.25, 6.25], "texture": "#5"},
				"east": {"uv": [7.875, 10.625, 8.625, 11], "texture": "#5"},
				"south": {"uv": [12.125, 10.375, 12.375, 10.75], "texture": "#5"},
				"west": {"uv": [8.75, 10.625, 9.5, 11], "texture": "#5"},
				"up": {"uv": [5.125, 12.125, 4.875, 11.375], "texture": "#5"},
				"down": {"uv": [5.5, 11.375, 5.25, 12.125], "texture": "#5"}
			}
		},
		{
			"from": [15, 4, -10.5],
			"to": [17, 7, -4.5],
			"rotation": {"angle": 0, "axis": "y", "origin": [8, 4.5, -10]},
			"faces": {
				"north": {"uv": [12.25, 4.25, 12.5, 4.625], "texture": "#5"},
				"east": {"uv": [9.625, 10.625, 10.375, 11], "texture": "#5"},
				"south": {"uv": [12.25, 7, 12.5, 7.375], "texture": "#5"},
				"west": {"uv": [10.5, 10.625, 11.25, 11], "texture": "#5"},
				"up": {"uv": [6.375, 12.125, 6.125, 11.375], "texture": "#5"},
				"down": {"uv": [6.75, 11.375, 6.5, 12.125], "texture": "#5"}
			}
		},
		{
			"from": [0, 0, -10.5],
			"to": [1, 4, -4.5],
			"rotation": {"angle": 0, "axis": "y", "origin": [8, 2, 4.5]},
			"faces": {
				"north": {"uv": [4.25, 7.625, 4.375, 8.125], "texture": "#5"},
				"east": {"uv": [10, 3.5, 10.75, 4], "texture": "#5"},
				"south": {"uv": [1.875, 12.625, 2, 13.125], "texture": "#5"},
				"west": {"uv": [7.875, 10, 8.625, 10.5], "texture": "#5"},
				"up": {"uv": [11.625, 13, 11.5, 12.25], "texture": "#5"},
				"down": {"uv": [11.875, 12.25, 11.75, 13], "texture": "#5"}
			}
		},
		{
			"from": [-1, 4, 16.5],
			"to": [1, 7, 22.5],
			"rotation": {"angle": 0, "axis": "y", "origin": [8, 5.5, 16.5]},
			"faces": {
				"north": {"uv": [1.5, 12.375, 1.75, 12.75], "texture": "#5"},
				"east": {"uv": [10.75, 6, 11.5, 6.375], "texture": "#5"},
				"south": {"uv": [3.25, 12.375, 3.5, 12.75], "texture": "#5"},
				"west": {"uv": [10.75, 6.5, 11.5, 6.875], "texture": "#5"},
				"up": {"uv": [7.125, 12.125, 6.875, 11.375], "texture": "#5"},
				"down": {"uv": [11.625, 10, 11.375, 10.75], "texture": "#5"}
			}
		},
		{
			"from": [15, 4, 16.5],
			"to": [17, 7, 22.5],
			"rotation": {"angle": 0, "axis": "y", "origin": [8, 5.5, 16.5]},
			"faces": {
				"north": {"uv": [3.625, 12.375, 3.875, 12.75], "texture": "#5"},
				"east": {"uv": [10.75, 7, 11.5, 7.375], "texture": "#5"},
				"south": {"uv": [4, 12.375, 4.25, 12.75], "texture": "#5"},
				"west": {"uv": [10.875, 3.5, 11.625, 3.875], "texture": "#5"},
				"up": {"uv": [11.5, 12.125, 11.25, 11.375], "texture": "#5"},
				"down": {"uv": [1.75, 11.5, 1.5, 12.25], "texture": "#5"}
			}
		},
		{
			"from": [15, 0, -14.5],
			"to": [17, 7, -10.5],
			"rotation": {"angle": 0, "axis": "y", "origin": [8, 4.5, -10]},
			"faces": {
				"north": {"uv": [5.75, 11.125, 6, 12], "texture": "#5"},
				"east": {"uv": [6.375, 9.125, 6.875, 10], "texture": "#5"},
				"south": {"uv": [7.875, 11.125, 8.125, 12], "texture": "#5"},
				"west": {"uv": [2.5, 9.375, 3, 10.25], "texture": "#5"},
				"up": {"uv": [12.125, 2.25, 11.875, 1.75], "texture": "#5"},
				"down": {"uv": [12.125, 2.375, 11.875, 2.875], "texture": "#5"}
			}
		},
		{
			"from": [-1, 0, -14.5],
			"to": [1, 7, -10.5],
			"rotation": {"angle": 0, "axis": "y", "origin": [8, 4.5, -10]},
			"faces": {
				"north": {"uv": [8.25, 11.125, 8.5, 12], "texture": "#5"},
				"east": {"uv": [3.125, 9.375, 3.625, 10.25], "texture": "#5"},
				"south": {"uv": [8.625, 11.125, 8.875, 12], "texture": "#5"},
				"west": {"uv": [3.75, 9.375, 4.25, 10.25], "texture": "#5"},
				"up": {"uv": [12.125, 3.5, 11.875, 3], "texture": "#5"},
				"down": {"uv": [12.125, 4.25, 11.875, 4.75], "texture": "#5"}
			}
		},
		{
			"from": [1, 0, -14.5],
			"to": [15, 7, -12.5],
			"rotation": {"angle": 0, "axis": "y", "origin": [8, 4.5, -10]},
			"faces": {
				"north": {"uv": [6.375, 3.5, 8.125, 4.375], "texture": "#5"},
				"east": {"uv": [9, 11.125, 9.25, 12], "texture": "#5"},
				"south": {"uv": [6.375, 4.5, 8.125, 5.375], "texture": "#5"},
				"west": {"uv": [9.375, 11.125, 9.625, 12], "texture": "#5"},
				"up": {"uv": [11, 8.375, 9.25, 8.125], "texture": "#5"},
				"down": {"uv": [9.625, 9.625, 7.875, 9.875], "texture": "#5"}
			}
		},
		{
			"from": [-0.5, 4.6, -14.75],
			"to": [2.5, 5.6, -13.75],
			"rotation": {"angle": 0, "axis": "y", "origin": [8, 5.35, -14.25]},
			"faces": {
				"north": {"uv": [3.75, 8.125, 4.125, 8.25], "texture": "#5"},
				"east": {"uv": [7.25, 13.25, 7.375, 13.375], "texture": "#5"},
				"south": {"uv": [10.25, 6, 10.625, 6.125], "texture": "#5"},
				"west": {"uv": [7.5, 13.25, 7.625, 13.375], "texture": "#5"},
				"up": {"uv": [13.375, 3.25, 13, 3.125], "texture": "#5"},
				"down": {"uv": [13.375, 5.375, 13, 5.5], "texture": "#5"}
			}
		},
		{
			"from": [13.5, 4.6, -14.75],
			"to": [16.5, 5.6, -13.75],
			"shade": false,
			"rotation": {"angle": 0, "axis": "y", "origin": [8, 5.35, -14.25]},
			"faces": {
				"north": {"uv": [13, 5.625, 13.375, 5.75], "texture": "#5"},
				"east": {"uv": [7.75, 13.25, 7.875, 13.375], "texture": "#5"},
				"south": {"uv": [13, 7, 13.375, 7.125], "texture": "#5"},
				"west": {"uv": [8, 13.25, 8.125, 13.375], "texture": "#5"},
				"up": {"uv": [13.375, 7.375, 13, 7.25], "texture": "#5"},
				"down": {"uv": [13.375, 8.125, 13, 8.25], "texture": "#5"}
			}
		},
		{
			"from": [-1.5, 0.5, -15.5],
			"to": [17.5, 2.5, -11.5],
			"rotation": {"angle": 0, "axis": "y", "origin": [8.5, 3, -13.5]},
			"faces": {
				"north": {"uv": [9.25, 7.75, 11.625, 8], "texture": "#5"},
				"east": {"uv": [2.75, 7, 3.25, 7.25], "texture": "#5"},
				"south": {"uv": [7.875, 9.25, 10.25, 9.5], "texture": "#5"},
				"west": {"uv": [11.625, 7, 12.125, 7.25], "texture": "#5"},
				"up": {"uv": [10.625, 6.75, 8.25, 6.25], "texture": "#5"},
				"down": {"uv": [10.625, 6.875, 8.25, 7.375], "texture": "#5"}
			}
		},
		{
			"from": [-1, 0, -4.5],
			"to": [1, 7, 16.5],
			"rotation": {"angle": 0, "axis": "y", "origin": [8, 3.5, 7.33333]},
			"faces": {
				"north": {"uv": [9.75, 11.125, 10, 12], "texture": "#5"},
				"east": {"uv": [0, 5.375, 2.625, 6.25], "texture": "#5"},
				"south": {"uv": [10.125, 11.125, 10.375, 12], "texture": "#5"},
				"west": {"uv": [0, 6.375, 2.625, 7.25], "texture": "#5"},
				"up": {"uv": [4.125, 8, 3.875, 5.375], "texture": "#5"},
				"down": {"uv": [7.75, 8.5, 7.5, 11.125], "texture": "#5"}
			}
		},
		{
			"from": [1, 0, 28.5],
			"to": [15, 7, 30.5],
			"rotation": {"angle": 0, "axis": "y", "origin": [8, 3.5, 7.33333]},
			"faces": {
				"north": {"uv": [6.375, 5.5, 8.125, 6.375], "texture": "#5"},
				"east": {"uv": [10.5, 11.125, 10.75, 12], "texture": "#5"},
				"south": {"uv": [6.375, 6.5, 8.125, 7.375], "texture": "#5"},
				"west": {"uv": [10.875, 11.125, 11.125, 12], "texture": "#5"},
				"up": {"uv": [11.5, 9.875, 9.75, 9.625], "texture": "#5"},
				"down": {"uv": [1.75, 10, 0, 10.25], "texture": "#5"}
			}
		},
		{
			"from": [15, 0, 22.5],
			"to": [17, 7, 30.5],
			"rotation": {"angle": 0, "axis": "y", "origin": [8, 3.5, 7.33333]},
			"faces": {
				"north": {"uv": [0.75, 11.25, 1, 12.125], "texture": "#5"},
				"east": {"uv": [0, 8.375, 1, 9.25], "texture": "#5"},
				"south": {"uv": [1.125, 11.25, 1.375, 12.125], "texture": "#5"},
				"west": {"uv": [1.125, 8.375, 2.125, 9.25], "texture": "#5"},
				"up": {"uv": [1.75, 11.375, 1.5, 10.375], "texture": "#5"},
				"down": {"uv": [0.25, 11, 0, 12], "texture": "#5"}
			}
		},
		{
			"from": [-1, 0, 22.5],
			"to": [1, 7, 30.5],
			"shade": false,
			"rotation": {"angle": 0, "axis": "y", "origin": [8, 3.5, 7.33333]},
			"faces": {
				"north": {"uv": [2.25, 11.25, 2.5, 12.125], "texture": "#5"},
				"east": {"uv": [2.25, 8.375, 3.25, 9.25], "texture": "#5"},
				"south": {"uv": [2.625, 11.25, 2.875, 12.125], "texture": "#5"},
				"west": {"uv": [3.375, 8.375, 4.375, 9.25], "texture": "#5"},
				"up": {"uv": [0.625, 12, 0.375, 11], "texture": "#5"},
				"down": {"uv": [11.375, 4.25, 11.125, 5.25], "texture": "#5"}
			}
		},
		{
			"from": [1, 0, -12.5],
			"to": [15, 1, 28.5],
			"rotation": {"angle": 0, "axis": "y", "origin": [8, 3.5, 7.33333]},
			"faces": {
				"north": {"uv": [11.125, 5.375, 12.875, 5.5], "texture": "#5"},
				"east": {"uv": [7.875, 9, 13, 9.125], "texture": "#5"},
				"south": {"uv": [11.125, 5.625, 12.875, 5.75], "texture": "#5"},
				"west": {"uv": [9.25, 7.5, 14.375, 7.625], "texture": "#5"},
				"up": {"uv": [6.25, 5.125, 4.5, 0], "texture": "#5"},
				"down": {"uv": [6.25, 5.25, 4.5, 10.375], "texture": "#5"}
			}
		},
		{
			"from": [1, 0.03702, -12.31389],
			"to": [15, 7.03702, -11.31389],
			"rotation": {"angle": -22.5, "axis": "x", "origin": [8, 4.03702, -11.81389]},
			"faces": {
				"north": {"uv": [0, 7.375, 1.75, 8.25], "texture": "#5"},
				"east": {"uv": [3, 12.25, 3.125, 13.125], "texture": "#5"},
				"south": {"uv": [1.875, 7.375, 3.625, 8.25], "texture": "#5"},
				"west": {"uv": [4.875, 12.25, 5, 13.125], "texture": "#5"},
				"up": {"uv": [12.875, 8.25, 11.125, 8.125], "texture": "#5"},
				"down": {"uv": [13, 11.125, 11.25, 11.25], "texture": "#5"}
			}
		},
		{
			"from": [-2, 2.9, -5.5],
			"to": [0, 4.9, -4.5],
			"rotation": {"angle": -22.5, "axis": "x", "origin": [-1.5, 4.9, -4]},
			"faces": {
				"north": {"uv": [12.625, 7, 12.875, 7.25], "texture": "#5"},
				"east": {"uv": [2.25, 10, 2.375, 10.25], "texture": "#5"},
				"south": {"uv": [12.625, 9.25, 12.875, 9.5], "texture": "#5"},
				"west": {"uv": [10, 4.125, 10.125, 4.375], "texture": "#5"},
				"up": {"uv": [11.625, 11, 11.375, 10.875], "texture": "#5"},
				"down": {"uv": [13.25, 9.25, 13, 9.375], "texture": "#5"}
			}
		},
		{
			"from": [-2, 1.75195, -10.65224],
			"to": [0, 3.75195, -9.65224],
			"rotation": {"angle": 22.5, "axis": "x", "origin": [-1.5, 3.75195, -8.15224]},
			"faces": {
				"north": {"uv": [12.625, 9.625, 12.875, 9.875], "texture": "#5"},
				"east": {"uv": [6.125, 10.5, 6.25, 10.75], "texture": "#5"},
				"south": {"uv": [12.75, 0.25, 13, 0.5], "texture": "#5"},
				"west": {"uv": [13, 9.5, 13.125, 9.75], "texture": "#5"},
				"up": {"uv": [13.25, 10, 13, 9.875], "texture": "#5"},
				"down": {"uv": [13.25, 10.375, 13, 10.5], "texture": "#5"}
			}
		},
		{
			"from": [-1.995, 3.71366, -10.45694],
			"to": [-0.005, 4.70366, -4.46694],
			"rotation": {"angle": 0, "axis": "x", "origin": [-1.5, 5.20866, -6.46194]},
			"faces": {
				"north": {"uv": [13, 10.625, 13.25, 10.75], "texture": "#5"},
				"east": {"uv": [11.875, 4.875, 12.625, 5], "texture": "#5"},
				"south": {"uv": [13, 10.875, 13.25, 11], "texture": "#5"},
				"west": {"uv": [12, 6.375, 12.75, 6.5], "texture": "#5"},
				"up": {"uv": [11.75, 5, 11.5, 4.25], "texture": "#5"},
				"down": {"uv": [11.875, 5.875, 11.625, 6.625], "texture": "#5"}
			}
		},
		{
			"from": [15, 0, -10.5],
			"to": [16, 4, -4.5],
			"rotation": {"angle": 0, "axis": "y", "origin": [8, 2, 4.5]},
			"faces": {
				"north": {"uv": [12.75, 0.625, 12.875, 1.125], "texture": "#5"},
				"east": {"uv": [8.75, 10, 9.5, 10.5], "texture": "#5"},
				"south": {"uv": [12.75, 1.25, 12.875, 1.75], "texture": "#5"},
				"west": {"uv": [9.625, 10, 10.375, 10.5], "texture": "#5"},
				"up": {"uv": [4.5, 13.125, 4.375, 12.375], "texture": "#5"},
				"down": {"uv": [4.75, 12.375, 4.625, 13.125], "texture": "#5"}
			}
		},
		{
			"from": [16.005, 3.71366, -10.45694],
			"to": [17.995, 4.70366, -4.46694],
			"rotation": {"angle": 0, "axis": "x", "origin": [17.5, 5.20866, -6.46194]},
			"faces": {
				"north": {"uv": [13, 12.125, 13.25, 12.25], "texture": "#5"},
				"east": {"uv": [12.125, 10.875, 12.875, 11], "texture": "#5"},
				"south": {"uv": [13, 12.375, 13.25, 12.5], "texture": "#5"},
				"west": {"uv": [12.25, 3.375, 13, 3.5], "texture": "#5"},
				"up": {"uv": [11.875, 12.125, 11.625, 11.375], "texture": "#5"},
				"down": {"uv": [2.125, 11.75, 1.875, 12.5], "texture": "#5"}
			}
		},
		{
			"from": [16, 1.75195, -10.65224],
			"to": [18, 3.75195, -9.65224],
			"rotation": {"angle": 22.5, "axis": "x", "origin": [17.5, 3.75195, -8.15224]},
			"faces": {
				"north": {"uv": [12.75, 1.875, 13, 2.125], "texture": "#5"},
				"east": {"uv": [13, 12.625, 13.125, 12.875], "texture": "#5"},
				"south": {"uv": [12.75, 2.25, 13, 2.5], "texture": "#5"},
				"west": {"uv": [13, 13, 13.125, 13.25], "texture": "#5"},
				"up": {"uv": [13.375, 0.375, 13.125, 0.25], "texture": "#5"},
				"down": {"uv": [13.375, 1.75, 13.125, 1.875], "texture": "#5"}
			}
		},
		{
			"from": [16, 2.9, -5.5],
			"to": [18, 4.9, -4.5],
			"rotation": {"angle": -22.5, "axis": "x", "origin": [17.5, 4.9, -4]},
			"faces": {
				"north": {"uv": [12.75, 3.625, 13, 3.875], "texture": "#5"},
				"east": {"uv": [13.125, 2, 13.25, 2.25], "texture": "#5"},
				"south": {"uv": [12.75, 4.625, 13, 4.875], "texture": "#5"},
				"west": {"uv": [13.125, 3.375, 13.25, 3.625], "texture": "#5"},
				"up": {"uv": [13.375, 2.5, 13.125, 2.375], "texture": "#5"},
				"down": {"uv": [13.375, 3.75, 13.125, 3.875], "texture": "#5"}
			}
		},
		{
			"from": [-2, 1.75195, 16.34776],
			"to": [0, 3.75195, 17.34776],
			"rotation": {"angle": 22.5, "axis": "x", "origin": [-1.5, 3.75195, 18.84776]},
			"faces": {
				"north": {"uv": [12.75, 5, 13, 5.25], "texture": "#5"},
				"east": {"uv": [13.125, 4.25, 13.25, 4.5], "texture": "#5"},
				"south": {"uv": [12.75, 7.75, 13, 8], "texture": "#5"},
				"west": {"uv": [13.125, 4.625, 13.25, 4.875], "texture": "#5"},
				"up": {"uv": [13.375, 5.125, 13.125, 5], "texture": "#5"},
				"down": {"uv": [13.375, 6.375, 13.125, 6.5], "texture": "#5"}
			}
		},
		{
			"from": [-1.995, 3.71366, 16.54306],
			"to": [-0.005, 4.70366, 22.53306],
			"rotation": {"angle": 0, "axis": "x", "origin": [-1.5, 5.20866, 20.53806]},
			"faces": {
				"north": {"uv": [13.125, 6.625, 13.375, 6.75], "texture": "#5"},
				"east": {"uv": [12.375, 5.875, 13.125, 6], "texture": "#5"},
				"south": {"uv": [13.125, 7.75, 13.375, 7.875], "texture": "#5"},
				"west": {"uv": [12.375, 6.125, 13.125, 6.25], "texture": "#5"},
				"up": {"uv": [12, 10, 11.75, 9.25], "texture": "#5"},
				"down": {"uv": [12, 10.125, 11.75, 10.875], "texture": "#5"}
			}
		},
		{
			"from": [-2, 2.9, 21.5],
			"to": [0, 4.9, 22.5],
			"rotation": {"angle": -22.5, "axis": "x", "origin": [-1.5, 4.9, 23]},
			"faces": {
				"north": {"uv": [12.75, 11.375, 13, 11.625], "texture": "#5"},
				"east": {"uv": [13.125, 11.125, 13.25, 11.375], "texture": "#5"},
				"south": {"uv": [12.75, 11.75, 13, 12], "texture": "#5"},
				"west": {"uv": [11.5, 13.125, 11.625, 13.375], "texture": "#5"},
				"up": {"uv": [13.375, 9.125, 13.125, 9], "texture": "#5"},
				"down": {"uv": [13.375, 11.5, 13.125, 11.625], "texture": "#5"}
			}
		},
		{
			"from": [0, 0, 16.5],
			"to": [1, 4, 22.5],
			"rotation": {"angle": 0, "axis": "y", "origin": [8, 2, 31.5]},
			"faces": {
				"north": {"uv": [12.75, 12.125, 12.875, 12.625], "texture": "#5"},
				"east": {"uv": [10.25, 4.125, 11, 4.625], "texture": "#5"},
				"south": {"uv": [12.75, 12.75, 12.875, 13.25], "texture": "#5"},
				"west": {"uv": [10.25, 4.75, 11, 5.25], "texture": "#5"},
				"up": {"uv": [12.5, 10, 12.375, 9.25], "texture": "#5"},
				"down": {"uv": [12.375, 12.375, 12.25, 13.125], "texture": "#5"}
			}
		},
		{
			"from": [16, 1.75195, 16.34776],
			"to": [18, 3.75195, 17.34776],
			"rotation": {"angle": 22.5, "axis": "x", "origin": [17.5, 3.75195, 18.84776]},
			"faces": {
				"north": {"uv": [1.5, 12.875, 1.75, 13.125], "texture": "#5"},
				"east": {"uv": [11.75, 13.125, 11.875, 13.375], "texture": "#5"},
				"south": {"uv": [3.25, 12.875, 3.5, 13.125], "texture": "#5"},
				"west": {"uv": [13.125, 11.75, 13.25, 12], "texture": "#5"},
				"up": {"uv": [0.25, 13.375, 0, 13.25], "texture": "#5"},
				"down": {"uv": [0.625, 13.25, 0.375, 13.375], "texture": "#5"}
			}
		},
		{
			"from": [16.005, 3.71366, 16.54306],
			"to": [17.995, 4.70366, 22.53306],
			"rotation": {"angle": 0, "axis": "x", "origin": [17.5, 5.20866, 20.53806]},
			"faces": {
				"north": {"uv": [13.25, 0.5, 13.5, 0.625], "texture": "#5"},
				"east": {"uv": [12.375, 10.125, 13.125, 10.25], "texture": "#5"},
				"south": {"uv": [13.25, 0.75, 13.5, 0.875], "texture": "#5"},
				"west": {"uv": [12.5, 0, 13.25, 0.125], "texture": "#5"},
				"up": {"uv": [12.125, 0.75, 11.875, 0], "texture": "#5"},
				"down": {"uv": [12.125, 0.875, 11.875, 1.625], "texture": "#5"}
			}
		},
		{
			"from": [16, 2.9, 21.5],
			"to": [18, 4.9, 22.5],
			"rotation": {"angle": -22.5, "axis": "x", "origin": [17.5, 4.9, 23]},
			"faces": {
				"north": {"uv": [3.625, 12.875, 3.875, 13.125], "texture": "#5"},
				"east": {"uv": [12.5, 13.125, 12.625, 13.375], "texture": "#5"},
				"south": {"uv": [4, 12.875, 4.25, 13.125], "texture": "#5"},
				"west": {"uv": [1.5, 13.25, 1.625, 13.5], "texture": "#5"},
				"up": {"uv": [13.5, 1.125, 13.25, 1], "texture": "#5"},
				"down": {"uv": [2, 13.25, 1.75, 13.375], "texture": "#5"}
			}
		},
		{
			"from": [15, 0, 16.5],
			"to": [16, 4, 22.5],
			"rotation": {"angle": 0, "axis": "y", "origin": [8, 2, 31.5]},
			"faces": {
				"north": {"uv": [12.875, 6.375, 13, 6.875], "texture": "#5"},
				"east": {"uv": [10.25, 5.375, 11, 5.875], "texture": "#5"},
				"south": {"uv": [13, 0.625, 13.125, 1.125], "texture": "#5"},
				"west": {"uv": [0, 10.375, 0.75, 10.875], "texture": "#5"},
				"up": {"uv": [12.625, 1, 12.5, 0.25], "texture": "#5"},
				"down": {"uv": [12.625, 1.125, 12.5, 1.875], "texture": "#5"}
			}
		},
		{
			"from": [-0.5, 6.5803, -13.39001],
			"to": [0.5, 13.5803, -12.39001],
			"rotation": {"angle": 22.5, "axis": "x", "origin": [8, 9.5803, -12.89001]},
			"faces": {
				"north": {"uv": [5.125, 12.25, 5.25, 13.125], "texture": "#5"},
				"east": {"uv": [5.375, 12.25, 5.5, 13.125], "texture": "#5"},
				"south": {"uv": [6.125, 12.25, 6.25, 13.125], "texture": "#5"},
				"west": {"uv": [6.375, 12.25, 6.5, 13.125], "texture": "#5"},
				"up": {"uv": [8.375, 13.375, 8.25, 13.25], "texture": "#5"},
				"down": {"uv": [13.375, 8.375, 13.25, 8.5], "texture": "#5"}
			}
		},
		{
			"from": [15.5, 6.5803, -13.39001],
			"to": [16.5, 13.5803, -12.39001],
			"rotation": {"angle": 22.5, "axis": "x", "origin": [8.5, 9.5803, -12.89001]},
			"faces": {
				"north": {"uv": [6.625, 12.25, 6.75, 13.125], "texture": "#5"},
				"east": {"uv": [6.875, 12.25, 7, 13.125], "texture": "#5"},
				"south": {"uv": [7.125, 12.25, 7.25, 13.125], "texture": "#5"},
				"west": {"uv": [7.375, 12.25, 7.5, 13.125], "texture": "#5"},
				"up": {"uv": [8.625, 13.375, 8.5, 13.25], "texture": "#5"},
				"down": {"uv": [13.375, 8.625, 13.25, 8.75], "texture": "#5"}
			}
		},
		{
			"from": [-0.495, 12.47216, -11.81622],
			"to": [16.495, 13.46216, 30.17378],
			"rotation": {"angle": 0, "axis": "x", "origin": [8, 12.96716, -3.32122]},
			"faces": {
				"north": {"uv": [3.5, 11.125, 5.625, 11.25], "texture": "#5"},
				"east": {"uv": [7.875, 8.5, 13.125, 8.625], "texture": "#5"},
				"south": {"uv": [11.125, 4, 13.25, 4.125], "texture": "#5"},
				"west": {"uv": [7.875, 8.75, 13.125, 8.875], "texture": "#5"},
				"up": {"uv": [2.125, 5.25, 0, 0], "texture": "#5"},
				"down": {"uv": [4.375, 0, 2.25, 5.25], "texture": "#5"}
			}
		},
		{
			"from": [-0.5, 4.48082, -4.82122],
			"to": [0.5, 12.48082, -3.82122],
			"rotation": {"angle": 0, "axis": "x", "origin": [8, 11.96716, 4.67878]},
			"faces": {
				"north": {"uv": [4.25, 5.375, 4.375, 6.375], "texture": "#5"},
				"east": {"uv": [4.25, 6.5, 4.375, 7.5], "texture": "#5"},
				"south": {"uv": [12, 11.375, 12.125, 12.375], "texture": "#5"},
				"west": {"uv": [0, 12.125, 0.125, 13.125], "texture": "#5"},
				"up": {"uv": [8.875, 13.375, 8.75, 13.25], "texture": "#5"},
				"down": {"uv": [9.125, 13.25, 9, 13.375], "texture": "#5"}
			}
		},
		{
			"from": [-0.5, 4.48082, 4.17878],
			"to": [0.5, 12.48082, 5.17878],
			"rotation": {"angle": 0, "axis": "x", "origin": [8, 11.96716, 4.67878]},
			"faces": {
				"north": {"uv": [0.25, 12.125, 0.375, 13.125], "texture": "#5"},
				"east": {"uv": [0.5, 12.125, 0.625, 13.125], "texture": "#5"},
				"south": {"uv": [5.625, 12.125, 5.75, 13.125], "texture": "#5"},
				"west": {"uv": [5.875, 12.125, 6, 13.125], "texture": "#5"},
				"up": {"uv": [9.375, 13.375, 9.25, 13.25], "texture": "#5"},
				"down": {"uv": [9.625, 13.25, 9.5, 13.375], "texture": "#5"}
			}
		},
		{
			"from": [-0.5, 4.48082, 13.17878],
			"to": [0.5, 12.48082, 14.17878],
			"rotation": {"angle": 0, "axis": "x", "origin": [8, 11.96716, 4.67878]},
			"faces": {
				"north": {"uv": [7.75, 12.125, 7.875, 13.125], "texture": "#5"},
				"east": {"uv": [8, 12.125, 8.125, 13.125], "texture": "#5"},
				"south": {"uv": [8.25, 12.125, 8.375, 13.125], "texture": "#5"},
				"west": {"uv": [8.5, 12.125, 8.625, 13.125], "texture": "#5"},
				"up": {"uv": [13.375, 9.625, 13.25, 9.5], "texture": "#5"},
				"down": {"uv": [9.875, 13.25, 9.75, 13.375], "texture": "#5"}
			}
		},
		{
			"from": [-0.5, 4.48082, 22.17878],
			"to": [0.5, 12.48082, 23.17878],
			"rotation": {"angle": 0, "axis": "x", "origin": [8, 11.96716, 4.67878]},
			"faces": {
				"north": {"uv": [8.75, 12.125, 8.875, 13.125], "texture": "#5"},
				"east": {"uv": [9, 12.125, 9.125, 13.125], "texture": "#5"},
				"south": {"uv": [9.25, 12.125, 9.375, 13.125], "texture": "#5"},
				"west": {"uv": [12.125, 9.25, 12.25, 10.25], "texture": "#5"},
				"up": {"uv": [10.125, 13.375, 10, 13.25], "texture": "#5"},
				"down": {"uv": [13.375, 10.125, 13.25, 10.25], "texture": "#5"}
			}
		},
		{
			"from": [15.5, 4.48082, 13.17878],
			"to": [16.5, 12.48082, 14.17878],
			"rotation": {"angle": 0, "axis": "x", "origin": [8, 11.96716, 4.67878]},
			"faces": {
				"north": {"uv": [9.5, 12.125, 9.625, 13.125], "texture": "#5"},
				"east": {"uv": [9.75, 12.125, 9.875, 13.125], "texture": "#5"},
				"south": {"uv": [10, 12.125, 10.125, 13.125], "texture": "#5"},
				"west": {"uv": [10.25, 12.125, 10.375, 13.125], "texture": "#5"},
				"up": {"uv": [10.375, 13.375, 10.25, 13.25], "texture": "#5"},
				"down": {"uv": [10.625, 13.25, 10.5, 13.375], "texture": "#5"}
			}
		},
		{
			"from": [15.5, 4.48082, 22.17878],
			"to": [16.5, 12.48082, 23.17878],
			"rotation": {"angle": 0, "axis": "x", "origin": [8, 11.96716, 4.67878]},
			"faces": {
				"north": {"uv": [10.5, 12.125, 10.625, 13.125], "texture": "#5"},
				"east": {"uv": [10.75, 12.125, 10.875, 13.125], "texture": "#5"},
				"south": {"uv": [11, 12.125, 11.125, 13.125], "texture": "#5"},
				"west": {"uv": [12.25, 0, 12.375, 1], "texture": "#5"},
				"up": {"uv": [10.875, 13.375, 10.75, 13.25], "texture": "#5"},
				"down": {"uv": [11.125, 13.25, 11, 13.375], "texture": "#5"}
			}
		},
		{
			"from": [15.5, 4.48082, 4.17878],
			"to": [16.5, 12.48082, 5.17878],
			"rotation": {"angle": 0, "axis": "x", "origin": [8, 11.96716, 4.67878]},
			"faces": {
				"north": {"uv": [0.75, 12.25, 0.875, 13.25], "texture": "#5"},
				"east": {"uv": [1, 12.25, 1.125, 13.25], "texture": "#5"},
				"south": {"uv": [12.25, 1.125, 12.375, 2.125], "texture": "#5"},
				"west": {"uv": [1.25, 12.25, 1.375, 13.25], "texture": "#5"},
				"up": {"uv": [11.375, 13.375, 11.25, 13.25], "texture": "#5"},
				"down": {"uv": [12.375, 13.25, 12.25, 13.375], "texture": "#5"}
			}
		},
		{
			"from": [15.5, 4.48082, -4.82122],
			"to": [16.5, 12.48082, -3.82122],
			"rotation": {"angle": 0, "axis": "x", "origin": [8, 11.96716, 4.67878]},
			"faces": {
				"north": {"uv": [2.25, 12.25, 2.375, 13.25], "texture": "#5"},
				"east": {"uv": [12.25, 2.25, 12.375, 3.25], "texture": "#5"},
				"south": {"uv": [2.5, 12.25, 2.625, 13.25], "texture": "#5"},
				"west": {"uv": [2.75, 12.25, 2.875, 13.25], "texture": "#5"},
				"up": {"uv": [13.375, 12.75, 13.25, 12.625], "texture": "#5"},
				"down": {"uv": [13.375, 12.875, 13.25, 13], "texture": "#5"}
			}
		},
		{
			"from": [-0.5, 6.46716, 29.17878],
			"to": [3.5, 12.46716, 30.17878],
			"rotation": {"angle": 0, "axis": "x", "origin": [8, 11.96716, 4.67878]},
			"faces": {
				"north": {"uv": [6.375, 10.125, 6.875, 10.875], "texture": "#5"},
				"east": {"uv": [12.5, 2, 12.625, 2.75], "texture": "#5"},
				"south": {"uv": [0.875, 10.375, 1.375, 11.125], "texture": "#5"},
				"west": {"uv": [12.5, 11.375, 12.625, 12.125], "texture": "#5"},
				"up": {"uv": [13.25, 2.75, 12.75, 2.625], "texture": "#5"},
				"down": {"uv": [13.5, 1.25, 13, 1.375], "texture": "#5"}
			}
		},
		{
			"from": [3.5, 6.46716, 29.17878],
			"to": [12.5, 8.46716, 30.17878],
			"rotation": {"angle": 0, "axis": "x", "origin": [8, 11.96716, 4.67878]},
			"faces": {
				"north": {"uv": [10.375, 9.25, 11.5, 9.5], "texture": "#5"},
				"east": {"uv": [3, 13.25, 3.125, 13.5], "texture": "#5"},
				"south": {"uv": [6.125, 11, 7.25, 11.25], "texture": "#5"},
				"west": {"uv": [3.25, 13.25, 3.375, 13.5], "texture": "#5"},
				"up": {"uv": [12.625, 5.25, 11.5, 5.125], "texture": "#5"},
				"down": {"uv": [12.75, 6.75, 11.625, 6.875], "texture": "#5"}
			}
		},
		{
			"from": [12.5, 6.46716, 29.17878],
			"to": [16.5, 12.46716, 30.17878],
			"rotation": {"angle": 0, "axis": "x", "origin": [8, 11.96716, 4.67878]},
			"faces": {
				"north": {"uv": [2.25, 10.375, 2.75, 11.125], "texture": "#5"},
				"east": {"uv": [12, 12.5, 12.125, 13.25], "texture": "#5"},
				"south": {"uv": [2.875, 10.375, 3.375, 11.125], "texture": "#5"},
				"west": {"uv": [12.5, 12.25, 12.625, 13], "texture": "#5"},
				"up": {"uv": [13.5, 1.625, 13, 1.5], "texture": "#5"},
				"down": {"uv": [13.5, 2.875, 13, 3], "texture": "#5"}
			}
		},
		{
			"from": [15, 0, 3.5],
			"to": [17, 7, 16.5],
			"rotation": {"angle": 0, "axis": "y", "origin": [8, 3.5, 7.33333]},
			"faces": {
				"north": {"uv": [3, 11.25, 3.25, 12.125], "texture": "#5"},
				"east": {"uv": [7.5, 7.5, 9.125, 8.375], "texture": "#5"},
				"south": {"uv": [7.375, 11.25, 7.625, 12.125], "texture": "#5"},
				"west": {"uv": [8.25, 3.5, 9.875, 4.375], "texture": "#5"},
				"up": {"uv": [7.25, 10.75, 7, 9.125], "texture": "#5"},
				"down": {"uv": [2.125, 10, 1.875, 11.625], "texture": "#5"}
			}
		},
		{
			"from": [15, 0, -4.5],
			"to": [17, 7, -3.5],
			"rotation": {"angle": 0, "axis": "y", "origin": [8, 3.5, 7.33333]},
			"faces": {
				"north": {"uv": [3.375, 11.375, 3.625, 12.25], "texture": "#5"},
				"east": {"uv": [11.25, 12.25, 11.375, 13.125], "texture": "#5"},
				"south": {"uv": [3.75, 11.375, 4, 12.25], "texture": "#5"},
				"west": {"uv": [12.25, 11.375, 12.375, 12.25], "texture": "#5"},
				"up": {"uv": [3.75, 13.375, 3.5, 13.25], "texture": "#5"},
				"down": {"uv": [4.125, 13.25, 3.875, 13.375], "texture": "#5"}
			}
		},
		{
			"from": [14.73754, -0.33962, -3.495],
			"to": [16.72754, 0.65038, 3.495],
			"rotation": {"angle": -22.5, "axis": "z", "origin": [15.73254, 0.15538, -9]},
			"faces": {
				"north": {"uv": [4.25, 13.25, 4.5, 13.375], "texture": "#5"},
				"east": {"uv": [11.75, 3.625, 12.625, 3.75], "texture": "#5"},
				"south": {"uv": [4.625, 13.25, 4.875, 13.375], "texture": "#5"},
				"west": {"uv": [11.75, 7.75, 12.625, 7.875], "texture": "#5"},
				"up": {"uv": [4.375, 12.25, 4.125, 11.375], "texture": "#5"},
				"down": {"uv": [4.75, 11.375, 4.5, 12.25], "texture": "#5"}
			}
		},
		{
			"from": [-4.3, 7, -13.4],
			"to": [-1.3, 9, -13.4],
			"rotation": {"angle": 22.5, "axis": "y", "origin": [-2.8, 8, -13.75]},
			"faces": {
				"north": {"uv": [3.375, 7, 3.75, 7.25], "texture": "#5"},
				"east": {"uv": [3.75, 7.375, 3.75, 7.625], "texture": "#5"},
				"south": {"uv": [12.5, 2.875, 12.875, 3.125], "texture": "#5"},
				"west": {"uv": [3.75, 7.75, 3.75, 8], "texture": "#5"},
				"up": {"uv": [7.375, 10.875, 7, 10.875], "texture": "#5"},
				"down": {"uv": [3.875, 11, 3.5, 11], "texture": "#5"}
			}
		},
		{
			"from": [-5.475, 7.475, -14.25],
			"to": [-3.475, 8.475, -13.25],
			"rotation": {"angle": -45, "axis": "z", "origin": [-3.9, 3.35, -12.5]},
			"faces": {
				"north": {"uv": [5, 13.25, 5.25, 13.375], "texture": "#5"},
				"east": {"uv": [13.25, 13.125, 13.375, 13.25], "texture": "#5"},
				"south": {"uv": [5.375, 13.25, 5.625, 13.375], "texture": "#5"},
				"west": {"uv": [13.375, 0, 13.5, 0.125], "texture": "#5"},
				"up": {"uv": [6, 13.375, 5.75, 13.25], "texture": "#5"},
				"down": {"uv": [13.5, 5.875, 13.25, 6], "texture": "#5"}
			}
		},
		{
			"from": [19.475, 7.475, -14.25],
			"to": [21.475, 8.475, -13.25],
			"rotation": {"angle": 45, "axis": "z", "origin": [19.9, 3.35, -12.5]},
			"faces": {
				"north": {"uv": [6.125, 13.25, 6.375, 13.375], "texture": "#5"},
				"east": {"uv": [0.75, 13.375, 0.875, 13.5], "texture": "#5"},
				"south": {"uv": [13.25, 6.125, 13.5, 6.25], "texture": "#5"},
				"west": {"uv": [1, 13.375, 1.125, 13.5], "texture": "#5"},
				"up": {"uv": [6.75, 13.375, 6.5, 13.25], "texture": "#5"},
				"down": {"uv": [7.125, 13.25, 6.875, 13.375], "texture": "#5"}
			}
		},
		{
			"from": [17.3, 7, -13.4],
			"to": [20.3, 9, -13.4],
			"rotation": {"angle": -22.5, "axis": "y", "origin": [18.8, 8, -13.75]},
			"faces": {
				"north": {"uv": [12.5, 10.375, 12.875, 10.625], "texture": "#5"},
				"east": {"uv": [7.375, 9.125, 7.375, 9.375], "texture": "#5"},
				"south": {"uv": [12.625, 4.25, 13, 4.5], "texture": "#5"},
				"west": {"uv": [4.375, 9.375, 4.375, 9.625], "texture": "#5"},
				"up": {"uv": [11.5, 5.875, 11.125, 5.875], "texture": "#5"},
				"down": {"uv": [11.5, 8.375, 11.125, 8.375], "texture": "#5"}
			}
		},
		{
			"from": [0, 6.5, -13.75],
			"to": [0, 12.5, 29.25],
			"faces": {
				"east": {"uv": [6.375, 0, 11.75, 0.75], "texture": "#5"},
				"west": {"uv": [6.375, 0.875, 11.75, 1.625], "texture": "#5"}
			}
		},
		{
			"from": [16, 6.5, -13.75],
			"to": [16, 12.5, 29.25],
			"rotation": {"angle": 0, "axis": "y", "origin": [16, 0, 0]},
			"faces": {
				"east": {"uv": [6.375, 1.75, 11.75, 2.5], "texture": "#5"},
				"west": {"uv": [6.375, 2.625, 11.75, 3.375], "texture": "#5"}
			}
		},
		{
			"from": [3.5, 8.475, 29.675],
			"to": [12.5, 12.475, 29.675],
			"rotation": {"angle": 0, "axis": "y", "origin": [0, 9.5, 25.75]},
			"faces": {
				"north": {"uv": [0, 9.375, 1.125, 9.875], "texture": "#5"},
				"south": {"uv": [1.25, 9.375, 2.375, 9.875], "texture": "#5"}
			}
		},
		{
			"from": [0.5, 7.075, -13.25],
			"to": [15.5, 13.075, -13.25],
			"rotation": {"angle": 22.5, "axis": "x", "origin": [8, 9, -14]},
			"faces": {
				"north": {"uv": [8.25, 4.5, 10.125, 5.25], "texture": "#5"},
				"south": {"uv": [8.25, 5.375, 10.125, 6.125], "texture": "#5"}
			}
		},
		{
			"from": [16, 0.475, -3.825],
			"to": [16, 12.475, 4.175],
			"faces": {
				"east": {"uv": [2.75, 5.375, 3.75, 6.875], "texture": "#5"},
				"west": {"uv": [6.375, 7.5, 7.375, 9], "texture": "#5"}
			}
		},
		{
			"from": [-1, 0, -10.5],
			"to": [17, 4, -4.5],
			"faces": {
				"east": {"uv": [3.5, 10.375, 4.25, 10.875], "texture": "#5"},
				"west": {"uv": [4.375, 10.5, 5.125, 11], "texture": "#5"}
			}
		},
		{
			"from": [-1, 0, 16.5],
			"to": [17, 4, 22.5],
			"faces": {
				"east": {"uv": [5.25, 10.5, 6, 11], "texture": "#5"},
				"west": {"uv": [10.5, 10, 11.25, 10.5], "texture": "#5"}
			}
		},
		{
			"from": [1.5, 0.754, -9.25],
			"to": [6.996, 2.75, -4.254],
			"rotation": {"angle": 0, "axis": "y", "origin": [4.248, 3.002, -6.752]},
			"faces": {
				"north": {"uv": [7.75, 4.75, 9.125, 5.25], "texture": "#1"},
				"east": {"uv": [8.5, 1.5, 9.75, 2], "texture": "#1"},
				"south": {"uv": [0, 0, 0, 0], "texture": "#1"},
				"west": {"uv": [8.5, 2.25, 9.75, 2.75], "texture": "#1"},
				"up": {"uv": [1.375, 7.25, 0, 6], "texture": "#1"},
				"down": {"uv": [3.125, 6, 1.75, 7.25], "texture": "#1"}
			}
		},
		{
			"from": [1.496, 0.87026, -4.83849],
			"to": [6.996, 7.87026, -2.83849],
			"rotation": {"angle": 22.5, "axis": "x", "origin": [4.246, 4.37026, -3.83849]},
			"faces": {
				"north": {"uv": [1.75, 4, 3.125, 5.75], "texture": "#1"},
				"east": {"uv": [4.25, 7, 4.75, 8.75], "texture": "#1"},
				"south": {"uv": [3.5, 5, 4.875, 6.75], "texture": "#1"},
				"west": {"uv": [0, 7.5, 0.5, 9.25], "texture": "#1"},
				"up": {"uv": [9.375, 8, 8, 7.5], "texture": "#1"},
				"down": {"uv": [0, 0, 0, 0], "texture": "#1"}
			}
		},
		{
			"from": [1.5, 0.754, -1.25],
			"to": [6.996, 2.75, 3.746],
			"rotation": {"angle": 0, "axis": "y", "origin": [4.248, 3.002, 1.248]},
			"faces": {
				"north": {"uv": [7.75, 4.75, 9.125, 5.25], "texture": "#1"},
				"east": {"uv": [8.5, 1.5, 9.75, 2], "texture": "#1"},
				"south": {"uv": [0, 0, 0, 0], "texture": "#1"},
				"west": {"uv": [8.5, 2.25, 9.75, 2.75], "texture": "#1"},
				"up": {"uv": [1.375, 7.25, 0, 6], "texture": "#1"},
				"down": {"uv": [3.125, 6, 1.75, 7.25], "texture": "#1"}
			}
		},
		{
			"from": [1.496, 0.87026, 3.16151],
			"to": [6.996, 7.87026, 5.16151],
			"rotation": {"angle": 22.5, "axis": "x", "origin": [4.246, 4.37026, 4.16151]},
			"faces": {
				"north": {"uv": [1.75, 4, 3.125, 5.75], "texture": "#1"},
				"east": {"uv": [4.25, 7, 4.75, 8.75], "texture": "#1"},
				"south": {"uv": [3.5, 5, 4.875, 6.75], "texture": "#1"},
				"west": {"uv": [0, 7.5, 0.5, 9.25], "texture": "#1"},
				"up": {"uv": [9.375, 8, 8, 7.5], "texture": "#1"},
				"down": {"uv": [0, 0, 0, 0], "texture": "#1"}
			}
		},
		{
			"from": [1.5, 0.754, 6.75],
			"to": [6.996, 2.75, 11.746],
			"rotation": {"angle": 0, "axis": "y", "origin": [4.248, 3.002, 9.248]},
			"faces": {
				"north": {"uv": [7.75, 4.75, 9.125, 5.25], "texture": "#1"},
				"east": {"uv": [8.5, 1.5, 9.75, 2], "texture": "#1"},
				"south": {"uv": [0, 0, 0, 0], "texture": "#1"},
				"west": {"uv": [8.5, 2.25, 9.75, 2.75], "texture": "#1"},
				"up": {"uv": [1.375, 7.25, 0, 6], "texture": "#1"},
				"down": {"uv": [3.125, 6, 1.75, 7.25], "texture": "#1"}
			}
		},
		{
			"from": [1.496, 0.87026, 11.16151],
			"to": [6.996, 7.87026, 13.16151],
			"rotation": {"angle": 22.5, "axis": "x", "origin": [4.246, 4.37026, 12.16151]},
			"faces": {
				"north": {"uv": [1.75, 4, 3.125, 5.75], "texture": "#1"},
				"east": {"uv": [4.25, 7, 4.75, 8.75], "texture": "#1"},
				"south": {"uv": [3.5, 5, 4.875, 6.75], "texture": "#1"},
				"west": {"uv": [0, 7.5, 0.5, 9.25], "texture": "#1"},
				"up": {"uv": [9.375, 8, 8, 7.5], "texture": "#1"},
				"down": {"uv": [0, 0, 0, 0], "texture": "#1"}
			}
		},
		{
			"from": [1.5, 0.754, 14.75],
			"to": [6.996, 2.75, 19.746],
			"rotation": {"angle": 0, "axis": "y", "origin": [4.248, 3.002, 17.248]},
			"faces": {
				"north": {"uv": [7.75, 4.75, 9.125, 5.25], "texture": "#1"},
				"east": {"uv": [8.5, 1.5, 9.75, 2], "texture": "#1"},
				"south": {"uv": [0, 0, 0, 0], "texture": "#1"},
				"west": {"uv": [8.5, 2.25, 9.75, 2.75], "texture": "#1"},
				"up": {"uv": [1.375, 7.25, 0, 6], "texture": "#1"},
				"down": {"uv": [3.125, 6, 1.75, 7.25], "texture": "#1"}
			}
		},
		{
			"from": [1.496, 0.87026, 19.16151],
			"to": [6.996, 7.87026, 21.16151],
			"rotation": {"angle": 22.5, "axis": "x", "origin": [4.246, 4.37026, 20.16151]},
			"faces": {
				"north": {"uv": [1.75, 4, 3.125, 5.75], "texture": "#1"},
				"east": {"uv": [4.25, 7, 4.75, 8.75], "texture": "#1"},
				"south": {"uv": [3.5, 5, 4.875, 6.75], "texture": "#1"},
				"west": {"uv": [0, 7.5, 0.5, 9.25], "texture": "#1"},
				"up": {"uv": [9.375, 8, 8, 7.5], "texture": "#1"},
				"down": {"uv": [0, 0, 0, 0], "texture": "#1"}
			}
		},
		{
			"from": [9.004, 0.754, 14.75],
			"to": [14.5, 2.75, 19.746],
			"rotation": {"angle": 0, "axis": "y", "origin": [11.752, 3.002, 17.248]},
			"faces": {
				"north": {"uv": [9.125, 4.75, 7.75, 5.25], "texture": "#1"},
				"east": {"uv": [9.75, 2.25, 8.5, 2.75], "texture": "#1"},
				"south": {"uv": [0, 0, 0, 0], "texture": "#1"},
				"west": {"uv": [9.75, 1.5, 8.5, 2], "texture": "#1"},
				"up": {"uv": [0, 7.25, 1.375, 6], "texture": "#1"},
				"down": {"uv": [1.75, 6, 3.125, 7.25], "texture": "#1"}
			}
		},
		{
			"from": [9.004, 0.87026, 19.16151],
			"to": [14.504, 7.87026, 21.16151],
			"rotation": {"angle": 22.5, "axis": "x", "origin": [11.754, 4.37026, 20.16151]},
			"faces": {
				"north": {"uv": [3.125, 4, 1.75, 5.75], "texture": "#1"},
				"east": {"uv": [0.5, 7.5, 0, 9.25], "texture": "#1"},
				"south": {"uv": [4.875, 5, 3.5, 6.75], "texture": "#1"},
				"west": {"uv": [4.75, 7, 4.25, 8.75], "texture": "#1"},
				"up": {"uv": [8, 8, 9.375, 7.5], "texture": "#1"},
				"down": {"uv": [0, 0, 0, 0], "texture": "#1"}
			}
		},
		{
			"from": [9.004, 0.754, 6.75],
			"to": [14.5, 2.75, 11.746],
			"rotation": {"angle": 0, "axis": "y", "origin": [11.752, 3.002, 9.248]},
			"faces": {
				"north": {"uv": [9.125, 4.75, 7.75, 5.25], "texture": "#1"},
				"east": {"uv": [9.75, 2.25, 8.5, 2.75], "texture": "#1"},
				"south": {"uv": [0, 0, 0, 0], "texture": "#1"},
				"west": {"uv": [9.75, 1.5, 8.5, 2], "texture": "#1"},
				"up": {"uv": [0, 7.25, 1.375, 6], "texture": "#1"},
				"down": {"uv": [1.75, 6, 3.125, 7.25], "texture": "#1"}
			}
		},
		{
			"from": [9.004, 0.87026, 11.16151],
			"to": [14.504, 7.87026, 13.16151],
			"rotation": {"angle": 22.5, "axis": "x", "origin": [11.754, 4.37026, 12.16151]},
			"faces": {
				"north": {"uv": [3.125, 4, 1.75, 5.75], "texture": "#1"},
				"east": {"uv": [0.5, 7.5, 0, 9.25], "texture": "#1"},
				"south": {"uv": [4.875, 5, 3.5, 6.75], "texture": "#1"},
				"west": {"uv": [4.75, 7, 4.25, 8.75], "texture": "#1"},
				"up": {"uv": [8, 8, 9.375, 7.5], "texture": "#1"},
				"down": {"uv": [0, 0, 0, 0], "texture": "#1"}
			}
		},
		{
			"from": [1.502, 0.752, 22.002],
			"to": [14.498, 2.748, 26.998],
			"rotation": {"angle": 0, "axis": "y", "origin": [0, 1, 19]},
			"faces": {
				"north": {"uv": [5.25, 6, 8.5, 6.5], "texture": "#1"},
				"east": {"uv": [8.5, 3, 9.75, 3.5], "texture": "#1"},
				"south": {"uv": [5.25, 6.75, 8.5, 7.25], "texture": "#1"},
				"west": {"uv": [8.75, 5.5, 10, 6], "texture": "#1"},
				"up": {"uv": [6.75, 1.25, 3.5, 0], "texture": "#1"},
				"down": {"uv": [6.75, 1.5, 3.5, 2.75], "texture": "#1"}
			}
		},
		{
			"from": [1.498, 0.94438, 26.03083],
			"to": [14.498, 7.94438, 28.03083],
			"rotation": {"angle": 22.5, "axis": "x", "origin": [4.498, 3.44438, 27.03083]},
			"faces": {
				"north": {"uv": [0, 0, 3.25, 1.75], "texture": "#1"},
				"east": {"uv": [0.75, 7.5, 1.25, 9.25], "texture": "#1"},
				"south": {"uv": [0, 2, 3.25, 3.75], "texture": "#1"},
				"west": {"uv": [1.5, 7.5, 2, 9.25], "texture": "#1"},
				"up": {"uv": [10.25, 0.5, 7, 0], "texture": "#1"},
				"down": {"uv": [10.25, 0.75, 7, 1.25], "texture": "#1"}
			}
		},
		{
			"from": [2, 3.625, -12.75],
			"to": [7, 7.625, -11.25],
			"rotation": {"angle": 0, "axis": "y", "origin": [0, 1, -13.25]},
			"faces": {
				"north": {"uv": [7, 1.5, 8.25, 2.5], "texture": "#1"},
				"east": {"uv": [5, 8.75, 5.375, 9.75], "texture": "#1"},
				"south": {"uv": [7, 2.75, 8.25, 3.75], "texture": "#1"},
				"west": {"uv": [3.75, 9, 4.125, 10], "texture": "#1"},
				"up": {"uv": [10, 6.625, 8.75, 6.25], "texture": "#1"},
				"down": {"uv": [3.5, 9, 2.25, 9.375], "texture": "#1"}
			}
		},
		{
			"from": [4.25, 6.375, -11.975],
			"to": [4.75, 6.875, -10.475],
			"rotation": {"angle": -22.5, "axis": "x", "origin": [4.5, 6.25, -12]},
			"faces": {
				"north": {"uv": [6.25, 9, 6.375, 9.125], "texture": "#1"},
				"east": {"uv": [7.75, 5.5, 8.125, 5.625], "texture": "#1"},
				"south": {"uv": [6.75, 9, 6.875, 9.125], "texture": "#1"},
				"west": {"uv": [8.75, 7, 9.125, 7.125], "texture": "#1"},
				"up": {"uv": [5.875, 9.125, 5.75, 8.75], "texture": "#1"},
				"down": {"uv": [4.625, 9, 4.5, 9.375], "texture": "#1"}
			}
		},
		{
			"from": [2.75, 4.875, -10.425],
			"to": [6.25, 8.375, -10.425],
			"rotation": {"angle": -22.5, "axis": "x", "origin": [4.5, 6.25, -12]},
			"faces": {
				"north": {"uv": [2.25, 7.5, 3.125, 8.375], "texture": "#1"},
				"east": {"uv": [0, 0, 0, 0], "texture": "#1"},
				"south": {"uv": [5, 7.5, 5.875, 8.375], "texture": "#1"},
				"west": {"uv": [0, 0, 0, 0], "texture": "#1"},
				"up": {"uv": [0, 0, 0, 0], "texture": "#1"},
				"down": {"uv": [0, 0, 0, 0], "texture": "#1"}
			}
		},
		{
			"name": "octagon",
			"from": [-0.848, -1.748, -8.53353],
			"to": [1.148, 3.248, -6.46647],
			"rotation": {"angle": 45, "axis": "x", "origin": [8, 0.75, -7.5]},
			"faces": {
				"north": {"uv": [1, 5.5, 0, 3], "rotation": 180, "texture": "#2_1"},
				"east": {"uv": [0, 0, 2.5, 1], "rotation": 90, "texture": "#2_1"},
				"south": {"uv": [4, 0, 3, 2.5], "texture": "#2_1"},
				"west": {"uv": [0, 1.5, 2.5, 2.5], "rotation": 270, "texture": "#2_1"},
				"up": {"uv": [4.5, 7.5, 5.5, 8.5], "texture": "#2_1"},
				"down": {"uv": [7.5, 3, 8.5, 4], "rotation": 180, "texture": "#2_1"}
			}
		},
		{
			"name": "octagon",
			"from": [-0.85, -1.75, -8.53553],
			"to": [1.15, 3.25, -6.46447],
			"rotation": {"angle": 0, "axis": "x", "origin": [8, 0.75, -7.5]},
			"faces": {
				"north": {"uv": [2.5, 7, 1.5, 4.5], "rotation": 180, "texture": "#2_1"},
				"east": {"uv": [1.5, 3, 4, 4], "rotation": 90, "texture": "#2_1"},
				"south": {"uv": [5.5, 1.5, 4.5, 4], "texture": "#2_1"},
				"west": {"uv": [4.5, 0, 7, 1], "rotation": 270, "texture": "#2_1"},
				"up": {"uv": [6, 7.5, 7, 8.5], "texture": "#2_1"},
				"down": {"uv": [7.5, 4.5, 8.5, 5.5], "rotation": 180, "texture": "#2_1"}
			}
		},
		{
			"name": "octagon",
			"from": [-0.848, -0.28353, -9.998],
			"to": [1.148, 1.78353, -5.002],
			"rotation": {"angle": 45, "axis": "x", "origin": [8, 0.75, -7.5]},
			"faces": {
				"north": {"uv": [8.5, 7, 7.5, 6], "rotation": 180, "texture": "#2_1"},
				"east": {"uv": [4.5, 4.5, 5.5, 7], "rotation": 90, "texture": "#2_1"},
				"south": {"uv": [8.5, 7.5, 7.5, 8.5], "texture": "#2_1"},
				"west": {"uv": [6, 1.5, 7, 4], "rotation": 270, "texture": "#2_1"},
				"up": {"uv": [0, 6, 1, 8.5], "texture": "#2_1"},
				"down": {"uv": [3, 4.5, 4, 7], "rotation": 180, "texture": "#2_1"}
			}
		},
		{
			"name": "octagon",
			"from": [-0.85, -0.28553, -10],
			"to": [1.15, 1.78553, -5],
			"rotation": {"angle": 0, "axis": "x", "origin": [8, 0.75, -7.5]},
			"faces": {
				"north": {"uv": [1, 10, 0, 9], "rotation": 180, "texture": "#2_1"},
				"east": {"uv": [7.5, 0, 8.5, 2.5], "rotation": 90, "texture": "#2_1"},
				"south": {"uv": [10, 0, 9, 1], "texture": "#2_1"},
				"west": {"uv": [3, 7.5, 4, 10], "rotation": 270, "texture": "#2_1"},
				"up": {"uv": [1.5, 7.5, 2.5, 10], "texture": "#2_1"},
				"down": {"uv": [6, 4.5, 7, 7], "rotation": 180, "texture": "#2_1"}
			}
		},
		{
			"name": "octagon",
			"from": [14.852, -1.748, -8.53353],
			"to": [16.848, 3.248, -6.46647],
			"rotation": {"angle": 45, "axis": "x", "origin": [8, 0.75, -7.5]},
			"faces": {
				"north": {"uv": [0, 5.5, 1, 3], "rotation": 180, "texture": "#2_1"},
				"east": {"uv": [0, 2.5, 2.5, 1.5], "rotation": 270, "texture": "#2_1"},
				"south": {"uv": [3, 0, 4, 2.5], "texture": "#2_1"},
				"west": {"uv": [0, 1, 2.5, 0], "rotation": 90, "texture": "#2_1"},
				"up": {"uv": [5.5, 7.5, 4.5, 8.5], "texture": "#2_1"},
				"down": {"uv": [8.5, 3, 7.5, 4], "rotation": 180, "texture": "#2_1"}
			}
		},
		{
			"name": "octagon",
			"from": [14.85, -1.75, -8.53553],
			"to": [16.85, 3.25, -6.46447],
			"rotation": {"angle": 0, "axis": "x", "origin": [8, 0.75, -7.5]},
			"faces": {
				"north": {"uv": [1.5, 7, 2.5, 4.5], "rotation": 180, "texture": "#2_1"},
				"east": {"uv": [4.5, 1, 7, 0], "rotation": 270, "texture": "#2_1"},
				"south": {"uv": [4.5, 1.5, 5.5, 4], "texture": "#2_1"},
				"west": {"uv": [1.5, 4, 4, 3], "rotation": 90, "texture": "#2_1"},
				"up": {"uv": [7, 7.5, 6, 8.5], "texture": "#2_1"},
				"down": {"uv": [8.5, 4.5, 7.5, 5.5], "rotation": 180, "texture": "#2_1"}
			}
		},
		{
			"name": "octagon",
			"from": [14.852, -0.28353, -9.998],
			"to": [16.848, 1.78353, -5.002],
			"rotation": {"angle": 45, "axis": "x", "origin": [8, 0.75, -7.5]},
			"faces": {
				"north": {"uv": [7.5, 7, 8.5, 6], "rotation": 180, "texture": "#2_1"},
				"east": {"uv": [6, 4, 7, 1.5], "rotation": 270, "texture": "#2_1"},
				"south": {"uv": [7.5, 7.5, 8.5, 8.5], "texture": "#2_1"},
				"west": {"uv": [4.5, 7, 5.5, 4.5], "rotation": 90, "texture": "#2_1"},
				"up": {"uv": [1, 6, 0, 8.5], "texture": "#2_1"},
				"down": {"uv": [4, 4.5, 3, 7], "rotation": 180, "texture": "#2_1"}
			}
		},
		{
			"name": "octagon",
			"from": [14.85, -0.28553, -10],
			"to": [16.85, 1.78553, -5],
			"rotation": {"angle": 0, "axis": "x", "origin": [8, 0.75, -7.5]},
			"faces": {
				"north": {"uv": [0, 10, 1, 9], "rotation": 180, "texture": "#2_1"},
				"east": {"uv": [3, 10, 4, 7.5], "rotation": 270, "texture": "#2_1"},
				"south": {"uv": [9, 0, 10, 1], "texture": "#2_1"},
				"west": {"uv": [7.5, 2.5, 8.5, 0], "rotation": 90, "texture": "#2_1"},
				"up": {"uv": [2.5, 7.5, 1.5, 10], "texture": "#2_1"},
				"down": {"uv": [7, 4.5, 6, 7], "rotation": 180, "texture": "#2_1"}
			}
		},
		{
			"from": [-0.9, -1.375, -9.625],
			"to": [-0.9, 2.875, -5.375],
			"rotation": {"angle": -22.5, "axis": "x", "origin": [8, 0.75, -7.5]},
			"faces": {
				"west": {"uv": [0, 0, 16, 16], "texture": "#1_2"}
			}
		},
		{
			"from": [16.9, -1.375, -9.625],
			"to": [16.9, 2.875, -5.375],
			"rotation": {"angle": -22.5, "axis": "x", "origin": [8, 0.75, -7.5]},
			"faces": {
				"east": {"uv": [0, 16, 16, 0], "rotation": 180, "texture": "#1_2"}
			}
		},
		{
			"name": "octagon",
			"from": [-0.848, -1.748, 18.46647],
			"to": [1.148, 3.248, 20.53353],
			"rotation": {"angle": 0, "axis": "x", "origin": [-0.375, 0.75, 19.5]},
			"faces": {
				"north": {"uv": [1, 5.5, 0, 3], "rotation": 180, "texture": "#2_1"},
				"east": {"uv": [0, 0, 2.5, 1], "rotation": 90, "texture": "#2_1"},
				"south": {"uv": [4, 0, 3, 2.5], "texture": "#2_1"},
				"west": {"uv": [0, 1.5, 2.5, 2.5], "rotation": 270, "texture": "#2_1"},
				"up": {"uv": [4.5, 7.5, 5.5, 8.5], "texture": "#2_1"},
				"down": {"uv": [7.5, 3, 8.5, 4], "rotation": 180, "texture": "#2_1"}
			}
		},
		{
			"name": "octagon",
			"from": [-0.85, -1.75, 18.46447],
			"to": [1.15, 3.25, 20.53553],
			"rotation": {"angle": -45, "axis": "x", "origin": [-0.375, 0.75, 19.5]},
			"faces": {
				"north": {"uv": [2.5, 7, 1.5, 4.5], "rotation": 180, "texture": "#2_1"},
				"east": {"uv": [1.5, 3, 4, 4], "rotation": 90, "texture": "#2_1"},
				"south": {"uv": [5.5, 1.5, 4.5, 4], "texture": "#2_1"},
				"west": {"uv": [4.5, 0, 7, 1], "rotation": 270, "texture": "#2_1"},
				"up": {"uv": [6, 7.5, 7, 8.5], "texture": "#2_1"},
				"down": {"uv": [7.5, 4.5, 8.5, 5.5], "rotation": 180, "texture": "#2_1"}
			}
		},
		{
			"name": "octagon",
			"from": [-0.848, -0.28353, 17.002],
			"to": [1.148, 1.78353, 21.998],
			"rotation": {"angle": 0, "axis": "x", "origin": [-0.375, 0.75, 19.5]},
			"faces": {
				"north": {"uv": [8.5, 7, 7.5, 6], "rotation": 180, "texture": "#2_1"},
				"east": {"uv": [4.5, 4.5, 5.5, 7], "rotation": 90, "texture": "#2_1"},
				"south": {"uv": [8.5, 7.5, 7.5, 8.5], "texture": "#2_1"},
				"west": {"uv": [6, 1.5, 7, 4], "rotation": 270, "texture": "#2_1"},
				"up": {"uv": [0, 6, 1, 8.5], "texture": "#2_1"},
				"down": {"uv": [3, 4.5, 4, 7], "rotation": 180, "texture": "#2_1"}
			}
		},
		{
			"name": "octagon",
			"from": [-0.85, -0.28553, 17],
			"to": [1.15, 1.78553, 22],
			"rotation": {"angle": -45, "axis": "x", "origin": [-0.375, 0.75, 19.5]},
			"faces": {
				"north": {"uv": [1, 10, 0, 9], "rotation": 180, "texture": "#2_1"},
				"east": {"uv": [7.5, 0, 8.5, 2.5], "rotation": 90, "texture": "#2_1"},
				"south": {"uv": [10, 0, 9, 1], "texture": "#2_1"},
				"west": {"uv": [3, 7.5, 4, 10], "rotation": 270, "texture": "#2_1"},
				"up": {"uv": [1.5, 7.5, 2.5, 10], "texture": "#2_1"},
				"down": {"uv": [6, 4.5, 7, 7], "rotation": 180, "texture": "#2_1"}
			}
		},
		{
			"name": "octagon",
			"from": [14.852, -1.748, 18.46647],
			"to": [16.848, 3.248, 20.53353],
			"rotation": {"angle": 0, "axis": "x", "origin": [16.375, 0.75, 19.5]},
			"faces": {
				"north": {"uv": [0, 5.5, 1, 3], "rotation": 180, "texture": "#2_1"},
				"east": {"uv": [0, 2.5, 2.5, 1.5], "rotation": 270, "texture": "#2_1"},
				"south": {"uv": [3, 0, 4, 2.5], "texture": "#2_1"},
				"west": {"uv": [0, 1, 2.5, 0], "rotation": 90, "texture": "#2_1"},
				"up": {"uv": [5.5, 7.5, 4.5, 8.5], "texture": "#2_1"},
				"down": {"uv": [8.5, 3, 7.5, 4], "rotation": 180, "texture": "#2_1"}
			}
		},
		{
			"name": "octagon",
			"from": [14.85, -1.75, 18.46447],
			"to": [16.85, 3.25, 20.53553],
			"rotation": {"angle": -45, "axis": "x", "origin": [16.375, 0.75, 19.5]},
			"faces": {
				"north": {"uv": [1.5, 7, 2.5, 4.5], "rotation": 180, "texture": "#2_1"},
				"east": {"uv": [4.5, 1, 7, 0], "rotation": 270, "texture": "#2_1"},
				"south": {"uv": [4.5, 1.5, 5.5, 4], "texture": "#2_1"},
				"west": {"uv": [1.5, 4, 4, 3], "rotation": 90, "texture": "#2_1"},
				"up": {"uv": [7, 7.5, 6, 8.5], "texture": "#2_1"},
				"down": {"uv": [8.5, 4.5, 7.5, 5.5], "rotation": 180, "texture": "#2_1"}
			}
		},
		{
			"name": "octagon",
			"from": [14.852, -0.28353, 17.002],
			"to": [16.848, 1.78353, 21.998],
			"rotation": {"angle": 0, "axis": "x", "origin": [16.375, 0.75, 19.5]},
			"faces": {
				"north": {"uv": [7.5, 7, 8.5, 6], "rotation": 180, "texture": "#2_1"},
				"east": {"uv": [6, 4, 7, 1.5], "rotation": 270, "texture": "#2_1"},
				"south": {"uv": [7.5, 7.5, 8.5, 8.5], "texture": "#2_1"},
				"west": {"uv": [4.5, 7, 5.5, 4.5], "rotation": 90, "texture": "#2_1"},
				"up": {"uv": [1, 6, 0, 8.5], "texture": "#2_1"},
				"down": {"uv": [4, 4.5, 3, 7], "rotation": 180, "texture": "#2_1"}
			}
		},
		{
			"name": "octagon",
			"from": [14.85, -0.28553, 17],
			"to": [16.85, 1.78553, 22],
			"rotation": {"angle": -45, "axis": "x", "origin": [16.375, 0.75, 19.5]},
			"faces": {
				"north": {"uv": [0, 10, 1, 9], "rotation": 180, "texture": "#2_1"},
				"east": {"uv": [3, 10, 4, 7.5], "rotation": 270, "texture": "#2_1"},
				"south": {"uv": [9, 0, 10, 1], "texture": "#2_1"},
				"west": {"uv": [7.5, 2.5, 8.5, 0], "rotation": 90, "texture": "#2_1"},
				"up": {"uv": [2.5, 7.5, 1.5, 10], "texture": "#2_1"},
				"down": {"uv": [7, 4.5, 6, 7], "rotation": 180, "texture": "#2_1"}
			}
		},
		{
			"from": [-0.9, -1.375, 17.375],
			"to": [-0.9, 2.875, 21.625],
			"rotation": {"angle": 22.5, "axis": "x", "origin": [-0.375, 0.75, 19.5]},
			"faces": {
				"west": {"uv": [0, 0, 16, 16], "rotation": 270, "texture": "#1_2"}
			}
		},
		{
			"from": [16.9, -1.375, 17.375],
			"to": [16.9, 2.875, 21.625],
			"rotation": {"angle": 22.5, "axis": "x", "origin": [16.375, 0.75, 19.5]},
			"faces": {
				"east": {"uv": [0, 16, 16, 0], "rotation": 270, "texture": "#1_2"}
			}
		}
	],
	"display": {
		"thirdperson_righthand": {
			"rotation": [75, 45, 0],
			"translation": [0, 2.5, 0],
			"scale": [0.375, 0.375, 0.375]
		},
		"thirdperson_lefthand": {
			"rotation": [75, 45, 0],
			"translation": [0, 2.5, 0],
			"scale": [0.375, 0.375, 0.375]
		},
		"firstperson_righthand": {
			"rotation": [0, 45, 0],
			"scale": [0.4, 0.4, 0.4]
		},
		"firstperson_lefthand": {
			"rotation": [0, -135, 0],
			"scale": [0.4, 0.4, 0.4]
		},
		"ground": {
			"translation": [0, 3, 0],
			"scale": [0.25, 0.25, 0.25]
		},
		"gui": {
			"rotation": [30, -135, 0],
			"translation": [0, 1, 0],
			"scale": [0.33, 0.33, 0.33]
		},
		"head": {
			"translation": [0, -4.25, 53.5],
			"scale": [4, 4, 4]
		}
	},
	"groups": [
		{
			"name": "group",
			"origin": [3, 6, -6.5],
			"color": 0,
			"children": [
				0,
				1,
				2,
				3,
				4,
				5,
				6,
				7,
				8,
				9,
				10,
				11,
				12,
				13,
				14,
				15,
				16,
				17,
				18,
				19,
				20,
				21,
				22,
				23,
				24,
				25,
				26,
				27,
				28,
				29,
				30,
				31,
				32,
				33,
				34,
				35,
				36,
				37,
				38,
				39,
				40,
				41,
				42,
				43,
				44,
				45,
				46,
				47,
				48
			]
		},
		{
			"name": "seats",
			"origin": [8, 8, 8],
			"color": 0,
			"children": [
				{
					"name": "group",
					"origin": [8.5, 3, -9.5],
					"color": 0,
					"children": [49, 50, 51, 52]
				}
			]
		},
		53,
		54,
		55,
		56,
		57,
		{
			"name": "tires2",
			"origin": [8, 8, 8],
			"color": 0,
			"children": []
		},
		58,
		59,
		{
			"name": "lp_seats",
			"origin": [8, 8, 8],
			"color": 0,
			"children": [
				{
					"name": "group",
					"origin": [4.5, 6.25, 0.25],
					"color": 0,
					"children": [
						{
							"name": "group",
							"origin": [11.752, 3.002, 5.498],
							"color": 0,
							"children": [60, 61, 62, 63, 64, 65, 66, 67, 68, 69, 70, 71]
						},
						72,
						73,
						74,
						75,
						76
					]
				}
			]
		},
		{
			"name": "tires_temp2",
			"origin": [8, 8, 8],
			"color": 0,
			"children": [
				{
					"name": "tires_temp",
					"origin": [8, 8, 8],
					"color": 0,
					"children": [
						{
							"name": "tire_template",
							"origin": [8, 8, 8],
							"color": 0,
							"children": [
								{
									"name": "octagon",
									"origin": [8, 8, 8],
									"color": 0,
									"children": [77, 78, 79, 80, 81, 82, 83, 84]
								},
								85,
								86
							]
						},
						{
							"name": "tire_template",
							"origin": [8, 8, 8],
							"color": 0,
							"children": [
								{
									"name": "octagon",
									"origin": [8, 8, 8],
									"color": 0,
									"children": [87, 88, 89, 90, 91, 92, 93, 94]
								},
								95,
								96
							]
						}
					]
				}
			]
		}
	]
}