{
	"credit": "Made with Blockbench",
	"textures": {
		"1": "block/hondashadowblazer"
	},
	"elements": [
		{
			"from": [6.76, 15.2, -2.8705],
			"to": [8.74, 16.6, 1.1295],
			"rotation": {"angle": 0, "axis": "y", "origin": [7.74429, 14.99774, 8.65]},
			"faces": {
				"north": {"uv": [6, 2.75, 7, 3.75], "texture": "#1"},
				"east": {"uv": [6, 2.75, 8, 3.5], "texture": "#1"},
				"south": {"uv": [7, 2.75, 8, 3.75], "texture": "#1"},
				"west": {"uv": [6, 2.75, 8, 3.5], "texture": "#1"},
				"up": {"uv": [8, 3.75, 6, 2.75], "rotation": 90, "texture": "#1"},
				"down": {"uv": [6, 3.75, 8, 2.75], "rotation": 90, "texture": "#1"}
			}
		},
		{
			"from": [6.75, 9.31291, 2.19924],
			"to": [8.75, 10.81291, 5.39924],
			"rotation": {"angle": 45, "axis": "x", "origin": [7.74429, 14.99774, 8.65]},
			"faces": {
				"north": {"uv": [6.5, 2.75, 7.5, 3.75], "texture": "#1"},
				"east": {"uv": [6.5, 2.75, 8, 3.5], "texture": "#1"},
				"south": {"uv": [6.5, 2.75, 7.5, 3.75], "texture": "#1"},
				"west": {"uv": [6.5, 2.75, 8, 3.5], "texture": "#1"},
				"up": {"uv": [8, 3.75, 6.5, 2.75], "rotation": 90, "texture": "#1"},
				"down": {"uv": [6.5, 3.75, 8, 2.75], "rotation": 90, "texture": "#1"}
			}
		},
		{
			"from": [6.75, 22.67693, 0.13674],
			"to": [8.75, 24.27693, 1.63674],
			"rotation": {"angle": -45, "axis": "x", "origin": [7.74429, 14.99774, 8.65]},
			"faces": {
				"north": {"uv": [10.5, 3, 11.5, 4], "texture": "#1"},
				"east": {"uv": [7.5, 2.75, 8.5, 3.5], "rotation": 90, "texture": "#1"},
				"south": {"uv": [7.75, 2.75, 8.75, 3.75], "texture": "#1"},
				"west": {"uv": [7.75, 2.75, 8.75, 3.5], "rotation": 90, "texture": "#1"},
				"up": {"uv": [8.75, 3.5, 7.75, 2.75], "texture": "#1"},
				"down": {"uv": [8.75, 3, 7.75, 3.75], "texture": "#1"}
			}
		},
		{
			"from": [6.89, 0.05165, 2.98449],
			"to": [8.555, 1.16165, 6.53649],
			"rotation": {"angle": 45, "axis": "x", "origin": [7.71616, 15.1005, 10.0895]},
			"faces": {
				"north": {"uv": [4.75, 7.25, 4, 5.75], "texture": "#1"},
				"east": {"uv": [4.75, 7.25, 4, 5.75], "texture": "#1"},
				"south": {"uv": [4.75, 7.25, 4, 5.75], "texture": "#1"},
				"west": {"uv": [4.75, 7.25, 4, 5.75], "texture": "#1"},
				"up": {"uv": [4, 7.25, 3.25, 5.75], "texture": "#1"},
				"down": {"uv": [4.75, 7.25, 4, 5.75], "texture": "#1"}
			}
		},
		{
			"from": [6.89, 9.48336, -5.57564],
			"to": [8.555, 13.03536, -4.46564],
			"rotation": {"angle": 0, "axis": "y", "origin": [7.71616, 15.1005, 10.0895]},
			"faces": {
				"north": {"uv": [4, 5.75, 4.75, 7.25], "texture": "#1"},
				"east": {"uv": [4, 5.75, 4.75, 7.25], "texture": "#1"},
				"south": {"uv": [3.25, 5.75, 4, 7.25], "texture": "#1"},
				"west": {"uv": [4, 5.75, 4.75, 7.25], "texture": "#1"},
				"up": {"uv": [4, 5.75, 4.75, 7.25], "texture": "#1"},
				"down": {"uv": [4, 5.75, 4.75, 7.25], "texture": "#1"}
			}
		},
		{
			"from": [6.89, 9.48336, 1.88964],
			"to": [8.555, 13.03536, 2.99964],
			"rotation": {"angle": 0, "axis": "y", "origin": [7.71616, 15.1005, 10.0895]},
			"faces": {
				"north": {"uv": [3.25, 5.75, 4, 7.25], "texture": "#1"},
				"east": {"uv": [4, 5.75, 4.75, 7.25], "texture": "#1"},
				"south": {"uv": [4, 5.75, 4.75, 7.25], "texture": "#1"},
				"west": {"uv": [4, 5.75, 4.75, 7.25], "texture": "#1"},
				"up": {"uv": [4, 5.75, 4.75, 7.25], "texture": "#1"},
				"down": {"uv": [4, 5.75, 4.75, 7.25], "texture": "#1"}
			}
		},
		{
			"from": [6.89, 14.437, -3.064],
			"to": [8.555, 15.547, 0.488],
			"rotation": {"angle": 0, "axis": "y", "origin": [7.71616, 15.1005, 10.0895]},
			"faces": {
				"north": {"uv": [4.75, 7.25, 4, 5.75], "texture": "#1"},
				"east": {"uv": [4.75, 7.25, 4, 5.75], "texture": "#1"},
				"south": {"uv": [4.75, 7.25, 4, 5.75], "texture": "#1"},
				"west": {"uv": [4.75, 7.25, 4, 5.75], "texture": "#1"},
				"up": {"uv": [4.75, 7.25, 4, 5.75], "texture": "#1"},
				"down": {"uv": [4, 7.25, 3.25, 5.75], "texture": "#1"}
			}
		},
		{
			"from": [6.89, 6.97171, -3.064],
			"to": [8.555, 8.08171, 0.488],
			"rotation": {"angle": 0, "axis": "y", "origin": [7.71616, 15.1005, 10.0895]},
			"faces": {
				"north": {"uv": [4.75, 7.25, 4, 5.75], "texture": "#1"},
				"east": {"uv": [4.75, 7.25, 4, 5.75], "texture": "#1"},
				"south": {"uv": [4.75, 7.25, 4, 5.75], "texture": "#1"},
				"west": {"uv": [4.75, 7.25, 4, 5.75], "texture": "#1"},
				"up": {"uv": [4, 7.25, 3.25, 5.75], "texture": "#1"},
				"down": {"uv": [4.75, 7.25, 4, 5.75], "texture": "#1"}
			}
		},
		{
			"from": [6.89, 7.51694, 2.98449],
			"to": [8.555, 8.62694, 6.53649],
			"rotation": {"angle": 45, "axis": "x", "origin": [7.71616, 15.1005, 10.0895]},
			"faces": {
				"north": {"uv": [4.75, 7.25, 4, 5.75], "texture": "#1"},
				"east": {"uv": [4.75, 7.25, 4, 5.75], "texture": "#1"},
				"south": {"uv": [4.75, 7.25, 4, 5.75], "texture": "#1"},
				"west": {"uv": [4.75, 7.25, 4, 5.75], "texture": "#1"},
				"up": {"uv": [4.75, 7.25, 4, 5.75], "texture": "#1"},
				"down": {"uv": [4, 7.25, 3.25, 5.75], "texture": "#1"}
			}
		},
		{
			"from": [6.89, 16.14186, -2.4477],
			"to": [8.555, 17.25186, 1.1043],
			"rotation": {"angle": -45, "axis": "x", "origin": [7.71616, 15.1005, 10.0895]},
			"faces": {
				"north": {"uv": [4.75, 5.75, 4, 7.25], "texture": "#1"},
				"east": {"uv": [4.75, 5.75, 4, 7.25], "texture": "#1"},
				"south": {"uv": [4.75, 5.75, 4, 7.25], "texture": "#1"},
				"west": {"uv": [4.75, 5.75, 4, 7.25], "texture": "#1"},
				"up": {"uv": [4, 5.75, 3.25, 7.25], "texture": "#1"},
				"down": {"uv": [4.75, 5.75, 4, 7.25], "texture": "#1"}
			}
		},
		{
			"from": [7.667, 7.999, -4.729],
			"to": [7.667, 14.659, 1.931],
			"rotation": {"angle": 0, "axis": "y", "origin": [7.71616, 15.1005, 10.0895]},
			"faces": {
				"north": {"uv": [0, 0, 0, 3], "texture": "#1"},
				"east": {"uv": [3, 0, 0, 3], "texture": "#1"},
				"south": {"uv": [0, 0, 0, 3], "texture": "#1"},
				"west": {"uv": [0, 0, 3, 3], "texture": "#1"},
				"up": {"uv": [0, 3, 0, 0], "texture": "#1"},
				"down": {"uv": [0, 0, 0, 3], "texture": "#1"}
			}
		},
		{
			"from": [5.78, 10.552, -1.8985],
			"to": [9.665, 11.662, -0.7885],
			"rotation": {"angle": 0, "axis": "y", "origin": [7.71616, 15.1005, 10.0895]},
			"faces": {
				"north": {"uv": [8.25, 9.5, 8.75, 11.25], "rotation": 90, "texture": "#1"},
				"east": {"uv": [8.25, 10.75, 8.75, 11.25], "texture": "#1"},
				"south": {"uv": [8.25, 9.5, 8.75, 11.25], "rotation": 90, "texture": "#1"},
				"west": {"uv": [8.25, 10.75, 8.75, 11.25], "texture": "#1"},
				"up": {"uv": [8.75, 11.25, 8.25, 9.5], "rotation": 90, "texture": "#1"},
				"down": {"uv": [8.25, 11.25, 8.75, 9.5], "rotation": 90, "texture": "#1"}
			}
		},
		{
			"from": [6.89, 23.60715, -2.4477],
			"to": [8.555, 24.71715, 1.1043],
			"rotation": {"angle": -45, "axis": "x", "origin": [7.71616, 15.1005, 10.0895]},
			"faces": {
				"north": {"uv": [4.75, 5.75, 4, 7.25], "texture": "#1"},
				"east": {"uv": [4.75, 5.75, 4, 7.25], "texture": "#1"},
				"south": {"uv": [4.75, 5.75, 4, 7.25], "texture": "#1"},
				"west": {"uv": [4.75, 5.75, 4, 7.25], "texture": "#1"},
				"up": {"uv": [4.75, 5.75, 4, 7.25], "texture": "#1"},
				"down": {"uv": [4, 5.75, 3.25, 7.25], "texture": "#1"}
			}
		},
		{
			"from": [6.89, 16.14186, 17.1517],
			"to": [8.555, 17.25186, 20.7037],
			"rotation": {"angle": 45, "axis": "x", "origin": [7.71616, 15.1005, 8.1665]},
			"faces": {
				"north": {"uv": [4.75, 7.25, 4, 5.75], "texture": "#1"},
				"east": {"uv": [4.75, 7.25, 4, 5.75], "texture": "#1"},
				"south": {"uv": [4.75, 7.25, 4, 5.75], "texture": "#1"},
				"west": {"uv": [4.75, 7.25, 4, 5.75], "texture": "#1"},
				"up": {"uv": [4, 7.25, 3.25, 5.75], "texture": "#1"},
				"down": {"uv": [4.75, 7.25, 4, 5.75], "texture": "#1"}
			}
		},
		{
			"from": [6.89, 9.48336, 15.25636],
			"to": [8.555, 13.03536, 16.36636],
			"rotation": {"angle": 0, "axis": "y", "origin": [7.71616, 15.1005, 8.1665]},
			"faces": {
				"north": {"uv": [4, 5.75, 4.75, 7.25], "texture": "#1"},
				"east": {"uv": [4, 5.75, 4.75, 7.25], "texture": "#1"},
				"south": {"uv": [3.25, 5.75, 4, 7.25], "texture": "#1"},
				"west": {"uv": [4, 5.75, 4.75, 7.25], "texture": "#1"},
				"up": {"uv": [4, 5.75, 4.75, 7.25], "texture": "#1"},
				"down": {"uv": [4, 5.75, 4.75, 7.25], "texture": "#1"}
			}
		},
		{
			"from": [6.89, 9.48336, 22.72164],
			"to": [8.555, 13.03536, 23.83164],
			"rotation": {"angle": 0, "axis": "y", "origin": [7.71616, 15.1005, 8.1665]},
			"faces": {
				"north": {"uv": [3.25, 5.75, 4, 7.25], "texture": "#1"},
				"east": {"uv": [4, 5.75, 4.75, 7.25], "texture": "#1"},
				"south": {"uv": [4, 5.75, 4.75, 7.25], "texture": "#1"},
				"west": {"uv": [4, 5.75, 4.75, 7.25], "texture": "#1"},
				"up": {"uv": [4, 5.75, 4.75, 7.25], "texture": "#1"},
				"down": {"uv": [4, 5.75, 4.75, 7.25], "texture": "#1"}
			}
		},
		{
			"from": [6.89, 14.437, 17.768],
			"to": [8.555, 15.547, 21.32],
			"rotation": {"angle": 0, "axis": "y", "origin": [7.71616, 15.1005, 8.1665]},
			"faces": {
				"north": {"uv": [4.75, 7.25, 4, 5.75], "texture": "#1"},
				"east": {"uv": [4.75, 7.25, 4, 5.75], "texture": "#1"},
				"south": {"uv": [4.75, 7.25, 4, 5.75], "texture": "#1"},
				"west": {"uv": [4.75, 7.25, 4, 5.75], "texture": "#1"},
				"up": {"uv": [4.75, 7.25, 4, 5.75], "texture": "#1"},
				"down": {"uv": [4, 7.25, 3.25, 5.75], "texture": "#1"}
			}
		},
		{
			"from": [6.89, 6.97171, 17.768],
			"to": [8.555, 8.08171, 21.32],
			"rotation": {"angle": 0, "axis": "y", "origin": [7.71616, 15.1005, 8.1665]},
			"faces": {
				"north": {"uv": [4.75, 7.25, 4, 5.75], "texture": "#1"},
				"east": {"uv": [4.75, 7.25, 4, 5.75], "texture": "#1"},
				"south": {"uv": [4.75, 7.25, 4, 5.75], "texture": "#1"},
				"west": {"uv": [4.75, 7.25, 4, 5.75], "texture": "#1"},
				"up": {"uv": [4, 7.25, 3.25, 5.75], "texture": "#1"},
				"down": {"uv": [4.75, 7.25, 4, 5.75], "texture": "#1"}
			}
		},
		{
			"from": [6.89, 23.60715, 17.1517],
			"to": [8.555, 24.71715, 20.7037],
			"rotation": {"angle": 45, "axis": "x", "origin": [7.71616, 15.1005, 8.1665]},
			"faces": {
				"north": {"uv": [4.75, 7.25, 4, 5.75], "texture": "#1"},
				"east": {"uv": [4.75, 7.25, 4, 5.75], "texture": "#1"},
				"south": {"uv": [4.75, 7.25, 4, 5.75], "texture": "#1"},
				"west": {"uv": [4.75, 7.25, 4, 5.75], "texture": "#1"},
				"up": {"uv": [4.75, 7.25, 4, 5.75], "texture": "#1"},
				"down": {"uv": [4, 7.25, 3.25, 5.75], "texture": "#1"}
			}
		},
		{
			"from": [6.89, 0.05165, 11.71951],
			"to": [8.555, 1.16165, 15.27151],
			"rotation": {"angle": -45, "axis": "x", "origin": [7.71616, 15.1005, 8.1665]},
			"faces": {
				"north": {"uv": [4.75, 5.75, 4, 7.25], "texture": "#1"},
				"east": {"uv": [4.75, 5.75, 4, 7.25], "texture": "#1"},
				"south": {"uv": [4.75, 5.75, 4, 7.25], "texture": "#1"},
				"west": {"uv": [4.75, 5.75, 4, 7.25], "texture": "#1"},
				"up": {"uv": [4, 5.75, 3.25, 7.25], "texture": "#1"},
				"down": {"uv": [4.75, 5.75, 4, 7.25], "texture": "#1"}
			}
		},
		{
			"from": [7.667, 7.999, 16.103],
			"to": [7.667, 14.659, 22.763],
			"rotation": {"angle": 0, "axis": "y", "origin": [7.71616, 15.1005, 8.1665]},
			"faces": {
				"north": {"uv": [0, 0, 0, 3], "texture": "#1"},
				"east": {"uv": [3, 0, 0, 3], "texture": "#1"},
				"south": {"uv": [0, 0, 0, 3], "texture": "#1"},
				"west": {"uv": [0, 0, 3, 3], "texture": "#1"},
				"up": {"uv": [0, 3, 0, 0], "texture": "#1"},
				"down": {"uv": [0, 0, 0, 3], "texture": "#1"}
			}
		},
		{
			"from": [6.89, 10.552, 19.1555],
			"to": [8.555, 11.662, 20.2655],
			"rotation": {"angle": 0, "axis": "y", "origin": [7.71616, 15.1005, 8.1665]},
			"faces": {
				"north": {"uv": [8.25, 9.5, 8.75, 11.25], "rotation": 90, "texture": "#1"},
				"east": {"uv": [8.25, 10.75, 8.75, 11.25], "texture": "#1"},
				"south": {"uv": [8.25, 9.5, 8.75, 11.25], "rotation": 90, "texture": "#1"},
				"west": {"uv": [8.25, 10.75, 8.75, 11.25], "texture": "#1"},
				"up": {"uv": [8.75, 11.25, 8.25, 9.5], "rotation": 90, "texture": "#1"},
				"down": {"uv": [8.25, 11.25, 8.75, 9.5], "rotation": 90, "texture": "#1"}
			}
		},
		{
			"from": [6.89, 7.51694, 11.71951],
			"to": [8.555, 8.62694, 15.27151],
			"rotation": {"angle": -45, "axis": "x", "origin": [7.71616, 15.1005, 8.1665]},
			"faces": {
				"north": {"uv": [4.75, 5.75, 4, 7.25], "texture": "#1"},
				"east": {"uv": [4.75, 5.75, 4, 7.25], "texture": "#1"},
				"south": {"uv": [4.75, 5.75, 4, 7.25], "texture": "#1"},
				"west": {"uv": [4.75, 5.75, 4, 7.25], "texture": "#1"},
				"up": {"uv": [4.75, 5.75, 4, 7.25], "texture": "#1"},
				"down": {"uv": [4, 5.75, 3.25, 7.25], "texture": "#1"}
			}
		},
		{
			"from": [6.6, 14.7, 13.9],
			"to": [9.1, 17.2, 19],
			"rotation": {"angle": 0, "axis": "y", "origin": [7.74429, 14.89774, 8.25]},
			"faces": {
				"north": {"uv": [4.25, 9.75, 5.5, 11], "texture": "#1"},
				"east": {"uv": [2.25, 9.75, 4.25, 11], "texture": "#1"},
				"south": {"uv": [12.5, 2.75, 13.75, 4], "texture": "#1"},
				"west": {"uv": [2.25, 9.75, 4.25, 11], "texture": "#1"},
				"up": {"uv": [4.25, 12.25, 2.25, 11], "rotation": 90, "texture": "#1"},
				"down": {"uv": [5.75, 7.75, 6.75, 6.5], "rotation": 90, "texture": "#1"}
			}
		},
		{
			"from": [6.591, 18.6386, 17.30067],
			"to": [9.101, 21.1386, 21.40067],
			"rotation": {"angle": 22.5, "axis": "x", "origin": [7.74429, 14.89774, 8.25]},
			"faces": {
				"north": {"uv": [12.5, 2.75, 13.75, 4], "texture": "#1"},
				"east": {"uv": [2.25, 9.75, 4.25, 11], "texture": "#1"},
				"south": {"uv": [4.25, 9.75, 5.5, 11], "texture": "#1"},
				"west": {"uv": [2.25, 9.75, 4.25, 11], "texture": "#1"},
				"up": {"uv": [4.25, 12.25, 2.25, 11], "rotation": 90, "texture": "#1"},
				"down": {"uv": [5.75, 7, 6.75, 5.75], "rotation": 90, "texture": "#1"}
			}
		},
		{
			"from": [6.6, 10.2, 11.6],
			"to": [8.85, 11.7, 20.1],
			"rotation": {"angle": 0, "axis": "y", "origin": [7.74429, 15.69774, 8.95]},
			"faces": {
				"north": {"uv": [10.5, 6, 11.25, 6.75], "texture": "#1"},
				"east": {"uv": [14.75, 5.25, 10.5, 6], "texture": "#1"},
				"south": {"uv": [10.5, 6, 11.25, 6.75], "texture": "#1"},
				"west": {"uv": [10.5, 5.25, 14.75, 6], "texture": "#1"},
				"up": {"uv": [14.75, 6.75, 10.5, 6], "rotation": 90, "texture": "#1"},
				"down": {"uv": [10.5, 6.75, 14.75, 6], "rotation": 90, "texture": "#1"}
			}
		},
		{
			"from": [6.8, 19.26962, 12.1362],
			"to": [8.55, 20.76962, 19.6362],
			"rotation": {"angle": 45, "axis": "x", "origin": [7.74429, 15.69774, 8.95]},
			"faces": {
				"north": {"uv": [10.5, 6, 11.25, 6.75], "texture": "#1"},
				"east": {"uv": [14.75, 5.25, 10.5, 6], "texture": "#1"},
				"south": {"uv": [10.5, 6, 11.25, 6.75], "texture": "#1"},
				"west": {"uv": [10.5, 5.25, 14.75, 6], "texture": "#1"},
				"up": {"uv": [14.75, 6.75, 10.5, 6], "rotation": 90, "texture": "#1"},
				"down": {"uv": [10.5, 6.75, 14.75, 6], "rotation": 90, "texture": "#1"}
			}
		},
		{
			"from": [6, 8.75, 7.8],
			"to": [7, 10.45, 11.3],
			"rotation": {"angle": 0, "axis": "y", "origin": [7.74429, 14.29774, 8.15]},
			"faces": {
				"north": {"uv": [10, 6.75, 10.5, 7.5], "texture": "#1"},
				"east": {"uv": [8.75, 6.75, 10.5, 7.5], "texture": "#1"},
				"south": {"uv": [8.75, 6.75, 9.25, 7.5], "texture": "#1"},
				"west": {"uv": [8.75, 6.75, 10.5, 7.5], "texture": "#1"},
				"up": {"uv": [10.5, 7.25, 8.75, 6.75], "rotation": 90, "texture": "#1"},
				"down": {"uv": [8.75, 7.25, 10.5, 6.75], "rotation": 90, "texture": "#1"}
			}
		},
		{
			"from": [9.2912, 11.6, 11.29344],
			"to": [10.4912, 13.1, 19.79344],
			"rotation": {"angle": 0, "axis": "y", "origin": [7.74429, 15.39774, 8.15]},
			"faces": {
				"north": {"uv": [5.75, 8.5, 6.25, 9.25], "texture": "#1"},
				"east": {"uv": [2, 8.5, 6.25, 9.25], "texture": "#1"},
				"south": {"uv": [12.5, 3.25, 13, 3.75], "texture": "#1"},
				"west": {"uv": [6.25, 8.5, 2, 9.25], "texture": "#1"},
				"up": {"uv": [6.25, 8.5, 2, 9], "rotation": 90, "texture": "#1"},
				"down": {"uv": [2, 9.25, 6.25, 9], "rotation": 90, "texture": "#1"}
			}
		},
		{
			"from": [7.87916, 11.6, 8.80535],
			"to": [9.07916, 13.1, 12.10535],
			"rotation": {"angle": 22.5, "axis": "y", "origin": [7.74429, 15.39774, 8.15]},
			"faces": {
				"north": {"uv": [7, 8.5, 7.5, 9.25], "texture": "#1"},
				"east": {"uv": [5.75, 8.5, 7.4, 9.25], "texture": "#1"},
				"south": {"uv": [13, 3, 13.5, 3.75], "texture": "#1"},
				"west": {"uv": [5.75, 8.5, 7.5, 9.25], "texture": "#1"},
				"up": {"uv": [7.5, 9, 5.75, 8.5], "rotation": 90, "texture": "#1"},
				"down": {"uv": [5.75, 8.75, 7.5, 8.5], "rotation": 90, "texture": "#1"}
			}
		},
		{
			"from": [8.87414, 8.9, 6.40327],
			"to": [10.07414, 10.4, 9.70327],
			"rotation": {"angle": 22.5, "axis": "y", "origin": [7.74429, 14.29774, 8.15]},
			"faces": {
				"north": {"uv": [7, 8.5, 7.5, 9.25], "texture": "#1"},
				"east": {"uv": [5.75, 8.5, 7.4, 9.25], "texture": "#1"},
				"south": {"uv": [13, 3, 13.5, 3.75], "texture": "#1"},
				"west": {"uv": [5.75, 8.5, 7.5, 9.25], "texture": "#1"},
				"up": {"uv": [7.5, 9, 5.75, 8.5], "rotation": 90, "texture": "#1"},
				"down": {"uv": [5.75, 8.75, 7.5, 8.5], "rotation": 90, "texture": "#1"}
			}
		},
		{
			"from": [9.2912, 8.9, 8.69344],
			"to": [10.4912, 10.4, 17.19344],
			"rotation": {"angle": 0, "axis": "y", "origin": [7.74429, 14.29774, 8.15]},
			"faces": {
				"north": {"uv": [5.75, 8.5, 6.25, 9.25], "texture": "#1"},
				"east": {"uv": [2, 8.5, 6.25, 9.25], "texture": "#1"},
				"south": {"uv": [12.5, 3.25, 13, 3.75], "texture": "#1"},
				"west": {"uv": [6.25, 8.5, 2, 9.25], "texture": "#1"},
				"up": {"uv": [6.25, 9.25, 2, 9], "rotation": 90, "texture": "#1"},
				"down": {"uv": [2, 9.25, 6.25, 9], "rotation": 90, "texture": "#1"}
			}
		},
		{
			"from": [9, 3.38411, 3.51281],
			"to": [10, 14.78411, 5.01281],
			"rotation": {"angle": 45, "axis": "x", "origin": [7.74429, 14.29774, 9.15]},
			"faces": {
				"north": {"uv": [8.25, 5, 8.75, 11.25], "texture": "#1"},
				"east": {"uv": [7.5, 5, 8.25, 11.25], "texture": "#1"},
				"south": {"uv": [8.25, 5, 8.75, 11.25], "texture": "#1"},
				"west": {"uv": [7.5, 5, 8.25, 11.25], "texture": "#1"},
				"up": {"uv": [8.75, 11.25, 8.25, 10.5], "texture": "#1"},
				"down": {"uv": [8.75, 10.5, 8.25, 11.25], "texture": "#1"}
			}
		},
		{
			"from": [5.5, 3.28411, 3.51281],
			"to": [6.5, 14.58411, 5.01281],
			"rotation": {"angle": 45, "axis": "x", "origin": [7.74429, 14.29774, 9.15]},
			"faces": {
				"north": {"uv": [8.75, 5, 8.25, 11.25], "texture": "#1"},
				"east": {"uv": [7.5, 5, 8.25, 11.25], "texture": "#1"},
				"south": {"uv": [8.75, 5, 8.25, 11.25], "texture": "#1"},
				"west": {"uv": [8.25, 5, 7.5, 11.25], "texture": "#1"},
				"up": {"uv": [8.75, 11.25, 8.25, 10.5], "texture": "#1"},
				"down": {"uv": [8.75, 10.5, 8.25, 11.25], "texture": "#1"}
			}
		},
		{
			"from": [6.5, 16.7, 3.3],
			"to": [9, 19.2, 6.2],
			"rotation": {"angle": 0, "axis": "y", "origin": [7.74429, 13.69774, 8.35]},
			"faces": {
				"north": {"uv": [5.75, 3.75, 7, 5], "texture": "#1"},
				"east": {"uv": [7.25, 3.75, 8.75, 5], "texture": "#1"},
				"south": {"uv": [4.5, 4.25, 5.75, 5.5], "texture": "#1"},
				"west": {"uv": [8.75, 3.75, 7.25, 5], "texture": "#1"},
				"up": {"uv": [5.75, 5.5, 4.5, 4], "texture": "#1"},
				"down": {"uv": [5.75, 4, 4.5, 5.5], "texture": "#1"}
			}
		},
		{
			"from": [6.65, 13.75357, 3.91304],
			"to": [8.85, 15.65357, 15.11304],
			"rotation": {"angle": 0, "axis": "y", "origin": [7.74429, 14.29774, 8.15]},
			"faces": {
				"north": {"uv": [3.75, 12.25, 4.75, 13.25], "texture": "#1"},
				"east": {"uv": [0, 12.25, 4.75, 13.25], "texture": "#1"},
				"south": {"uv": [3.75, 12.25, 4.75, 13.25], "texture": "#1"},
				"west": {"uv": [0, 12.25, 4.75, 13.25], "texture": "#1"},
				"up": {"uv": [4.75, 13.25, 0, 12.25], "rotation": 90, "texture": "#1"},
				"down": {"uv": [0, 13.25, 4.75, 12.25], "rotation": 90, "texture": "#1"}
			}
		},
		{
			"from": [6.9, 9.7, 6.9],
			"to": [8.6, 11.6, 11.9],
			"rotation": {"angle": 0, "axis": "y", "origin": [7.74429, 14.29774, 8.15]},
			"faces": {
				"north": {"uv": [9, 7.75, 9.75, 8.75], "texture": "#1"},
				"east": {"uv": [4, 1.75, 6.5, 2.75], "texture": "#1"},
				"south": {"uv": [9, 7.75, 9.75, 8.75], "texture": "#1"},
				"west": {"uv": [6.5, 1.75, 4, 2.75], "texture": "#1"},
				"up": {"uv": [5.75, 8, 5, 5.5], "texture": "#1"},
				"down": {"uv": [5.75, 5.5, 5, 8], "texture": "#1"}
			}
		},
		{
			"from": [6.9, 9.7, 11.9],
			"to": [8.6, 11.6, 13.9],
			"rotation": {"angle": 0, "axis": "y", "origin": [7.74429, 14.29774, 8.15]},
			"faces": {
				"north": {"uv": [9, 7.75, 9.75, 8.75], "texture": "#1"},
				"east": {"uv": [5.5, 1.75, 6.5, 2.75], "texture": "#1"},
				"south": {"uv": [9, 7.75, 9.75, 8.75], "texture": "#1"},
				"west": {"uv": [6.5, 1.75, 5.5, 2.75], "texture": "#1"},
				"up": {"uv": [5.75, 8, 5, 5.5], "texture": "#1"},
				"down": {"uv": [5.75, 5.5, 5, 8], "texture": "#1"}
			}
		},
		{
			"from": [6.9, 11.6, 11.9],
			"to": [8.6, 13.5, 13.9],
			"rotation": {"angle": 0, "axis": "y", "origin": [7.74429, 14.29774, 9.15]},
			"faces": {
				"north": {"uv": [10.5, 9.25, 11.25, 10.25], "texture": "#1"},
				"east": {"uv": [10.25, 9.25, 11.25, 10.25], "texture": "#1"},
				"south": {"uv": [10.5, 9.25, 11.25, 10.25], "texture": "#1"},
				"west": {"uv": [11.25, 9.25, 10.25, 10.25], "texture": "#1"},
				"up": {"uv": [5.75, 8, 5, 5.5], "texture": "#1"},
				"down": {"uv": [5.75, 5.5, 5, 8], "texture": "#1"}
			}
		},
		{
			"from": [6.4, 11.6, 9.6],
			"to": [9.1, 14.5, 12.3],
			"rotation": {"angle": 0, "axis": "y", "origin": [7.74429, 14.29774, 9.15]},
			"faces": {
				"north": {"uv": [8.75, 8.75, 10, 10.25], "texture": "#1"},
				"east": {"uv": [10, 8.75, 11.25, 10.25], "texture": "#1"},
				"south": {"uv": [8.75, 8.75, 10, 10.25], "texture": "#1"},
				"west": {"uv": [10, 8.75, 11.25, 10.25], "texture": "#1"},
				"up": {"uv": [9, 10.25, 8.75, 10], "texture": "#1"},
				"down": {"uv": [9, 9.75, 8.75, 10], "texture": "#1"}
			}
		},
		{
			"from": [7.88828, 11.6, 7.31409],
			"to": [9.58828, 13.5, 9.01409],
			"rotation": {"angle": 45, "axis": "y", "origin": [7.74429, 14.29774, 9.15]},
			"faces": {
				"north": {"uv": [3, 0.75, 3.75, 1.75], "texture": "#1"},
				"east": {"uv": [3, 0.75, 3.75, 1.75], "texture": "#1"},
				"south": {"uv": [3, 0.75, 3.75, 1.75], "texture": "#1"},
				"west": {"uv": [3, 0.75, 3.75, 1.75], "texture": "#1"},
				"up": {"uv": [6.5, 8, 5.75, 7.25], "texture": "#1"},
				"down": {"uv": [6.5, 7.25, 5.75, 8], "texture": "#1"}
			}
		},
		{
			"from": [6.9, 11.6, 7.9],
			"to": [8.6, 13.5, 9.6],
			"rotation": {"angle": 0, "axis": "y", "origin": [7.74429, 14.29774, 9.15]},
			"faces": {
				"north": {"uv": [3, 0.75, 3.75, 1.75], "texture": "#1"},
				"east": {"uv": [3, 0.75, 3.75, 1.75], "texture": "#1"},
				"south": {"uv": [3, 0.75, 3.75, 1.75], "texture": "#1"},
				"west": {"uv": [3, 0.75, 3.75, 1.75], "texture": "#1"},
				"up": {"uv": [6.5, 8, 5.75, 7.25], "texture": "#1"},
				"down": {"uv": [6.5, 7.25, 5.75, 8], "texture": "#1"}
			}
		},
		{
			"from": [6.75, 10.83814, 14.57479],
			"to": [8.75, 16.83814, 15.57479],
			"rotation": {"angle": 22.5, "axis": "x", "origin": [7.74429, 14.29774, 9.15]},
			"faces": {
				"north": {"uv": [5.75, 5.25, 6.75, 8.25], "texture": "#1"},
				"east": {"uv": [5.75, 5.5, 6.25, 8.25], "texture": "#1"},
				"south": {"uv": [5.75, 5.25, 6.75, 8.25], "texture": "#1"},
				"west": {"uv": [5.75, 5.25, 6.25, 8.25], "texture": "#1"},
				"up": {"uv": [6.75, 8.5, 5.75, 8], "texture": "#1"},
				"down": {"uv": [6.75, 5.25, 5.75, 5.75], "texture": "#1"}
			}
		},
		{
			"from": [6.76, 9.8724, 4.05671],
			"to": [8.74, 15.3724, 5.05671],
			"rotation": {"angle": -22.5, "axis": "x", "origin": [7.74429, 14.29774, 8.15]},
			"faces": {
				"north": {"uv": [5.75, 5, 6.75, 8.25], "texture": "#1"},
				"east": {"uv": [6.25, 5.25, 6.75, 8.25], "texture": "#1"},
				"south": {"uv": [5.75, 5, 6.75, 8.5], "texture": "#1"},
				"west": {"uv": [5.75, 5, 6.25, 8.25], "texture": "#1"},
				"up": {"uv": [6.75, 5.5, 5.75, 5], "texture": "#1"},
				"down": {"uv": [6.75, 8.25, 5.75, 8.75], "texture": "#1"}
			}
		},
		{
			"from": [6.75, 8.64283, 6.0618],
			"to": [8.75, 9.64283, 13.7618],
			"rotation": {"angle": 0, "axis": "y", "origin": [7.74429, 14.29774, 9.15]},
			"faces": {
				"north": {"uv": [5.75, 8, 6.75, 8.5], "texture": "#1"},
				"east": {"uv": [5.75, 5.25, 6.25, 7.5], "rotation": 90, "texture": "#1"},
				"south": {"uv": [5.75, 8, 6.75, 8.5], "texture": "#1"},
				"west": {"uv": [6.25, 5, 5.75, 7.25], "rotation": 90, "texture": "#1"},
				"up": {"uv": [6.75, 7.25, 5.75, 5], "texture": "#1"},
				"down": {"uv": [6.75, 5.25, 5.75, 7.5], "texture": "#1"}
			}
		},
		{
			"from": [6.75, 16.5, 7.24651],
			"to": [8.75, 18.4, 8.84651],
			"rotation": {"angle": 0, "axis": "y", "origin": [7.74429, 14.29774, 8.15]},
			"faces": {
				"north": {"uv": [3, 3, 4, 4], "texture": "#1"},
				"east": {"uv": [2.75, 3, 4, 4], "texture": "#1"},
				"south": {"uv": [3.25, 3.25, 3.75, 3.75], "texture": "#1"},
				"west": {"uv": [3, 3, 3.75, 4], "texture": "#1"},
				"up": {"uv": [4, 3.75, 3, 3], "texture": "#1"},
				"down": {"uv": [5, 0.5, 4, 1.75], "texture": "#1"}
			}
		},
		{
			"from": [4.74853, 18.63371, 5.94594],
			"to": [10.74853, 19.43371, 7.34594],
			"rotation": {"angle": 0, "axis": "y", "origin": [7.74429, 12.89774, 9.05]},
			"faces": {
				"north": {"uv": [8, 7.25, 7.5, 6.5], "rotation": 90, "texture": "#1"},
				"east": {"uv": [8.25, 6.5, 7.5, 7], "texture": "#1"},
				"south": {"uv": [7.5, 7.25, 8, 6.5], "rotation": 90, "texture": "#1"},
				"west": {"uv": [8.25, 6.5, 7.5, 7], "texture": "#1"},
				"up": {"uv": [8.25, 6.5, 7.5, 7.25], "rotation": 90, "texture": "#1"},
				"down": {"uv": [7.5, 6.5, 8.25, 7.25], "rotation": 90, "texture": "#1"}
			}
		},
		{
			"from": [9.30843, 18.61777, 4.97165],
			"to": [12.80843, 19.61777, 6.37165],
			"rotation": {"angle": -22.5, "axis": "y", "origin": [7.74429, 12.89774, 9.05]},
			"faces": {
				"north": {"uv": [10.5, 3.5, 12.25, 4], "texture": "#1"},
				"east": {"uv": [12.75, 3.25, 13.5, 3.75], "texture": "#1"},
				"south": {"uv": [10.5, 4, 12.25, 4.5], "texture": "#1"},
				"west": {"uv": [12.75, 3.25, 13.5, 3.75], "texture": "#1"},
				"up": {"uv": [12.25, 3.75, 10.5, 3], "texture": "#1"},
				"down": {"uv": [12.25, 3.25, 10.5, 4], "texture": "#1"}
			}
		},
		{
			"from": [2.67361, 18.53371, 5.10996],
			"to": [6.17361, 19.53371, 6.50996],
			"rotation": {"angle": 22.5, "axis": "y", "origin": [7.74429, 12.89774, 9.05]},
			"faces": {
				"north": {"uv": [10.5, 3.5, 12.25, 4], "texture": "#1"},
				"east": {"uv": [13, 3.5, 13.75, 4], "texture": "#1"},
				"south": {"uv": [10.5, 4, 12.25, 4.5], "texture": "#1"},
				"west": {"uv": [13, 3.5, 13.75, 4], "texture": "#1"},
				"up": {"uv": [12.25, 4, 10.5, 3.25], "texture": "#1"},
				"down": {"uv": [12.25, 3.25, 10.5, 4], "texture": "#1"}
			}
		},
		{
			"from": [4.42214, 18.37097, 4.90996],
			"to": [5.02214, 19.77097, 6.50996],
			"rotation": {"angle": 22.5, "axis": "y", "origin": [7.74429, 12.89774, 7.05]},
			"faces": {
				"north": {"uv": [11, 3, 11.25, 3.75], "texture": "#1"},
				"east": {"uv": [11, 3, 11.75, 3.75], "texture": "#1"},
				"south": {"uv": [11, 3, 11.25, 3.75], "texture": "#1"},
				"west": {"uv": [11, 3, 11.75, 3.75], "texture": "#1"},
				"up": {"uv": [11.25, 3.75, 11, 3], "texture": "#1"},
				"down": {"uv": [11.25, 3, 11, 3.75], "texture": "#1"}
			}
		},
		{
			"from": [9.75035, 18.47097, 4.87165],
			"to": [10.35035, 19.87097, 6.47165],
			"rotation": {"angle": -22.5, "axis": "y", "origin": [7.74429, 12.89774, 9.05]},
			"faces": {
				"north": {"uv": [11.5, 3, 11.75, 3.75], "texture": "#1"},
				"east": {"uv": [11.5, 3, 12.25, 3.75], "texture": "#1"},
				"south": {"uv": [11.5, 3, 11.75, 3.75], "texture": "#1"},
				"west": {"uv": [11.5, 3, 12.25, 3.75], "texture": "#1"},
				"up": {"uv": [11.75, 3.75, 11.5, 3], "texture": "#1"},
				"down": {"uv": [11.75, 3, 11.5, 3.75], "texture": "#1"}
			}
		},
		{
			"from": [1.4602, 17.37097, 5.61862],
			"to": [5.9602, 21.87097, 5.61862],
			"rotation": {"angle": 22.5, "axis": "y", "origin": [7.74429, 12.89774, 9.05]},
			"faces": {
				"north": {"uv": [2.5, 3, 0.25, 5.25], "texture": "#1"},
				"east": {"uv": [0, 0, 0, 2.25], "texture": "#1"},
				"south": {"uv": [2.5, 5.25, 0.25, 7.5], "texture": "#1"},
				"west": {"uv": [0, 0, 0, 2.25], "texture": "#1"},
				"up": {"uv": [2.25, 0, 0, 0], "texture": "#1"},
				"down": {"uv": [2.25, 0, 0, 0], "texture": "#1"}
			}
		},
		{
			"from": [5.5, 11.85566, 2.94972],
			"to": [10, 16.35566, 2.94972],
			"rotation": {"angle": 45, "axis": "x", "origin": [7.74429, 13.69774, 8.35]},
			"faces": {
				"north": {"uv": [2.25, 9.75, 0, 12], "texture": "#1"},
				"east": {"uv": [0, 0, 0, 2.25], "texture": "#1"},
				"south": {"uv": [2.25, 9.75, 0, 12], "texture": "#1"},
				"west": {"uv": [0, 0, 0, 2.25], "texture": "#1"},
				"up": {"uv": [2.25, 0, 0, 0], "texture": "#1"},
				"down": {"uv": [2.25, 0, 0, 0], "texture": "#1"}
			}
		},
		{
			"from": [9.55035, 17.47097, 5.67165],
			"to": [14.05035, 21.97097, 5.67165],
			"rotation": {"angle": -22.5, "axis": "y", "origin": [7.74429, 12.89774, 9.05]},
			"faces": {
				"north": {"uv": [0.25, 3, 2.5, 5.25], "texture": "#1"},
				"east": {"uv": [0, 0, 0, 2.25], "texture": "#1"},
				"south": {"uv": [0.25, 5.25, 2.5, 7.5], "texture": "#1"},
				"west": {"uv": [0, 0, 0, 2.25], "texture": "#1"},
				"up": {"uv": [2.25, 0, 0, 0], "texture": "#1"},
				"down": {"uv": [2.25, 0, 0, 0], "texture": "#1"}
			}
		},
		{
			"from": [5.35, 14.5, 5.1],
			"to": [10.15, 18, 10.6],
			"rotation": {"angle": 0, "axis": "y", "origin": [7.74429, 14.29774, 8.15]},
			"faces": {
				"north": {"uv": [9, 1, 11.5, 2.75], "texture": "#1"},
				"east": {"uv": [14.25, 1, 11.5, 2.75], "texture": "#1"},
				"south": {"uv": [9, 1, 11.5, 2.75], "texture": "#1"},
				"west": {"uv": [11.5, 1, 14.25, 2.75], "texture": "#1"},
				"up": {"uv": [9, 2.75, 6.5, 0], "texture": "#1"},
				"down": {"uv": [9, 0, 6.5, 2.75], "texture": "#1"}
			}
		},
		{
			"from": [5.8, 15.4, 10],
			"to": [9.5, 17.2, 13.5],
			"rotation": {"angle": 0, "axis": "y", "origin": [7.74429, 14.69774, 9.65]},
			"faces": {
				"north": {"uv": [14.25, 1.75, 16, 2.75], "texture": "#1"},
				"east": {"uv": [5.25, 0.75, 6.5, 1.75], "texture": "#1"},
				"south": {"uv": [14.25, 1.75, 16, 2.75], "texture": "#1"},
				"west": {"uv": [5.25, 0.75, 6.5, 1.75], "texture": "#1"},
				"up": {"uv": [10.5, 6.75, 8.75, 5.5], "texture": "#1"},
				"down": {"uv": [10.5, 5.5, 8.75, 6.75], "texture": "#1"}
			}
		},
		{
			"from": [5.81, 13.87321, 13.47568],
			"to": [9.49, 15.57321, 15.97568],
			"rotation": {"angle": -22.5, "axis": "x", "origin": [7.74429, 14.69774, 9.65]},
			"faces": {
				"north": {"uv": [14.25, 2, 16, 2.75], "texture": "#1"},
				"east": {"uv": [5.25, 1, 6.5, 1.75], "texture": "#1"},
				"south": {"uv": [8.75, 5.5, 10.5, 6.25], "texture": "#1"},
				"west": {"uv": [5.25, 1, 6.5, 1.75], "texture": "#1"},
				"up": {"uv": [10.5, 5.5, 8.75, 4.25], "texture": "#1"},
				"down": {"uv": [10.5, 4.25, 8.75, 5.5], "texture": "#1"}
			}
		}
	],
	"display": {
		"thirdperson_righthand": {
			"rotation": [2, 63, 0],
			"translation": [0, 1.75, 0],
			"scale": [0.32, 0.32, 0.32]
		},
		"thirdperson_lefthand": {
			"rotation": [0, 63, 0],
			"translation": [0, 1.75, 0],
			"scale": [0.32, 0.32, 0.32]
		},
		"firstperson_righthand": {
			"rotation": [0, 45, 0],
			"translation": [0, 3.25, 0],
			"scale": [0.4, 0.4, 0.4]
		},
		"firstperson_lefthand": {
			"rotation": [0, 45, 0],
			"translation": [0, 3.25, 0],
			"scale": [0.4, 0.4, 0.4]
		},
		"ground": {
			"translation": [1.25, 1, 0],
			"scale": [0.48, 0.48, 0.48]
		},
		"gui": {
			"rotation": [22, 134, 6],
			"translation": [-1, -3.75, 0],
			"scale": [0.7, 0.7, 0.7]
		},
		"head": {
			"translation": [0.75, -27, -10.5],
			"scale": [4, 4, 4]
		},
		"fixed": {
			"rotation": [-90, 0, 0],
			"translation": [0, -2.75, -19.5],
			"scale": [2.71, 2.71, 2.71]
		}
	}
}