{
	"format_version": "1.21.6",
	"credit": "Made with Blockbench",
	"texture_size": [128, 128],
	"textures": {
		"0": "block/motorcycle/quad",
		"particle": "block/motorcycle/tire_1",
		"1_2": "block/motorcycle/tire_1",
		"2_1": "block/motorcycle/tire_template"
	},
	"elements": [
		{
			"from": [1, 6.35, -3],
			"to": [15, 7.35, 1],
			"rotation": {"angle": -22.5, "axis": "x", "origin": [7, 6.85, -1]},
			"faces": {
				"north": {"uv": [4.625, 1.625, 6.375, 1.75], "texture": "#0"},
				"east": {"uv": [4.125, 1.625, 4.625, 1.75], "texture": "#0"},
				"south": {"uv": [6.875, 1.625, 8.625, 1.75], "texture": "#0"},
				"west": {"uv": [6.375, 1.625, 6.875, 1.75], "texture": "#0"},
				"up": {"uv": [6.375, 1.625, 4.625, 1.125], "texture": "#0"},
				"down": {"uv": [8.125, 1.125, 6.375, 1.625], "texture": "#0"}
			}
		},
		{
			"from": [4, 7, -2],
			"to": [12, 9, 2],
			"rotation": {"angle": -22.5, "axis": "x", "origin": [7, 6.5, -1]},
			"faces": {
				"north": {"uv": [3.125, 7.25, 4.125, 7.5], "texture": "#0"},
				"east": {"uv": [2.625, 7.25, 3.125, 7.5], "texture": "#0"},
				"south": {"uv": [4.625, 7.25, 5.625, 7.5], "texture": "#0"},
				"west": {"uv": [4.125, 7.25, 4.625, 7.5], "texture": "#0"},
				"up": {"uv": [4.125, 7.25, 3.125, 6.75], "texture": "#0"},
				"down": {"uv": [5.125, 6.75, 4.125, 7.25], "texture": "#0"}
			}
		},
		{
			"from": [4.005, 7.96275, 0.81993],
			"to": [11.995, 9.95275, 4.80993],
			"rotation": {"angle": 0, "axis": "x", "origin": [7, 7.45775, 1.81493]},
			"faces": {
				"north": {"uv": [0.5, 6.875, 1.5, 7.125], "texture": "#0"},
				"east": {"uv": [0, 6.875, 0.5, 7.125], "texture": "#0"},
				"south": {"uv": [2, 6.875, 3, 7.125], "texture": "#0"},
				"west": {"uv": [1.5, 6.875, 2, 7.125], "texture": "#0"},
				"up": {"uv": [1.5, 6.875, 0.5, 6.375], "texture": "#0"},
				"down": {"uv": [2.5, 6.375, 1.5, 6.875], "texture": "#0"}
			}
		},
		{
			"from": [7, 1.95775, 3.81493],
			"to": [9, 10.95775, 5.81493],
			"rotation": {"angle": 22.5, "axis": "x", "origin": [8, 9.95775, 4.81493]},
			"faces": {
				"north": {"uv": [3.625, 7.875, 3.875, 9], "texture": "#0"},
				"east": {"uv": [3.375, 7.875, 3.625, 9], "texture": "#0"},
				"south": {"uv": [4.125, 7.875, 4.375, 9], "texture": "#0"},
				"west": {"uv": [3.875, 7.875, 4.125, 9], "texture": "#0"},
				"up": {"uv": [3.875, 7.875, 3.625, 7.625], "texture": "#0"},
				"down": {"uv": [4.125, 7.625, 3.875, 7.875], "texture": "#0"}
			}
		},
		{
			"from": [7, 1.43611, -0.33312],
			"to": [9, 3.43611, 7.66688],
			"rotation": {"angle": 45, "axis": "z", "origin": [8, 2.43611, 3.66688]},
			"faces": {
				"north": {"uv": [7.25, 3.5, 7.5, 3.75], "texture": "#0"},
				"east": {"uv": [6.25, 3.5, 7.25, 3.75], "texture": "#0"},
				"south": {"uv": [8.5, 3.5, 8.75, 3.75], "texture": "#0"},
				"west": {"uv": [7.5, 3.5, 8.5, 3.75], "texture": "#0"},
				"up": {"uv": [7.5, 3.5, 7.25, 2.5], "texture": "#0"},
				"down": {"uv": [7.75, 2.5, 7.5, 3.5], "texture": "#0"}
			}
		},
		{
			"from": [7, 1.43611, 16.66688],
			"to": [9, 3.43611, 24.66688],
			"rotation": {"angle": 45, "axis": "z", "origin": [8, 2.43611, 3.66688]},
			"faces": {
				"north": {"uv": [6.25, 6.625, 6.5, 6.875], "texture": "#0"},
				"east": {"uv": [5.25, 6.625, 6.25, 6.875], "texture": "#0"},
				"south": {"uv": [7.5, 6.625, 7.75, 6.875], "texture": "#0"},
				"west": {"uv": [6.5, 6.625, 7.5, 6.875], "texture": "#0"},
				"up": {"uv": [6.5, 6.625, 6.25, 5.625], "texture": "#0"},
				"down": {"uv": [6.75, 5.625, 6.5, 6.625], "texture": "#0"}
			}
		},
		{
			"from": [7.505, -0.80889, 8.17188],
			"to": [8.495, 0.18111, 11.16188],
			"rotation": {"angle": 45, "axis": "x", "origin": [8, 2.43611, 11.66688]},
			"faces": {
				"north": {"uv": [8.25, 2.875, 8.375, 3], "texture": "#0"},
				"east": {"uv": [7.875, 2.875, 8.25, 3], "texture": "#0"},
				"south": {"uv": [8.75, 2.875, 8.875, 3], "texture": "#0"},
				"west": {"uv": [8.375, 2.875, 8.75, 3], "texture": "#0"},
				"up": {"uv": [8.375, 2.875, 8.25, 2.5], "texture": "#0"},
				"down": {"uv": [8.5, 2.5, 8.375, 2.875], "texture": "#0"}
			}
		},
		{
			"from": [7.5, 0.49157, 9.01523],
			"to": [8.5, 1.49157, 16.01523],
			"rotation": {"angle": 0, "axis": "x", "origin": [8, 3.74157, 12.51523]},
			"faces": {
				"north": {"uv": [2.125, 8.375, 2.25, 8.5], "texture": "#0"},
				"east": {"uv": [1.25, 8.375, 2.125, 8.5], "texture": "#0"},
				"south": {"uv": [3.125, 8.375, 3.25, 8.5], "texture": "#0"},
				"west": {"uv": [2.25, 8.375, 3.125, 8.5], "texture": "#0"},
				"up": {"uv": [2.25, 8.375, 2.125, 7.5], "texture": "#0"},
				"down": {"uv": [2.375, 7.5, 2.25, 8.375], "texture": "#0"}
			}
		},
		{
			"from": [2, 0.74157, 10.01523],
			"to": [13, 1.74157, 15.01523],
			"rotation": {"angle": 0, "axis": "x", "origin": [8.5, 3.74157, 12.51523]},
			"faces": {
				"north": {"uv": [4.625, 4.625, 6, 4.75], "texture": "#0"},
				"east": {"uv": [4, 4.625, 4.625, 4.75], "texture": "#0"},
				"south": {"uv": [6.625, 4.625, 8, 4.75], "texture": "#0"},
				"west": {"uv": [6, 4.625, 6.625, 4.75], "texture": "#0"},
				"up": {"uv": [6, 4.625, 4.625, 4], "texture": "#0"},
				"down": {"uv": [7.375, 4, 6, 4.625], "texture": "#0"}
			}
		},
		{
			"from": [1, 0.24157, 9.51523],
			"to": [3, 2.24157, 15.51523],
			"rotation": {"angle": -22.5, "axis": "z", "origin": [2, 1.24157, 12.01523]},
			"faces": {
				"north": {"uv": [8, 0.75, 8.25, 1], "texture": "#0"},
				"east": {"uv": [7.25, 0.75, 8, 1], "texture": "#0"},
				"south": {"uv": [9, 0.75, 9.25, 1], "texture": "#0"},
				"west": {"uv": [8.25, 0.75, 9, 1], "texture": "#0"},
				"up": {"uv": [8.25, 0.75, 8, 0], "texture": "#0"},
				"down": {"uv": [8.5, 0, 8.25, 0.75], "texture": "#0"}
			}
		},
		{
			"from": [13, 0.24157, 9.51523],
			"to": [15, 2.24157, 15.51523],
			"rotation": {"angle": 22.5, "axis": "z", "origin": [14, 1.24157, 12.01523]},
			"faces": {
				"north": {"uv": [0.75, 8, 1, 8.25], "texture": "#0"},
				"east": {"uv": [0, 8, 0.75, 8.25], "texture": "#0"},
				"south": {"uv": [1.75, 8, 2, 8.25], "texture": "#0"},
				"west": {"uv": [1, 8, 1.75, 8.25], "texture": "#0"},
				"up": {"uv": [1, 8, 0.75, 7.25], "texture": "#0"},
				"down": {"uv": [1.25, 7.25, 1, 8], "texture": "#0"}
			}
		},
		{
			"from": [7.5, 1.76454, 18.44201],
			"to": [8.5, 3.76454, 19.44201],
			"rotation": {"angle": 45, "axis": "x", "origin": [8, 5.26454, 16.19201]},
			"faces": {
				"north": {"uv": [2.75, 4.75, 2.875, 5], "texture": "#0"},
				"east": {"uv": [2.625, 4.75, 2.75, 5], "texture": "#0"},
				"south": {"uv": [3, 4.75, 3.125, 5], "texture": "#0"},
				"west": {"uv": [2.875, 4.75, 3, 5], "texture": "#0"},
				"up": {"uv": [2.875, 4.75, 2.75, 4.625], "texture": "#0"},
				"down": {"uv": [3, 4.625, 2.875, 4.75], "texture": "#0"}
			}
		},
		{
			"from": [7.5, 3.83776, 21.65432],
			"to": [8.5, 7.83776, 22.65432],
			"rotation": {"angle": 22.5, "axis": "x", "origin": [8, 5.08776, 19.90432]},
			"faces": {
				"north": {"uv": [6.5, 7.125, 6.625, 7.625], "texture": "#0"},
				"east": {"uv": [6.375, 7.125, 6.5, 7.625], "texture": "#0"},
				"south": {"uv": [6.75, 7.125, 6.875, 7.625], "texture": "#0"},
				"west": {"uv": [6.625, 7.125, 6.75, 7.625], "texture": "#0"},
				"up": {"uv": [6.625, 7.125, 6.5, 7], "texture": "#0"},
				"down": {"uv": [6.75, 7, 6.625, 7.125], "texture": "#0"}
			}
		},
		{
			"from": [7.5, 2.33776, 18.15432],
			"to": [8.5, 7.33776, 19.15432],
			"rotation": {"angle": -22.5, "axis": "x", "origin": [8, 5.08776, 19.90432]},
			"faces": {
				"north": {"uv": [0.125, 8.5, 0.25, 9.125], "texture": "#0"},
				"east": {"uv": [0, 8.5, 0.125, 9.125], "texture": "#0"},
				"south": {"uv": [0.375, 8.5, 0.5, 9.125], "texture": "#0"},
				"west": {"uv": [0.25, 8.5, 0.375, 9.125], "texture": "#0"},
				"up": {"uv": [0.25, 8.5, 0.125, 8.375], "texture": "#0"},
				"down": {"uv": [0.375, 8.375, 0.25, 8.5], "texture": "#0"}
			}
		},
		{
			"from": [5.5, 3.73776, 19.65432],
			"to": [6.5, 10.73776, 20.65432],
			"rotation": {"angle": 45, "axis": "z", "origin": [8, 5.08776, 21.40432]},
			"faces": {
				"north": {"uv": [7.875, 8.25, 8, 9.125], "texture": "#0"},
				"east": {"uv": [7.75, 8.25, 7.875, 9.125], "texture": "#0"},
				"south": {"uv": [8.125, 8.25, 8.25, 9.125], "texture": "#0"},
				"west": {"uv": [8, 8.25, 8.125, 9.125], "texture": "#0"},
				"up": {"uv": [8, 8.25, 7.875, 8.125], "texture": "#0"},
				"down": {"uv": [8.125, 8.125, 8, 8.25], "texture": "#0"}
			}
		},
		{
			"from": [0.32051, 1.94883, 19.65932],
			"to": [6.31051, 2.93883, 20.64932],
			"rotation": {"angle": 22.5, "axis": "z", "origin": [5.06551, 6.19383, 20.15432]},
			"faces": {
				"north": {"uv": [5.875, 5, 6.625, 5.125], "texture": "#0"},
				"east": {"uv": [5.75, 5, 5.875, 5.125], "texture": "#0"},
				"south": {"uv": [6.75, 5, 7.5, 5.125], "texture": "#0"},
				"west": {"uv": [6.625, 5, 6.75, 5.125], "texture": "#0"},
				"up": {"uv": [6.625, 5, 5.875, 4.875], "texture": "#0"},
				"down": {"uv": [7.375, 4.875, 6.625, 5], "texture": "#0"}
			}
		},
		{
			"from": [9.68949, 1.94883, 19.65932],
			"to": [15.67949, 2.93883, 20.64932],
			"rotation": {"angle": -22.5, "axis": "z", "origin": [10.93449, 6.19383, 20.15432]},
			"faces": {
				"north": {"uv": [5.375, 0.875, 6.125, 1], "texture": "#0"},
				"east": {"uv": [5.25, 0.875, 5.375, 1], "texture": "#0"},
				"south": {"uv": [6.25, 0.875, 7, 1], "texture": "#0"},
				"west": {"uv": [6.125, 0.875, 6.25, 1], "texture": "#0"},
				"up": {"uv": [6.125, 0.875, 5.375, 0.75], "texture": "#0"},
				"down": {"uv": [6.875, 0.75, 6.125, 0.875], "texture": "#0"}
			}
		},
		{
			"from": [9.68449, 1.94383, 1.90432],
			"to": [15.68449, 2.94383, 2.90432],
			"rotation": {"angle": -22.5, "axis": "z", "origin": [10.93449, 6.19383, 2.40432]},
			"faces": {
				"north": {"uv": [4.75, 2, 5.5, 2.125], "texture": "#0"},
				"east": {"uv": [4.625, 2, 4.75, 2.125], "texture": "#0"},
				"south": {"uv": [5.625, 2, 6.375, 2.125], "texture": "#0"},
				"west": {"uv": [5.5, 2, 5.625, 2.125], "texture": "#0"},
				"up": {"uv": [5.5, 2, 4.75, 1.875], "texture": "#0"},
				"down": {"uv": [6.25, 1.875, 5.5, 2], "texture": "#0"}
			}
		},
		{
			"from": [0.31551, 1.94383, 1.90432],
			"to": [6.31551, 2.94383, 2.90432],
			"rotation": {"angle": 22.5, "axis": "z", "origin": [5.06551, 6.19383, 2.40432]},
			"faces": {
				"north": {"uv": [3.5, 0.875, 4.25, 1], "texture": "#0"},
				"east": {"uv": [3.375, 0.875, 3.5, 1], "texture": "#0"},
				"south": {"uv": [4.375, 0.875, 5.125, 1], "texture": "#0"},
				"west": {"uv": [4.25, 0.875, 4.375, 1], "texture": "#0"},
				"up": {"uv": [4.25, 0.875, 3.5, 0.75], "texture": "#0"},
				"down": {"uv": [5, 0.75, 4.25, 0.875], "texture": "#0"}
			}
		},
		{
			"from": [9.5, 3.73776, 19.65432],
			"to": [10.5, 10.73776, 20.65432],
			"rotation": {"angle": -45, "axis": "z", "origin": [8, 5.08776, 21.40432]},
			"faces": {
				"north": {"uv": [7.25, 8.25, 7.375, 9.125], "texture": "#0"},
				"east": {"uv": [7.125, 8.25, 7.25, 9.125], "texture": "#0"},
				"south": {"uv": [7.5, 8.25, 7.625, 9.125], "texture": "#0"},
				"west": {"uv": [7.375, 8.25, 7.5, 9.125], "texture": "#0"},
				"up": {"uv": [7.375, 8.25, 7.25, 8.125], "texture": "#0"},
				"down": {"uv": [7.5, 8.125, 7.375, 8.25], "texture": "#0"}
			}
		},
		{
			"from": [9.5, 3.73776, 1.90432],
			"to": [10.5, 10.73776, 2.90432],
			"rotation": {"angle": -45, "axis": "z", "origin": [8, 5.08776, 3.65432]},
			"faces": {
				"north": {"uv": [0.75, 0.125, 0.875, 1], "texture": "#0"},
				"east": {"uv": [0.625, 0.125, 0.75, 1], "texture": "#0"},
				"south": {"uv": [1, 0.125, 1.125, 1], "texture": "#0"},
				"west": {"uv": [0.875, 0.125, 1, 1], "texture": "#0"},
				"up": {"uv": [0.875, 0.125, 0.75, 0], "texture": "#0"},
				"down": {"uv": [1, 0, 0.875, 0.125], "texture": "#0"}
			}
		},
		{
			"from": [5.5, 3.73776, 1.90432],
			"to": [6.5, 10.73776, 2.90432],
			"rotation": {"angle": 45, "axis": "z", "origin": [8, 5.08776, 3.65432]},
			"faces": {
				"north": {"uv": [0.125, 0.125, 0.25, 1], "texture": "#0"},
				"east": {"uv": [0, 0.125, 0.125, 1], "texture": "#0"},
				"south": {"uv": [0.375, 0.125, 0.5, 1], "texture": "#0"},
				"west": {"uv": [0.25, 0.125, 0.375, 1], "texture": "#0"},
				"up": {"uv": [0.25, 0.125, 0.125, 0], "texture": "#0"},
				"down": {"uv": [0.375, 0, 0.25, 0.125], "texture": "#0"}
			}
		},
		{
			"from": [7.5, 9.95775, 4.68993],
			"to": [8.5, 11.95775, 5.68993],
			"rotation": {"angle": 0, "axis": "x", "origin": [8, 9.95775, 4.81493]},
			"faces": {
				"north": {"uv": [4.25, 2.5, 4.375, 2.75], "texture": "#0"},
				"east": {"uv": [4.125, 2.5, 4.25, 2.75], "texture": "#0"},
				"south": {"uv": [4.5, 2.5, 4.625, 2.75], "texture": "#0"},
				"west": {"uv": [4.375, 2.5, 4.5, 2.75], "texture": "#0"},
				"up": {"uv": [4.375, 2.5, 4.25, 2.375], "texture": "#0"},
				"down": {"uv": [4.5, 2.375, 4.375, 2.5], "texture": "#0"}
			}
		},
		{
			"from": [5.5, 11.70775, 4.18993],
			"to": [10.5, 13.70775, 6.18993],
			"rotation": {"angle": -45, "axis": "x", "origin": [8, 12.70775, 5.18993]},
			"faces": {
				"north": {"uv": [6.75, 2.125, 7.375, 2.375], "texture": "#0"},
				"east": {"uv": [6.5, 2.125, 6.75, 2.375], "texture": "#0"},
				"south": {"uv": [7.625, 2.125, 8.25, 2.375], "texture": "#0"},
				"west": {"uv": [7.375, 2.125, 7.625, 2.375], "texture": "#0"},
				"up": {"uv": [7.375, 2.125, 6.75, 1.875], "texture": "#0"},
				"down": {"uv": [8, 1.875, 7.375, 2.125], "texture": "#0"}
			}
		},
		{
			"from": [10.5, 12.20775, 6.43993],
			"to": [15.5, 13.20775, 7.43993],
			"rotation": {"angle": -45, "axis": "y", "origin": [13, 12.70775, 5.18993]},
			"faces": {
				"north": {"uv": [7.25, 7.875, 7.875, 8], "texture": "#0"},
				"east": {"uv": [7.125, 7.875, 7.25, 8], "texture": "#0"},
				"south": {"uv": [8, 7.875, 8.625, 8], "texture": "#0"},
				"west": {"uv": [7.875, 7.875, 8, 8], "texture": "#0"},
				"up": {"uv": [7.875, 7.875, 7.25, 7.75], "texture": "#0"},
				"down": {"uv": [8.5, 7.75, 7.875, 7.875], "texture": "#0"}
			}
		},
		{
			"from": [0.5, 12.20775, 6.43993],
			"to": [5.5, 13.20775, 7.43993],
			"rotation": {"angle": 45, "axis": "y", "origin": [3, 12.70775, 5.18993]},
			"faces": {
				"north": {"uv": [4.75, 3.625, 5.375, 3.75], "texture": "#0"},
				"east": {"uv": [4.625, 3.625, 4.75, 3.75], "texture": "#0"},
				"south": {"uv": [5.5, 3.625, 6.125, 3.75], "texture": "#0"},
				"west": {"uv": [5.375, 3.625, 5.5, 3.75], "texture": "#0"},
				"up": {"uv": [5.375, 3.625, 4.75, 3.5], "texture": "#0"},
				"down": {"uv": [6, 3.5, 5.375, 3.625], "texture": "#0"}
			}
		},
		{
			"from": [4, 7.98288, 2.75427],
			"to": [12, 9.98288, 6.75427],
			"rotation": {"angle": 45, "axis": "x", "origin": [7, 7.48288, 3.75427]},
			"faces": {
				"north": {"uv": [3.625, 6.25, 4.625, 6.5], "texture": "#0"},
				"east": {"uv": [3.125, 6.25, 3.625, 6.5], "texture": "#0"},
				"south": {"uv": [5.125, 6.25, 6.125, 6.5], "texture": "#0"},
				"west": {"uv": [4.625, 6.25, 5.125, 6.5], "texture": "#0"},
				"up": {"uv": [4.625, 6.25, 3.625, 5.75], "texture": "#0"},
				"down": {"uv": [5.625, 5.75, 4.625, 6.25], "texture": "#0"}
			}
		},
		{
			"from": [4.005, 5.72011, 6.23414],
			"to": [11.995, 7.71011, 16.22414],
			"rotation": {"angle": 0, "axis": "x", "origin": [7, 8.21511, 11.22914]},
			"faces": {
				"north": {"uv": [1.25, 1.25, 2.25, 1.5], "texture": "#0"},
				"east": {"uv": [0, 1.25, 1.25, 1.5], "texture": "#0"},
				"south": {"uv": [3.5, 1.25, 4.5, 1.5], "texture": "#0"},
				"west": {"uv": [2.25, 1.25, 3.5, 1.5], "texture": "#0"},
				"up": {"uv": [2.25, 1.25, 1.25, 0], "texture": "#0"},
				"down": {"uv": [3.25, 0, 2.25, 1.25], "texture": "#0"}
			}
		},
		{
			"from": [6, 1.46511, 5.97914],
			"to": [10, 4.46511, 11.97914],
			"rotation": {"angle": 45, "axis": "x", "origin": [8, 2.71511, 11.22914]},
			"faces": {
				"north": {"uv": [7.625, 5.625, 8.125, 6], "texture": "#0"},
				"east": {"uv": [6.875, 5.625, 7.625, 6], "texture": "#0"},
				"south": {"uv": [8.875, 5.625, 9.375, 6], "texture": "#0"},
				"west": {"uv": [8.125, 5.625, 8.875, 6], "texture": "#0"},
				"up": {"uv": [8.125, 5.625, 7.625, 4.875], "texture": "#0"},
				"down": {"uv": [8.625, 4.875, 8.125, 5.625], "texture": "#0"}
			}
		},
		{
			"from": [8.5, 1.94734, 10.52204],
			"to": [10.5, 6.94734, 16.52204],
			"rotation": {"angle": -22.5, "axis": "z", "origin": [8, 3.44734, 13.52204]},
			"faces": {
				"north": {"uv": [7.875, 7, 8.125, 7.625], "texture": "#0"},
				"east": {"uv": [7.125, 7, 7.875, 7.625], "texture": "#0"},
				"south": {"uv": [8.875, 7, 9.125, 7.625], "texture": "#0"},
				"west": {"uv": [8.125, 7, 8.875, 7.625], "texture": "#0"},
				"up": {"uv": [8.125, 7, 7.875, 6.25], "texture": "#0"},
				"down": {"uv": [8.375, 6.25, 8.125, 7], "texture": "#0"}
			}
		},
		{
			"from": [5.5, 1.94734, 10.52204],
			"to": [7.5, 6.94734, 16.52204],
			"rotation": {"angle": 22.5, "axis": "z", "origin": [8, 3.44734, 13.52204]},
			"faces": {
				"north": {"uv": [5.75, 7.75, 6, 8.375], "texture": "#0"},
				"east": {"uv": [5, 7.75, 5.75, 8.375], "texture": "#0"},
				"south": {"uv": [6.75, 7.75, 7, 8.375], "texture": "#0"},
				"west": {"uv": [6, 7.75, 6.75, 8.375], "texture": "#0"},
				"up": {"uv": [6, 7.75, 5.75, 7], "texture": "#0"},
				"down": {"uv": [6.25, 7, 6, 7.75], "texture": "#0"}
			}
		},
		{
			"from": [5.005, 6.72011, 9.73414],
			"to": [10.995, 8.71011, 15.72414],
			"rotation": {"angle": 0, "axis": "x", "origin": [6, 8.21511, 10.72914]},
			"faces": {
				"north": {"uv": [4.875, 3.125, 5.625, 3.375], "texture": "#0"},
				"east": {"uv": [4.125, 3.125, 4.875, 3.375], "texture": "#0"},
				"south": {"uv": [6.375, 3.125, 7.125, 3.375], "texture": "#0"},
				"west": {"uv": [5.625, 3.125, 6.375, 3.375], "texture": "#0"},
				"up": {"uv": [5.625, 3.125, 4.875, 2.375], "texture": "#0"},
				"down": {"uv": [6.375, 2.375, 5.625, 3.125], "texture": "#0"}
			}
		},
		{
			"from": [5, 8.54354, 14.14336],
			"to": [11, 10.54354, 17.14336],
			"rotation": {"angle": -45, "axis": "x", "origin": [8, 9.54354, 17.14336]},
			"faces": {
				"north": {"uv": [7.875, 4.25, 8.625, 4.5], "texture": "#0"},
				"east": {"uv": [7.5, 4.25, 7.875, 4.5], "texture": "#0"},
				"south": {"uv": [9, 4.25, 9.75, 4.5], "texture": "#0"},
				"west": {"uv": [8.625, 4.25, 9, 4.5], "texture": "#0"},
				"up": {"uv": [8.625, 4.25, 7.875, 3.875], "texture": "#0"},
				"down": {"uv": [9.375, 3.875, 8.625, 4.25], "texture": "#0"}
			}
		},
		{
			"from": [1.005, 7.08231, 0.66142],
			"to": [14.995, 8.07231, 4.65142],
			"rotation": {"angle": 0, "axis": "x", "origin": [7, 7.57731, 2.65642]},
			"faces": {
				"north": {"uv": [0.5, 4.375, 2.25, 4.5], "texture": "#0"},
				"east": {"uv": [0, 4.375, 0.5, 4.5], "texture": "#0"},
				"south": {"uv": [2.75, 4.375, 4.5, 4.5], "texture": "#0"},
				"west": {"uv": [2.25, 4.375, 2.75, 4.5], "texture": "#0"},
				"up": {"uv": [2.25, 4.375, 0.5, 3.875], "texture": "#0"},
				"down": {"uv": [4, 3.875, 2.25, 4.375], "texture": "#0"}
			}
		},
		{
			"from": [1, 5.80954, 3.71708],
			"to": [15, 6.80954, 7.71708],
			"rotation": {"angle": 45, "axis": "x", "origin": [7, 6.30954, 5.71708]},
			"faces": {
				"north": {"uv": [3.875, 0.5, 5.625, 0.625], "texture": "#0"},
				"east": {"uv": [3.375, 0.5, 3.875, 0.625], "texture": "#0"},
				"south": {"uv": [6.125, 0.5, 7.875, 0.625], "texture": "#0"},
				"west": {"uv": [5.625, 0.5, 6.125, 0.625], "texture": "#0"},
				"up": {"uv": [5.625, 0.5, 3.875, 0], "texture": "#0"},
				"down": {"uv": [7.375, 0, 5.625, 0.5], "texture": "#0"}
			}
		},
		{
			"from": [1, 6.35, 21.45829],
			"to": [15, 7.35, 25.45829],
			"rotation": {"angle": 22.5, "axis": "x", "origin": [7, 6.85, 23.45829]},
			"faces": {
				"north": {"uv": [0.5, 3.625, 2.25, 3.75], "texture": "#0"},
				"east": {"uv": [0, 3.625, 0.5, 3.75], "texture": "#0"},
				"south": {"uv": [2.75, 3.625, 4.5, 3.75], "texture": "#0"},
				"west": {"uv": [2.25, 3.625, 2.75, 3.75], "texture": "#0"},
				"up": {"uv": [2.25, 3.625, 0.5, 3.125], "texture": "#0"},
				"down": {"uv": [4, 3.125, 2.25, 3.625], "texture": "#0"}
			}
		},
		{
			"from": [1.005, 7.08231, 17.80687],
			"to": [14.995, 8.07231, 21.79687],
			"rotation": {"angle": 0, "axis": "x", "origin": [7, 7.57731, 19.80187]},
			"faces": {
				"north": {"uv": [0.5, 2.875, 2.25, 3], "texture": "#0"},
				"east": {"uv": [0, 2.875, 0.5, 3], "texture": "#0"},
				"south": {"uv": [2.75, 2.875, 4.5, 3], "texture": "#0"},
				"west": {"uv": [2.25, 2.875, 2.75, 3], "texture": "#0"},
				"up": {"uv": [2.25, 2.875, 0.5, 2.375], "texture": "#0"},
				"down": {"uv": [4, 2.375, 2.25, 2.875], "texture": "#0"}
			}
		},
		{
			"from": [1, 5.80954, 14.74121],
			"to": [15, 6.80954, 18.74121],
			"rotation": {"angle": -45, "axis": "x", "origin": [7, 6.30954, 16.74121]},
			"faces": {
				"north": {"uv": [0.5, 2.125, 2.25, 2.25], "texture": "#0"},
				"east": {"uv": [0, 2.125, 0.5, 2.25], "texture": "#0"},
				"south": {"uv": [2.75, 2.125, 4.5, 2.25], "texture": "#0"},
				"west": {"uv": [2.25, 2.125, 2.75, 2.25], "texture": "#0"},
				"up": {"uv": [2.25, 2.125, 0.5, 1.625], "texture": "#0"},
				"down": {"uv": [4, 1.625, 2.25, 2.125], "texture": "#0"}
			}
		},
		{
			"from": [4, 7.98288, 15.70402],
			"to": [12, 9.98288, 19.70402],
			"rotation": {"angle": -45, "axis": "x", "origin": [7, 7.48288, 18.70402]},
			"faces": {
				"north": {"uv": [0.5, 6, 1.5, 6.25], "texture": "#0"},
				"east": {"uv": [0, 6, 0.5, 6.25], "texture": "#0"},
				"south": {"uv": [2, 6, 3, 6.25], "texture": "#0"},
				"west": {"uv": [1.5, 6, 2, 6.25], "texture": "#0"},
				"up": {"uv": [1.5, 6, 0.5, 5.5], "texture": "#0"},
				"down": {"uv": [2.5, 5.5, 1.5, 6], "texture": "#0"}
			}
		},
		{
			"from": [4.005, 7.96275, 17.64836],
			"to": [11.995, 9.95275, 21.63836],
			"rotation": {"angle": 0, "axis": "x", "origin": [7, 7.45775, 20.64336]},
			"faces": {
				"north": {"uv": [3.625, 5.375, 4.625, 5.625], "texture": "#0"},
				"east": {"uv": [3.125, 5.375, 3.625, 5.625], "texture": "#0"},
				"south": {"uv": [5.125, 5.375, 6.125, 5.625], "texture": "#0"},
				"west": {"uv": [4.625, 5.375, 5.125, 5.625], "texture": "#0"},
				"up": {"uv": [4.625, 5.375, 3.625, 4.875], "texture": "#0"},
				"down": {"uv": [5.625, 4.875, 4.625, 5.375], "texture": "#0"}
			}
		},
		{
			"from": [4, 7, 20.45829],
			"to": [12, 9, 24.45829],
			"rotation": {"angle": 22.5, "axis": "x", "origin": [7, 6.5, 23.45829]},
			"faces": {
				"north": {"uv": [0.5, 5.125, 1.5, 5.375], "texture": "#0"},
				"east": {"uv": [0, 5.125, 0.5, 5.375], "texture": "#0"},
				"south": {"uv": [2, 5.125, 3, 5.375], "texture": "#0"},
				"west": {"uv": [1.5, 5.125, 2, 5.375], "texture": "#0"},
				"up": {"uv": [1.5, 5.125, 0.5, 4.625], "texture": "#0"},
				"down": {"uv": [2.5, 4.625, 1.5, 5.125], "texture": "#0"}
			}
		},
		{
			"name": "octagon",
			"from": [-0.08923, -2.52198, 0.43937],
			"to": [2.92473, 5.02198, 3.56063],
			"rotation": {"angle": 45, "axis": "x", "origin": [13.27125, 1.25, 2]},
			"faces": {
				"north": {"uv": [1, 5.5, 0, 3], "rotation": 180, "texture": "#2_1"},
				"east": {"uv": [0, 0, 2.5, 1], "rotation": 90, "texture": "#2_1"},
				"south": {"uv": [4, 0, 3, 2.5], "texture": "#2_1"},
				"west": {"uv": [0, 1.5, 2.5, 2.5], "rotation": 270, "texture": "#2_1"},
				"up": {"uv": [4.5, 7.5, 5.5, 8.5], "texture": "#2_1"},
				"down": {"uv": [7.5, 3, 8.5, 4], "rotation": 180, "texture": "#2_1"}
			}
		},
		{
			"name": "octagon",
			"from": [-0.09225, -2.525, 0.43635],
			"to": [2.92775, 5.025, 3.56365],
			"rotation": {"angle": 0, "axis": "x", "origin": [13.27125, 1.25, 2]},
			"faces": {
				"north": {"uv": [2.5, 7, 1.5, 4.5], "rotation": 180, "texture": "#2_1"},
				"east": {"uv": [1.5, 3, 4, 4], "rotation": 90, "texture": "#2_1"},
				"south": {"uv": [5.5, 1.5, 4.5, 4], "texture": "#2_1"},
				"west": {"uv": [4.5, 0, 7, 1], "rotation": 270, "texture": "#2_1"},
				"up": {"uv": [6, 7.5, 7, 8.5], "texture": "#2_1"},
				"down": {"uv": [7.5, 4.5, 8.5, 5.5], "rotation": 180, "texture": "#2_1"}
			}
		},
		{
			"name": "octagon",
			"from": [-0.08923, -0.31063, -1.77198],
			"to": [2.92473, 2.81063, 5.77198],
			"rotation": {"angle": 45, "axis": "x", "origin": [13.27125, 1.25, 2]},
			"faces": {
				"north": {"uv": [8.5, 7, 7.5, 6], "rotation": 180, "texture": "#2_1"},
				"east": {"uv": [4.5, 4.5, 5.5, 7], "rotation": 90, "texture": "#2_1"},
				"south": {"uv": [8.5, 7.5, 7.5, 8.5], "texture": "#2_1"},
				"west": {"uv": [6, 1.5, 7, 4], "rotation": 270, "texture": "#2_1"},
				"up": {"uv": [0, 6, 1, 8.5], "texture": "#2_1"},
				"down": {"uv": [3, 4.5, 4, 7], "rotation": 180, "texture": "#2_1"}
			}
		},
		{
			"name": "octagon",
			"from": [-0.09225, -0.31365, -1.775],
			"to": [2.92775, 2.81365, 5.775],
			"rotation": {"angle": 0, "axis": "x", "origin": [13.27125, 1.25, 2]},
			"faces": {
				"north": {"uv": [1, 10, 0, 9], "rotation": 180, "texture": "#2_1"},
				"east": {"uv": [7.5, 0, 8.5, 2.5], "rotation": 90, "texture": "#2_1"},
				"south": {"uv": [10, 0, 9, 1], "texture": "#2_1"},
				"west": {"uv": [3, 7.5, 4, 10], "rotation": 270, "texture": "#2_1"},
				"up": {"uv": [1.5, 7.5, 2.5, 10], "texture": "#2_1"},
				"down": {"uv": [6, 4.5, 7, 7], "rotation": 180, "texture": "#2_1"}
			}
		},
		{
			"name": "octagon",
			"from": [13.07527, -2.52198, 0.43937],
			"to": [16.08923, 5.02198, 3.56063],
			"rotation": {"angle": 45, "axis": "x", "origin": [2.72875, 1.25, 2]},
			"faces": {
				"north": {"uv": [0, 5.5, 1, 3], "rotation": 180, "texture": "#2_1"},
				"east": {"uv": [0, 2.5, 2.5, 1.5], "rotation": 270, "texture": "#2_1"},
				"south": {"uv": [3, 0, 4, 2.5], "texture": "#2_1"},
				"west": {"uv": [0, 1, 2.5, 0], "rotation": 90, "texture": "#2_1"},
				"up": {"uv": [5.5, 7.5, 4.5, 8.5], "texture": "#2_1"},
				"down": {"uv": [8.5, 3, 7.5, 4], "rotation": 180, "texture": "#2_1"}
			}
		},
		{
			"name": "octagon",
			"from": [13.07225, -2.525, 0.43635],
			"to": [16.09225, 5.025, 3.56365],
			"rotation": {"angle": 0, "axis": "x", "origin": [2.72875, 1.25, 2]},
			"faces": {
				"north": {"uv": [1.5, 7, 2.5, 4.5], "rotation": 180, "texture": "#2_1"},
				"east": {"uv": [4.5, 1, 7, 0], "rotation": 270, "texture": "#2_1"},
				"south": {"uv": [4.5, 1.5, 5.5, 4], "texture": "#2_1"},
				"west": {"uv": [1.5, 4, 4, 3], "rotation": 90, "texture": "#2_1"},
				"up": {"uv": [7, 7.5, 6, 8.5], "texture": "#2_1"},
				"down": {"uv": [8.5, 4.5, 7.5, 5.5], "rotation": 180, "texture": "#2_1"}
			}
		},
		{
			"name": "octagon",
			"from": [13.07527, -0.31063, -1.77198],
			"to": [16.08923, 2.81063, 5.77198],
			"rotation": {"angle": 45, "axis": "x", "origin": [2.72875, 1.25, 2]},
			"faces": {
				"north": {"uv": [7.5, 7, 8.5, 6], "rotation": 180, "texture": "#2_1"},
				"east": {"uv": [6, 4, 7, 1.5], "rotation": 270, "texture": "#2_1"},
				"south": {"uv": [7.5, 7.5, 8.5, 8.5], "texture": "#2_1"},
				"west": {"uv": [4.5, 7, 5.5, 4.5], "rotation": 90, "texture": "#2_1"},
				"up": {"uv": [1, 6, 0, 8.5], "texture": "#2_1"},
				"down": {"uv": [4, 4.5, 3, 7], "rotation": 180, "texture": "#2_1"}
			}
		},
		{
			"name": "octagon",
			"from": [13.07225, -0.31365, -1.775],
			"to": [16.09225, 2.81365, 5.775],
			"rotation": {"angle": 0, "axis": "x", "origin": [2.72875, 1.25, 2]},
			"faces": {
				"north": {"uv": [0, 10, 1, 9], "rotation": 180, "texture": "#2_1"},
				"east": {"uv": [3, 10, 4, 7.5], "rotation": 270, "texture": "#2_1"},
				"south": {"uv": [9, 0, 10, 1], "texture": "#2_1"},
				"west": {"uv": [7.5, 2.5, 8.5, 0], "rotation": 90, "texture": "#2_1"},
				"up": {"uv": [2.5, 7.5, 1.5, 10], "texture": "#2_1"},
				"down": {"uv": [7, 4.5, 6, 7], "rotation": 180, "texture": "#2_1"}
			}
		},
		{
			"from": [-0.16775, -1.95875, -1.20875],
			"to": [-0.16775, 4.45875, 5.20875],
			"rotation": {"angle": -22.5, "axis": "x", "origin": [13.27125, 1.25, 2]},
			"faces": {
				"west": {"uv": [0, 0, 16, 16], "texture": "#1_2"}
			}
		},
		{
			"from": [16.16775, -1.95875, -1.20875],
			"to": [16.16775, 4.45875, 5.20875],
			"rotation": {"angle": -22.5, "axis": "x", "origin": [2.72875, 1.25, 2]},
			"faces": {
				"east": {"uv": [16, 0, 0, 16], "texture": "#1_2"}
			}
		},
		{
			"name": "octagon",
			"from": [-0.08923, -2.52198, 19.18937],
			"to": [2.92473, 5.02198, 22.31063],
			"rotation": {"angle": 45, "axis": "x", "origin": [13.27125, 1.25, 20.75]},
			"faces": {
				"north": {"uv": [1, 5.5, 0, 3], "rotation": 180, "texture": "#2_1"},
				"east": {"uv": [0, 0, 2.5, 1], "rotation": 90, "texture": "#2_1"},
				"south": {"uv": [4, 0, 3, 2.5], "texture": "#2_1"},
				"west": {"uv": [0, 1.5, 2.5, 2.5], "rotation": 270, "texture": "#2_1"},
				"up": {"uv": [4.5, 7.5, 5.5, 8.5], "texture": "#2_1"},
				"down": {"uv": [7.5, 3, 8.5, 4], "rotation": 180, "texture": "#2_1"}
			}
		},
		{
			"name": "octagon",
			"from": [-0.09225, -2.525, 19.18635],
			"to": [2.92775, 5.025, 22.31365],
			"rotation": {"angle": 0, "axis": "x", "origin": [13.27125, 1.25, 20.75]},
			"faces": {
				"north": {"uv": [2.5, 7, 1.5, 4.5], "rotation": 180, "texture": "#2_1"},
				"east": {"uv": [1.5, 3, 4, 4], "rotation": 90, "texture": "#2_1"},
				"south": {"uv": [5.5, 1.5, 4.5, 4], "texture": "#2_1"},
				"west": {"uv": [4.5, 0, 7, 1], "rotation": 270, "texture": "#2_1"},
				"up": {"uv": [6, 7.5, 7, 8.5], "texture": "#2_1"},
				"down": {"uv": [7.5, 4.5, 8.5, 5.5], "rotation": 180, "texture": "#2_1"}
			}
		},
		{
			"name": "octagon",
			"from": [-0.08923, -0.31063, 16.97802],
			"to": [2.92473, 2.81063, 24.52198],
			"rotation": {"angle": 45, "axis": "x", "origin": [13.27125, 1.25, 20.75]},
			"faces": {
				"north": {"uv": [8.5, 7, 7.5, 6], "rotation": 180, "texture": "#2_1"},
				"east": {"uv": [4.5, 4.5, 5.5, 7], "rotation": 90, "texture": "#2_1"},
				"south": {"uv": [8.5, 7.5, 7.5, 8.5], "texture": "#2_1"},
				"west": {"uv": [6, 1.5, 7, 4], "rotation": 270, "texture": "#2_1"},
				"up": {"uv": [0, 6, 1, 8.5], "texture": "#2_1"},
				"down": {"uv": [3, 4.5, 4, 7], "rotation": 180, "texture": "#2_1"}
			}
		},
		{
			"name": "octagon",
			"from": [-0.09225, -0.31365, 16.975],
			"to": [2.92775, 2.81365, 24.525],
			"rotation": {"angle": 0, "axis": "x", "origin": [13.27125, 1.25, 20.75]},
			"faces": {
				"north": {"uv": [1, 10, 0, 9], "rotation": 180, "texture": "#2_1"},
				"east": {"uv": [7.5, 0, 8.5, 2.5], "rotation": 90, "texture": "#2_1"},
				"south": {"uv": [10, 0, 9, 1], "texture": "#2_1"},
				"west": {"uv": [3, 7.5, 4, 10], "rotation": 270, "texture": "#2_1"},
				"up": {"uv": [1.5, 7.5, 2.5, 10], "texture": "#2_1"},
				"down": {"uv": [6, 4.5, 7, 7], "rotation": 180, "texture": "#2_1"}
			}
		},
		{
			"name": "octagon",
			"from": [13.07527, -2.52198, 19.18937],
			"to": [16.08923, 5.02198, 22.31063],
			"rotation": {"angle": 45, "axis": "x", "origin": [2.72875, 1.25, 20.75]},
			"faces": {
				"north": {"uv": [0, 5.5, 1, 3], "rotation": 180, "texture": "#2_1"},
				"east": {"uv": [0, 2.5, 2.5, 1.5], "rotation": 270, "texture": "#2_1"},
				"south": {"uv": [3, 0, 4, 2.5], "texture": "#2_1"},
				"west": {"uv": [0, 1, 2.5, 0], "rotation": 90, "texture": "#2_1"},
				"up": {"uv": [5.5, 7.5, 4.5, 8.5], "texture": "#2_1"},
				"down": {"uv": [8.5, 3, 7.5, 4], "rotation": 180, "texture": "#2_1"}
			}
		},
		{
			"name": "octagon",
			"from": [13.07225, -2.525, 19.18635],
			"to": [16.09225, 5.025, 22.31365],
			"rotation": {"angle": 0, "axis": "x", "origin": [2.72875, 1.25, 20.75]},
			"faces": {
				"north": {"uv": [1.5, 7, 2.5, 4.5], "rotation": 180, "texture": "#2_1"},
				"east": {"uv": [4.5, 1, 7, 0], "rotation": 270, "texture": "#2_1"},
				"south": {"uv": [4.5, 1.5, 5.5, 4], "texture": "#2_1"},
				"west": {"uv": [1.5, 4, 4, 3], "rotation": 90, "texture": "#2_1"},
				"up": {"uv": [7, 7.5, 6, 8.5], "texture": "#2_1"},
				"down": {"uv": [8.5, 4.5, 7.5, 5.5], "rotation": 180, "texture": "#2_1"}
			}
		},
		{
			"name": "octagon",
			"from": [13.07527, -0.31063, 16.97802],
			"to": [16.08923, 2.81063, 24.52198],
			"rotation": {"angle": 45, "axis": "x", "origin": [2.72875, 1.25, 20.75]},
			"faces": {
				"north": {"uv": [7.5, 7, 8.5, 6], "rotation": 180, "texture": "#2_1"},
				"east": {"uv": [6, 4, 7, 1.5], "rotation": 270, "texture": "#2_1"},
				"south": {"uv": [7.5, 7.5, 8.5, 8.5], "texture": "#2_1"},
				"west": {"uv": [4.5, 7, 5.5, 4.5], "rotation": 90, "texture": "#2_1"},
				"up": {"uv": [1, 6, 0, 8.5], "texture": "#2_1"},
				"down": {"uv": [4, 4.5, 3, 7], "rotation": 180, "texture": "#2_1"}
			}
		},
		{
			"name": "octagon",
			"from": [13.07225, -0.31365, 16.975],
			"to": [16.09225, 2.81365, 24.525],
			"rotation": {"angle": 0, "axis": "x", "origin": [2.72875, 1.25, 20.75]},
			"faces": {
				"north": {"uv": [0, 10, 1, 9], "rotation": 180, "texture": "#2_1"},
				"east": {"uv": [3, 10, 4, 7.5], "rotation": 270, "texture": "#2_1"},
				"south": {"uv": [9, 0, 10, 1], "texture": "#2_1"},
				"west": {"uv": [7.5, 2.5, 8.5, 0], "rotation": 90, "texture": "#2_1"},
				"up": {"uv": [2.5, 7.5, 1.5, 10], "texture": "#2_1"},
				"down": {"uv": [7, 4.5, 6, 7], "rotation": 180, "texture": "#2_1"}
			}
		},
		{
			"from": [-0.16775, -1.95875, 17.54125],
			"to": [-0.16775, 4.45875, 23.95875],
			"rotation": {"angle": -22.5, "axis": "x", "origin": [13.27125, 1.25, 20.75]},
			"faces": {
				"west": {"uv": [0, 0, 16, 16], "texture": "#1_2"}
			}
		},
		{
			"from": [16.16775, -1.95875, 17.54125],
			"to": [16.16775, 4.45875, 23.95875],
			"rotation": {"angle": -22.5, "axis": "x", "origin": [2.72875, 1.25, 20.75]},
			"faces": {
				"east": {"uv": [16, 0, 0, 16], "texture": "#1_2"}
			}
		}
	],
	"display": {
		"thirdperson_righthand": {
			"rotation": [75, 45, 0],
			"translation": [0, 2.5, 0],
			"scale": [0.375, 0.375, 0.375]
		},
		"thirdperson_lefthand": {
			"rotation": [75, 45, 0],
			"translation": [0, 2.5, 0],
			"scale": [0.375, 0.375, 0.375]
		},
		"firstperson_righthand": {
			"rotation": [0, 45, 0],
			"scale": [0.4, 0.4, 0.4]
		},
		"firstperson_lefthand": {
			"rotation": [0, -135, 0],
			"scale": [0.4, 0.4, 0.4]
		},
		"ground": {
			"translation": [0, 3, 0],
			"scale": [0.25, 0.25, 0.25]
		},
		"gui": {
			"rotation": [30, -135, 0],
			"translation": [1, 1.25, 0],
			"scale": [0.5, 0.5, 0.5]
		},
		"head": {
			"translation": [0, -22, -1],
			"scale": [2, 2, 2]
		},
		"fixed": {
			"scale": [0.5, 0.5, 0.5]
		}
	},
	"groups": [
		0,
		1,
		2,
		3,
		4,
		5,
		6,
		7,
		8,
		9,
		10,
		11,
		12,
		13,
		14,
		15,
		16,
		17,
		18,
		19,
		20,
		21,
		22,
		23,
		24,
		25,
		26,
		27,
		28,
		29,
		30,
		31,
		32,
		33,
		34,
		35,
		36,
		37,
		38,
		39,
		40,
		{
			"name": "tires_temp2",
			"origin": [8, 8, 8],
			"color": 0,
			"children": [
				{
					"name": "tires_temp",
					"origin": [8, 8, 8],
					"color": 0,
					"children": [
						{
							"name": "tire_template",
							"origin": [8, 8, 8],
							"color": 0,
							"children": [
								{
									"name": "octagon",
									"origin": [8, 8, 8],
									"color": 0,
									"children": [41, 42, 43, 44, 45, 46, 47, 48]
								},
								49,
								50
							]
						},
						{
							"name": "tire_template",
							"origin": [8, 8, 8],
							"color": 0,
							"children": [
								{
									"name": "octagon",
									"origin": [8, 8, 8],
									"color": 0,
									"children": [51, 52, 53, 54, 55, 56, 57, 58]
								},
								59,
								60
							]
						},
						{
							"name": "tire_template",
							"origin": [8, 8, 8],
							"color": 0,
							"children": [
								{
									"name": "octagon",
									"origin": [8, 8, 8],
									"color": 0,
									"children": []
								}
							]
						}
					]
				}
			]
		}
	]
}