{
	"credit": "Made with Blockbench, a free, modern block model editor by JannisX11",
	"textures": {
		"2": "blocks/concrete_yellow",
		"3": "blocks/concrete_black",
		"4": "block/red_concrete",
		"particle": "blocks/mushroom_block_skin_red"
	},
	"elements": [
		{
			"from": [4, 6, 4],
			"to": [5, 7, 8],
			"rotation": {"angle": 0, "axis": "y", "origin": [6, 8, 8]},
			"faces": {
				"north": {"uv": [0, 0, 0.49963, 0.49963], "texture": "#4"},
				"east": {"uv": [0, 0, 0.49963, 0.49963], "texture": "#4"},
				"south": {"uv": [0, 0, 0.49963, 0.49963], "texture": "#4"},
				"west": {"uv": [0, 0, 0.49963, 0.49963], "texture": "#4"},
				"up": {"uv": [0, 0, 0.49963, 0.49963], "texture": "#4"},
				"down": {"uv": [0, 0, 0.49963, 0.49963], "texture": "#4"}
			}
		},
		{
			"from": [11, 6, 4],
			"to": [12, 7, 8],
			"rotation": {"angle": 0, "axis": "y", "origin": [13, 8, 8]},
			"faces": {
				"north": {"uv": [0, 0, 0.49963, 0.49963], "texture": "#4"},
				"east": {"uv": [0, 0, 0.49963, 0.49963], "texture": "#4"},
				"south": {"uv": [0, 0, 0.49963, 0.49963], "texture": "#4"},
				"west": {"uv": [0, 0, 0.49963, 0.49963], "texture": "#4"},
				"up": {"uv": [0, 0, 0.49963, 0.49963], "texture": "#4"},
				"down": {"uv": [0, 0, 0.49963, 0.49963], "texture": "#4"}
			}
		},
		{
			"from": [4.6, 8, 4],
			"to": [11.4, 8.2, 8],
			"faces": {
				"north": {"uv": [0, 0, 0.49963, 0.49963], "texture": "#4"},
				"east": {"uv": [0, 0, 0.49963, 0.49963], "texture": "#4"},
				"south": {"uv": [0, 0, 0.49963, 0.49963], "texture": "#4"},
				"west": {"uv": [0, 0, 0.49963, 0.49963], "texture": "#4"},
				"up": {"uv": [0, 0, 0.49963, 0.49963], "texture": "#4"},
				"down": {"uv": [0, 0, 0.49963, 0.49963], "texture": "#4"}
			}
		},
		{
			"from": [4, 7, 4],
			"to": [12, 8, 8],
			"faces": {
				"north": {"uv": [0, 0, 0.49963, 0.49963], "texture": "#4"},
				"east": {"uv": [0, 0, 0.49963, 0.49963], "texture": "#4"},
				"south": {"uv": [0, 0, 0.49963, 0.49963], "texture": "#4"},
				"west": {"uv": [0, 0, 0.49963, 0.49963], "texture": "#4"},
				"up": {"uv": [0, 0, 0.49963, 0.49963], "texture": "#4"},
				"down": {"uv": [0, 0, 0.49963, 0.49963], "texture": "#4"}
			}
		},
		{
			"from": [4.4, 0.6, 7.3],
			"to": [11.4, 5.4, 8.3],
			"faces": {
				"north": {"uv": [0, 0, 0.49963, 0.49963], "texture": "#4"},
				"east": {"uv": [0, 0, 0.49963, 0.49963], "texture": "#4"},
				"south": {"uv": [0, 0, 0.49963, 0.49963], "texture": "#4"},
				"west": {"uv": [0, 0, 0.49963, 0.49963], "texture": "#4"},
				"up": {"uv": [0, 0, 0.49963, 0.49963], "texture": "#4"},
				"down": {"uv": [0, 0, 0.49963, 0.49963], "texture": "#4"}
			}
		},
		{
			"from": [11.3, 0.6, 4.4],
			"to": [12.3, 5.4, 7.7],
			"faces": {
				"north": {"uv": [0, 0, 0.49963, 0.49963], "texture": "#4"},
				"east": {"uv": [0, 0, 0.49963, 0.49963], "texture": "#4"},
				"south": {"uv": [0, 0, 0.49963, 0.49963], "texture": "#4"},
				"west": {"uv": [0, 0, 0.49963, 0.49963], "texture": "#4"},
				"up": {"uv": [0, 0, 0.49963, 0.49963], "texture": "#4"},
				"down": {"uv": [0, 0, 0.49963, 0.49963], "texture": "#4"}
			}
		},
		{
			"from": [10.1, 0.6, 4.4],
			"to": [12, 6, 7.7],
			"faces": {
				"north": {"uv": [0, 0, 0.49963, 0.49963], "texture": "#4"},
				"east": {"uv": [0, 0, 0.49963, 0.49963], "texture": "#4"},
				"south": {"uv": [0, 0, 0.49963, 0.49963], "texture": "#4"},
				"west": {"uv": [0, 0, 0.49963, 0.49963], "texture": "#4"},
				"up": {"uv": [0, 0, 0.49963, 0.49963], "texture": "#4"},
				"down": {"uv": [0, 0, 0.49963, 0.49963], "texture": "#4"}
			}
		},
		{
			"from": [4, 0.6, 4.9],
			"to": [5.8, 6, 7.7],
			"faces": {
				"north": {"uv": [0, 0, 0.49963, 0.49963], "texture": "#4"},
				"east": {"uv": [0, 0, 0.49963, 0.49963], "texture": "#4"},
				"south": {"uv": [0, 0, 0.49963, 0.49963], "texture": "#4"},
				"west": {"uv": [0, 0, 0.49963, 0.49963], "texture": "#4"},
				"up": {"uv": [0, 0, 0.49963, 0.49963], "texture": "#4"},
				"down": {"uv": [0, 0, 0.49963, 0.49963], "texture": "#4"}
			}
		},
		{
			"from": [3.7, 0.6, 4.4],
			"to": [4.7, 5.4, 7.7],
			"faces": {
				"north": {"uv": [0, 0, 0.49963, 0.49963], "texture": "#4"},
				"east": {"uv": [0, 0, 0.49963, 0.49963], "texture": "#4"},
				"south": {"uv": [0, 0, 0.49963, 0.49963], "texture": "#4"},
				"west": {"uv": [0, 0, 0.49963, 0.49963], "texture": "#4"},
				"up": {"uv": [0, 0, 0.49963, 0.49963], "texture": "#4"},
				"down": {"uv": [0, 0, 0.49963, 0.49963], "texture": "#4"}
			}
		},
		{
			"from": [4, 0, 4],
			"to": [12, 1, 8],
			"faces": {
				"north": {"uv": [0, 0, 0.49963, 0.49963], "texture": "#4"},
				"east": {"uv": [0, 0, 0.49963, 0.49963], "texture": "#4"},
				"south": {"uv": [0, 0, 0.49963, 0.49963], "texture": "#4"},
				"west": {"uv": [0, 0, 0.49963, 0.49963], "texture": "#4"},
				"up": {"uv": [0, 0, 0.49963, 0.49963], "texture": "#4"},
				"down": {"uv": [0, 0, 0.49963, 0.49963], "texture": "#4"}
			}
		},
		{
			"from": [5.7, 0, 5],
			"to": [10.7, 5.8, 7],
			"faces": {
				"north": {"uv": [0, 0, 0.49963, 0.49963], "texture": "#4"},
				"east": {"uv": [0, 0, 0.49963, 0.49963], "texture": "#4"},
				"south": {"uv": [0, 0, 0.49963, 0.49963], "texture": "#4"},
				"west": {"uv": [0, 0, 0.49963, 0.49963], "texture": "#4"},
				"up": {"uv": [0, 0, 0.49963, 0.49963], "texture": "#4"},
				"down": {"uv": [0, 0, 0.49963, 0.49963], "texture": "#4"}
			}
		},
		{
			"from": [4, 0, 7],
			"to": [12, 6, 8],
			"faces": {
				"north": {"uv": [0, 0, 0.49963, 0.49963], "texture": "#4"},
				"east": {"uv": [0, 0, 0.49963, 0.49963], "texture": "#4"},
				"south": {"uv": [0, 0, 0.49963, 0.49963], "texture": "#4"},
				"west": {"uv": [0, 0, 0.49963, 0.49963], "texture": "#4"},
				"up": {"uv": [0, 0, 0.49963, 0.49963], "texture": "#4"},
				"down": {"uv": [0, 0, 0.49963, 0.49963], "texture": "#4"}
			}
		},
		{
			"from": [5.6, 0.5, 3.7],
			"to": [10, 1.2, 4],
			"rotation": {"angle": 0, "axis": "z", "origin": [11.8, 3.4, 7]},
			"faces": {
				"north": {"uv": [0, 0, 0.49963, 0.49963], "texture": "#4"},
				"east": {"uv": [0, 0, 0.49963, 0.49963], "texture": "#4"},
				"south": {"uv": [0, 0, 0.49963, 0.49963], "texture": "#4"},
				"west": {"uv": [0, 0, 0.49963, 0.49963], "texture": "#4"},
				"up": {"uv": [0, 0, 0.49963, 0.49963], "texture": "#4"},
				"down": {"uv": [0, 0, 0.49963, 0.49963], "texture": "#4"}
			}
		},
		{
			"from": [5.6, 4.5, 3.7],
			"to": [10, 5.2, 4],
			"rotation": {"angle": 0, "axis": "z", "origin": [11.8, 7.4, 7]},
			"faces": {
				"north": {"uv": [0, 0, 0.49963, 0.49963], "texture": "#4"},
				"east": {"uv": [0, 0, 0.49963, 0.49963], "texture": "#4"},
				"south": {"uv": [0, 0, 0.49963, 0.49963], "texture": "#4"},
				"west": {"uv": [0, 0, 0.49963, 0.49963], "texture": "#4"},
				"up": {"uv": [0, 0, 0.49963, 0.49963], "texture": "#4"},
				"down": {"uv": [0, 0, 0.49963, 0.49963], "texture": "#4"}
			}
		},
		{
			"from": [5.6, 1, 3.7],
			"to": [7.4, 4.5, 4],
			"rotation": {"angle": 0, "axis": "z", "origin": [9.6, -1, 7]},
			"faces": {
				"north": {"uv": [0, 0, 0.49963, 0.49963], "texture": "#4"},
				"east": {"uv": [0, 0, 0.49963, 0.49963], "texture": "#4"},
				"south": {"uv": [0, 0, 0.49963, 0.49963], "texture": "#4"},
				"west": {"uv": [0, 0, 0.49963, 0.49963], "texture": "#4"},
				"up": {"uv": [0, 0, 0.49963, 0.49963], "texture": "#4"},
				"down": {"uv": [0, 0, 0.49963, 0.49963], "texture": "#4"}
			}
		},
		{
			"from": [8.1, 1, 3.7],
			"to": [10, 4.5, 4],
			"rotation": {"angle": 0, "axis": "z", "origin": [12, -1, 7]},
			"faces": {
				"north": {"uv": [0, 0, 0.49963, 0.49963], "texture": "#4"},
				"east": {"uv": [0, 0, 0.49963, 0.49963], "texture": "#4"},
				"south": {"uv": [0, 0, 0.49963, 0.49963], "texture": "#4"},
				"west": {"uv": [0, 0, 0.49963, 0.49963], "texture": "#4"},
				"up": {"uv": [0, 0, 0.49963, 0.49963], "texture": "#4"},
				"down": {"uv": [0, 0, 0.49963, 0.49963], "texture": "#4"}
			}
		},
		{
			"from": [6, 5, 4],
			"to": [10, 6, 5],
			"rotation": {"angle": 0, "axis": "z", "origin": [12, 3, 8]},
			"faces": {
				"north": {"uv": [0, 0, 0.49963, 0.49963], "texture": "#4"},
				"east": {"uv": [0, 0, 0.49963, 0.49963], "texture": "#4"},
				"south": {"uv": [0, 0, 0.49963, 0.49963], "texture": "#4"},
				"west": {"uv": [0, 0, 0.49963, 0.49963], "texture": "#4"},
				"up": {"uv": [0, 0, 0.49963, 0.49963], "texture": "#4"},
				"down": {"uv": [0, 0, 0.49963, 0.49963], "texture": "#4"}
			}
		},
		{
			"from": [4, 1, 4],
			"to": [6, 6, 5],
			"faces": {
				"north": {"uv": [0, 0, 0.49963, 0.49963], "texture": "#4"},
				"east": {"uv": [0, 0, 0.49963, 0.49963], "texture": "#4"},
				"south": {"uv": [0, 0, 0.49963, 0.49963], "texture": "#4"},
				"west": {"uv": [0, 0, 0.49963, 0.49963], "texture": "#4"},
				"up": {"uv": [0, 0, 0.49963, 0.49963], "texture": "#4"},
				"down": {"uv": [0, 0, 0.49963, 0.49963], "texture": "#4"}
			}
		},
		{
			"from": [10, 1, 4],
			"to": [12, 6, 5],
			"faces": {
				"north": {"uv": [0, 0, 0.49963, 0.49963], "texture": "#4"},
				"east": {"uv": [0, 0, 0.49963, 0.49963], "texture": "#4"},
				"south": {"uv": [0, 0, 0.49963, 0.49963], "texture": "#4"},
				"west": {"uv": [0, 0, 0.49963, 0.49963], "texture": "#4"},
				"up": {"uv": [0, 0, 0.49963, 0.49963], "texture": "#4"},
				"down": {"uv": [0, 0, 0.49963, 0.49963], "texture": "#4"}
			}
		},
		{
			"from": [0.8, 7.9, 5.5],
			"to": [2.3, 8.9, 6.5],
			"rotation": {"angle": 22.5, "axis": "z", "origin": [6, 9.5, 8]},
			"faces": {
				"north": {"uv": [0, 0, 1.5, 1], "texture": "#2"},
				"east": {"uv": [0, 0, 1, 1], "texture": "#2"},
				"south": {"uv": [0, 0, 1.5, 1], "texture": "#2"},
				"west": {"uv": [0, 0, 1, 1], "texture": "#2"},
				"up": {"uv": [0, 0, 1.5, 1], "texture": "#2"},
				"down": {"uv": [0, 0, 1.5, 1], "texture": "#2"}
			}
		},
		{
			"from": [2.8, 6.5, 5.5],
			"to": [4.3, 7.5, 6.5],
			"faces": {
				"north": {"uv": [0, 0, 1.5, 1], "texture": "#2"},
				"east": {"uv": [0, 0, 1.5, 1], "texture": "#2"},
				"south": {"uv": [0, 0, 1.5, 1], "texture": "#2"},
				"west": {"uv": [0, 0, 1.5, 1], "texture": "#2"},
				"up": {"uv": [0, 0, 1.5, 1], "texture": "#2"},
				"down": {"uv": [0, 0, 1.5, 1], "texture": "#2"}
			}
		},
		{
			"from": [3.6, 6.3, 5.3],
			"to": [4.3, 7.7, 6.7],
			"faces": {
				"north": {"uv": [0, 0, 0.35, 0.7], "texture": "#3"},
				"east": {"uv": [0, 0, 1.4, 1.4], "texture": "#missing"},
				"south": {"uv": [0, 0, 0.35, 0.7], "texture": "#3"},
				"west": {"uv": [0, 0, 0.7, 0.7], "texture": "#3"},
				"up": {"uv": [0, 0, 0.35, 0.7], "texture": "#3"},
				"down": {"uv": [0, 0, 0.35, 0.7], "texture": "#3"}
			}
		},
		{
			"from": [5.7, 0, 5],
			"to": [10.7, 5.8, 7],
			"faces": {
				"north": {"uv": [0, 0, 0.49963, 0.49963], "texture": "#4"},
				"east": {"uv": [0, 0, 0.49963, 0.49963], "texture": "#4"},
				"south": {"uv": [0, 0, 0.49963, 0.49963], "texture": "#4"},
				"west": {"uv": [0, 0, 0.49963, 0.49963], "texture": "#4"},
				"up": {"uv": [0, 0, 0.49963, 0.49963], "texture": "#4"},
				"down": {"uv": [0, 0, 0.49963, 0.49963], "texture": "#4"}
			}
		}
	],
	"display": {
		"thirdperson_righthand": {
			"rotation": [100, -86, 25],
			"translation": [-1.5, 0, -1.5],
			"scale": [0.9, 0.9, 0.8]
		},
		"thirdperson_lefthand": {
			"rotation": [43, 90, 26],
			"translation": [1.8, -0.5, -1.5],
			"scale": [0.9, 0.9, 0.9]
		},
		"firstperson_righthand": {
			"rotation": [12, -31, 1],
			"translation": [-0.5, 7, 4]
		},
		"firstperson_lefthand": {
			"rotation": [9, 161, 2],
			"translation": [2, 6.5, 0]
		},
		"gui": {
			"rotation": [0, 30, 0],
			"translation": [1.5, 4.5, 0],
			"scale": [1.3, 1.3, 1.3]
		}
	}
}