{"display":{"thirdperson_righthand":{"scale":[0.5,0.5,0.5]},"thirdperson_lefthand":{"scale":[0.5,0.5,0.5]},"firstperson_righthand":{"translation":[0,2.75,0]},"firstperson_lefthand":{"translation":[0,2.75,0]},"ground":{"translation":[0,2.25,0],"scale":[0.7,0.7,0.7]},"gui":{"rotation":[13,-13,0],"translation":[0,2.75,0],"scale":[0.7,0.7,0.7]},"head":{"translation":[0,10.5,0.25],"scale":[0.91,0.91,0.91]},"fixed":{"translation":[0,4.25,7.5]}},"texture_size":[64,64],"textures":{"0":"item/hats/crown","particle":"item/hats/crown"},"elements":[{"from":[0.5,0,0],"to":[15.5,3,0],"faces":{"north":{"uv":[0,1.5,3.75,2.25],"texture":"#0"},"east":{"uv":[0,0,0,0.75],"texture":"#0"},"south":{"uv":[0,2.25,3.75,3],"texture":"#0"},"west":{"uv":[0,0,0,0.75],"texture":"#0"},"up":{"uv":[3.75,0,0,0],"texture":"#0"},"down":{"uv":[3.75,0,0,0],"texture":"#0"}}},{"from":[14.5,3,0],"to":[15.5,9,0],"faces":{"north":{"uv":[3.75,4.5,4,6],"texture":"#0"},"east":{"uv":[0,0,0,1.5],"texture":"#0"},"south":{"uv":[4,4.5,4.25,6],"texture":"#0"},"west":{"uv":[0,0,0,1.5],"texture":"#0"},"up":{"uv":[0.25,0,0,0],"texture":"#0"},"down":{"uv":[0.25,0,0,0],"texture":"#0"}}},{"from":[13.5,3,0],"to":[14.5,7,0],"faces":{"north":{"uv":[2.5,5.5,2.75,6.5],"texture":"#0"},"east":{"uv":[0,0,0,1],"texture":"#0"},"south":{"uv":[2.75,5.5,3,6.5],"texture":"#0"},"west":{"uv":[0,0,0,1],"texture":"#0"},"up":{"uv":[0.25,0,0,0],"texture":"#0"},"down":{"uv":[0.25,0,0,0],"texture":"#0"}}},{"from":[9.5,3,0],"to":[10.5,6,0],"faces":{"north":{"uv":[6.25,3.5,6.5,4.25],"texture":"#0"},"east":{"uv":[0,0,0,0.75],"texture":"#0"},"south":{"uv":[6.25,4.25,6.5,5],"texture":"#0"},"west":{"uv":[0,0,0,0.75],"texture":"#0"},"up":{"uv":[0.25,0,0,0],"texture":"#0"},"down":{"uv":[0.25,0,0,0],"texture":"#0"}}},{"from":[3.5,3,0],"to":[5.5,5,0],"faces":{"north":{"uv":[5.5,3,6,3.5],"texture":"#0"},"east":{"uv":[0,0,0,0.5],"texture":"#0"},"south":{"uv":[5.5,3.5,6,4],"texture":"#0"},"west":{"uv":[0,0,0,0.5],"texture":"#0"},"up":{"uv":[0.5,0,0,0],"texture":"#0"},"down":{"uv":[0.5,0,0,0],"texture":"#0"}}},{"from":[12.5,3,0],"to":[13.5,6,0],"faces":{"north":{"uv":[6.25,5,6.5,5.75],"texture":"#0"},"east":{"uv":[0,0,0,0.75],"texture":"#0"},"south":{"uv":[6.25,5.75,6.5,6.5],"texture":"#0"},"west":{"uv":[0,0,0,0.75],"texture":"#0"},"up":{"uv":[0.25,0,0,0],"texture":"#0"},"down":{"uv":[0.25,0,0,0],"texture":"#0"}}},{"from":[6.5,3,0],"to":[9.5,7,0],"faces":{"north":{"uv":[3.75,3.5,4.5,4.5],"texture":"#0"},"east":{"uv":[0,0,0,1],"texture":"#0"},"south":{"uv":[0,4.5,0.75,5.5],"texture":"#0"},"west":{"uv":[0,0,0,1],"texture":"#0"},"up":{"uv":[0.75,0,0,0],"texture":"#0"},"down":{"uv":[0.75,0,0,0],"texture":"#0"}}},{"from":[5.5,3,0],"to":[6.5,6,0],"faces":{"north":{"uv":[0.25,6.5,0.5,7.25],"texture":"#0"},"east":{"uv":[0,0,0,0.75],"texture":"#0"},"south":{"uv":[0.5,6.5,0.75,7.25],"texture":"#0"},"west":{"uv":[0,0,0,0.75],"texture":"#0"},"up":{"uv":[0.25,0,0,0],"texture":"#0"},"down":{"uv":[0.25,0,0,0],"texture":"#0"}}},{"from":[10.5,3,0],"to":[12.5,5,0],"faces":{"north":{"uv":[5.5,4,6,4.5],"texture":"#0"},"east":{"uv":[0,0,0,0.5],"texture":"#0"},"south":{"uv":[4.5,5.5,5,6],"texture":"#0"},"west":{"uv":[0,0,0,0.5],"texture":"#0"},"up":{"uv":[0.5,0,0,0],"texture":"#0"},"down":{"uv":[0.5,0,0,0],"texture":"#0"}}},{"from":[2.5,3,0],"to":[3.5,6,0],"faces":{"north":{"uv":[0.75,6.5,1,7.25],"texture":"#0"},"east":{"uv":[0,0,0,0.75],"texture":"#0"},"south":{"uv":[1,6.5,1.25,7.25],"texture":"#0"},"west":{"uv":[0,0,0,0.75],"texture":"#0"},"up":{"uv":[0.25,0,0,0],"texture":"#0"},"down":{"uv":[0.25,0,0,0],"texture":"#0"}}},{"from":[1.5,3,0],"to":[2.5,7,0],"faces":{"north":{"uv":[5.5,4.5,5.75,5.5],"texture":"#0"},"east":{"uv":[0,0,0,1],"texture":"#0"},"south":{"uv":[5,5.5,5.25,6.5],"texture":"#0"},"west":{"uv":[0,0,0,1],"texture":"#0"},"up":{"uv":[0.25,0,0,0],"texture":"#0"},"down":{"uv":[0.25,0,0,0],"texture":"#0"}}},{"from":[0.5,3,0],"to":[1.5,9,0],"faces":{"north":{"uv":[4.5,4,4.75,5.5],"texture":"#0"},"east":{"uv":[0,0,0,1.5],"texture":"#0"},"south":{"uv":[4.25,4.5,4.5,6],"texture":"#0"},"west":{"uv":[0,0,0,1.5],"texture":"#0"},"up":{"uv":[0.25,0,0,0],"texture":"#0"},"down":{"uv":[0.25,0,0,0],"texture":"#0"}}},{"from":[0.5,0,0],"to":[0.5,3,15],"faces":{"north":{"uv":[0,0,0,0.75],"texture":"#0"},"east":{"uv":[3.75,0,7.5,0.75],"texture":"#0"},"south":{"uv":[0,0,0,0.75],"texture":"#0"},"west":{"uv":[3.75,0.75,7.5,1.5],"texture":"#0"},"up":{"uv":[0,3.75,0,0],"texture":"#0"},"down":{"uv":[0,0,0,3.75],"texture":"#0"}}},{"from":[0.5,3,0],"to":[0.5,9,1],"faces":{"north":{"uv":[0,0,0,1.5],"texture":"#0"},"east":{"uv":[5.25,1.5,5.5,3],"texture":"#0"},"south":{"uv":[0,0,0,1.5],"texture":"#0"},"west":{"uv":[5.25,3,5.5,4.5],"texture":"#0"},"up":{"uv":[0,0.25,0,0],"texture":"#0"},"down":{"uv":[0,0,0,0.25],"texture":"#0"}}},{"from":[0.5,3,1],"to":[0.5,7,2],"faces":{"north":{"uv":[0,0,0,1],"texture":"#0"},"east":{"uv":[6,1.5,6.25,2.5],"texture":"#0"},"south":{"uv":[0,0,0,1],"texture":"#0"},"west":{"uv":[1.75,6,2,7],"texture":"#0"},"up":{"uv":[0,0.25,0,0],"texture":"#0"},"down":{"uv":[0,0,0,0.25],"texture":"#0"}}},{"from":[0.5,3,2],"to":[0.5,6,3],"faces":{"north":{"uv":[0,0,0,0.75],"texture":"#0"},"east":{"uv":[3.5,6.5,3.75,7.25],"texture":"#0"},"south":{"uv":[0,0,0,0.75],"texture":"#0"},"west":{"uv":[3.75,6.5,4,7.25],"texture":"#0"},"up":{"uv":[0,0.25,0,0],"texture":"#0"},"down":{"uv":[0,0,0,0.25],"texture":"#0"}}},{"from":[0.5,3,5],"to":[0.5,6,6],"faces":{"north":{"uv":[0,0,0,0.75],"texture":"#0"},"east":{"uv":[6.5,3.75,6.75,4.5],"texture":"#0"},"south":{"uv":[0,0,0,0.75],"texture":"#0"},"west":{"uv":[6.5,4.5,6.75,5.25],"texture":"#0"},"up":{"uv":[0,0.25,0,0],"texture":"#0"},"down":{"uv":[0,0,0,0.25],"texture":"#0"}}},{"from":[0.5,3,6],"to":[0.5,7,9],"faces":{"north":{"uv":[0,0,0,1],"texture":"#0"},"east":{"uv":[4.5,1.5,5.25,2.5],"texture":"#0"},"south":{"uv":[0,0,0,1],"texture":"#0"},"west":{"uv":[2.25,4.5,3,5.5],"texture":"#0"},"up":{"uv":[0,0.75,0,0],"texture":"#0"},"down":{"uv":[0,0,0,0.75],"texture":"#0"}}},{"from":[0.5,3,9],"to":[0.5,6,10],"faces":{"north":{"uv":[0,0,0,0.75],"texture":"#0"},"east":{"uv":[5,6.5,5.25,7.25],"texture":"#0"},"south":{"uv":[0,0,0,0.75],"texture":"#0"},"west":{"uv":[6.5,5.25,6.75,6],"texture":"#0"},"up":{"uv":[0,0.25,0,0],"texture":"#0"},"down":{"uv":[0,0,0,0.25],"texture":"#0"}}},{"from":[0.5,3,3],"to":[0.5,5,5],"faces":{"north":{"uv":[0,0,0,0.5],"texture":"#0"},"east":{"uv":[6,2.5,6.5,3],"texture":"#0"},"south":{"uv":[0,0,0,0.5],"texture":"#0"},"west":{"uv":[3,6,3.5,6.5],"texture":"#0"},"up":{"uv":[0,0.5,0,0],"texture":"#0"},"down":{"uv":[0,0,0,0.5],"texture":"#0"}}},{"from":[0.5,3,10],"to":[0.5,5,12],"faces":{"north":{"uv":[0,0,0,0.5],"texture":"#0"},"east":{"uv":[6,3,6.5,3.5],"texture":"#0"},"south":{"uv":[0,0,0,0.5],"texture":"#0"},"west":{"uv":[3.5,6,4,6.5],"texture":"#0"},"up":{"uv":[0,0.5,0,0],"texture":"#0"},"down":{"uv":[0,0,0,0.5],"texture":"#0"}}},{"from":[0.5,3,12],"to":[0.5,6,13],"faces":{"north":{"uv":[0,0,0,0.75],"texture":"#0"},"east":{"uv":[5.5,6.5,5.75,7.25],"texture":"#0"},"south":{"uv":[0,0,0,0.75],"texture":"#0"},"west":{"uv":[6.5,6,6.75,6.75],"texture":"#0"},"up":{"uv":[0,0.25,0,0],"texture":"#0"},"down":{"uv":[0,0,0,0.25],"texture":"#0"}}},{"from":[0.5,3,13],"to":[0.5,7,14],"faces":{"north":{"uv":[0,0,0,1],"texture":"#0"},"east":{"uv":[2,6,2.25,7],"texture":"#0"},"south":{"uv":[0,0,0,1],"texture":"#0"},"west":{"uv":[6,3.5,6.25,4.5],"texture":"#0"},"up":{"uv":[0,0.25,0,0],"texture":"#0"},"down":{"uv":[0,0,0,0.25],"texture":"#0"}}},{"from":[0.5,3,14],"to":[0.5,9,15],"faces":{"north":{"uv":[0,0,0,1.5],"texture":"#0"},"east":{"uv":[5.25,4.5,5.5,6],"texture":"#0"},"south":{"uv":[0,0,0,1.5],"texture":"#0"},"west":{"uv":[0,5.5,0.25,7],"texture":"#0"},"up":{"uv":[0,0.25,0,0],"texture":"#0"},"down":{"uv":[0,0,0,0.25],"texture":"#0"}}},{"from":[0.25,0,-0.25],"to":[15.75,2,-0.25],"faces":{"north":{"uv":[6.75,2.5,10.75,3],"texture":"#0"},"east":{"uv":[0,0,0,0.5],"texture":"#0"},"south":{"uv":[6.75,3,10.75,3.5],"texture":"#0"},"west":{"uv":[0,0,0,0.5],"texture":"#0"},"up":{"uv":[4,0,0,0],"texture":"#0"},"down":{"uv":[4,0,0,0],"texture":"#0"}}},{"from":[0.5,0,15],"to":[15.5,3,15],"faces":{"north":{"uv":[0,2.25,3.75,3],"texture":"#0"},"east":{"uv":[0,0,0,0.75],"texture":"#0"},"south":{"uv":[0,1.5,3.75,2.25],"texture":"#0"},"west":{"uv":[0,0,0,0.75],"texture":"#0"},"up":{"uv":[3.75,0,0,0],"rotation":180,"texture":"#0"},"down":{"uv":[3.75,0,0,0],"rotation":180,"texture":"#0"}}},{"from":[0.5,3,15],"to":[1.5,9,15],"faces":{"north":{"uv":[4,4.5,4.25,6],"texture":"#0"},"east":{"uv":[0,0,0,1.5],"texture":"#0"},"south":{"uv":[3.75,4.5,4,6],"texture":"#0"},"west":{"uv":[0,0,0,1.5],"texture":"#0"},"up":{"uv":[0.25,0,0,0],"rotation":180,"texture":"#0"},"down":{"uv":[0.25,0,0,0],"rotation":180,"texture":"#0"}}},{"from":[1.5,3,15],"to":[2.5,7,15],"faces":{"north":{"uv":[2.75,5.5,3,6.5],"texture":"#0"},"east":{"uv":[0,0,0,1],"texture":"#0"},"south":{"uv":[2.5,5.5,2.75,6.5],"texture":"#0"},"west":{"uv":[0,0,0,1],"texture":"#0"},"up":{"uv":[0.25,0,0,0],"rotation":180,"texture":"#0"},"down":{"uv":[0.25,0,0,0],"rotation":180,"texture":"#0"}}},{"from":[5.5,3,15],"to":[6.5,6,15],"faces":{"north":{"uv":[6.25,4.25,6.5,5],"texture":"#0"},"east":{"uv":[0,0,0,0.75],"texture":"#0"},"south":{"uv":[6.25,3.5,6.5,4.25],"texture":"#0"},"west":{"uv":[0,0,0,0.75],"texture":"#0"},"up":{"uv":[0.25,0,0,0],"rotation":180,"texture":"#0"},"down":{"uv":[0.25,0,0,0],"rotation":180,"texture":"#0"}}},{"from":[10.5,3,15],"to":[12.5,5,15],"faces":{"north":{"uv":[5.5,3.5,6,4],"texture":"#0"},"east":{"uv":[0,0,0,0.5],"texture":"#0"},"south":{"uv":[5.5,3,6,3.5],"texture":"#0"},"west":{"uv":[0,0,0,0.5],"texture":"#0"},"up":{"uv":[0.5,0,0,0],"rotation":180,"texture":"#0"},"down":{"uv":[0.5,0,0,0],"rotation":180,"texture":"#0"}}},{"from":[2.5,3,15],"to":[3.5,6,15],"faces":{"north":{"uv":[6.25,5.75,6.5,6.5],"texture":"#0"},"east":{"uv":[0,0,0,0.75],"texture":"#0"},"south":{"uv":[6.25,5,6.5,5.75],"texture":"#0"},"west":{"uv":[0,0,0,0.75],"texture":"#0"},"up":{"uv":[0.25,0,0,0],"rotation":180,"texture":"#0"},"down":{"uv":[0.25,0,0,0],"rotation":180,"texture":"#0"}}},{"from":[6.5,3,15],"to":[9.5,7,15],"faces":{"north":{"uv":[0,4.5,0.75,5.5],"texture":"#0"},"east":{"uv":[0,0,0,1],"texture":"#0"},"south":{"uv":[3.75,3.5,4.5,4.5],"texture":"#0"},"west":{"uv":[0,0,0,1],"texture":"#0"},"up":{"uv":[0.75,0,0,0],"rotation":180,"texture":"#0"},"down":{"uv":[0.75,0,0,0],"rotation":180,"texture":"#0"}}},{"from":[9.5,3,15],"to":[10.5,6,15],"faces":{"north":{"uv":[0.5,6.5,0.75,7.25],"texture":"#0"},"east":{"uv":[0,0,0,0.75],"texture":"#0"},"south":{"uv":[0.25,6.5,0.5,7.25],"texture":"#0"},"west":{"uv":[0,0,0,0.75],"texture":"#0"},"up":{"uv":[0.25,0,0,0],"rotation":180,"texture":"#0"},"down":{"uv":[0.25,0,0,0],"rotation":180,"texture":"#0"}}},{"from":[3.5,3,15],"to":[5.5,5,15],"faces":{"north":{"uv":[4.5,5.5,5,6],"texture":"#0"},"east":{"uv":[0,0,0,0.5],"texture":"#0"},"south":{"uv":[5.5,4,6,4.5],"texture":"#0"},"west":{"uv":[0,0,0,0.5],"texture":"#0"},"up":{"uv":[0.5,0,0,0],"rotation":180,"texture":"#0"},"down":{"uv":[0.5,0,0,0],"rotation":180,"texture":"#0"}}},{"from":[12.5,3,15],"to":[13.5,6,15],"faces":{"north":{"uv":[1,6.5,1.25,7.25],"texture":"#0"},"east":{"uv":[0,0,0,0.75],"texture":"#0"},"south":{"uv":[0.75,6.5,1,7.25],"texture":"#0"},"west":{"uv":[0,0,0,0.75],"texture":"#0"},"up":{"uv":[0.25,0,0,0],"rotation":180,"texture":"#0"},"down":{"uv":[0.25,0,0,0],"rotation":180,"texture":"#0"}}},{"from":[13.5,3,15],"to":[14.5,7,15],"faces":{"north":{"uv":[5,5.5,5.25,6.5],"texture":"#0"},"east":{"uv":[0,0,0,1],"texture":"#0"},"south":{"uv":[5.5,4.5,5.75,5.5],"texture":"#0"},"west":{"uv":[0,0,0,1],"texture":"#0"},"up":{"uv":[0.25,0,0,0],"rotation":180,"texture":"#0"},"down":{"uv":[0.25,0,0,0],"rotation":180,"texture":"#0"}}},{"from":[14.5,3,15],"to":[15.5,9,15],"faces":{"north":{"uv":[4.25,4.5,4.5,6],"texture":"#0"},"east":{"uv":[0,0,0,1.5],"texture":"#0"},"south":{"uv":[4.5,4,4.75,5.5],"texture":"#0"},"west":{"uv":[0,0,0,1.5],"texture":"#0"},"up":{"uv":[0.25,0,0,0],"rotation":180,"texture":"#0"},"down":{"uv":[0.25,0,0,0],"rotation":180,"texture":"#0"}}},{"from":[0.25,0,15.25],"to":[15.75,2,15.25],"faces":{"north":{"uv":[6.75,3,10.75,3.5],"texture":"#0"},"east":{"uv":[0,0,0,0.5],"texture":"#0"},"south":{"uv":[6.75,2.5,10.75,3],"texture":"#0"},"west":{"uv":[0,0,0,0.5],"texture":"#0"},"up":{"uv":[4,0,0,0],"rotation":180,"texture":"#0"},"down":{"uv":[4,0,0,0],"rotation":180,"texture":"#0"}}},{"from":[0.25,0,-0.25],"to":[0.25,2,15.25],"faces":{"north":{"uv":[0,0,0,0.5],"texture":"#0"},"east":{"uv":[6.75,1.5,10.75,2],"texture":"#0"},"south":{"uv":[0,0,0,0.5],"texture":"#0"},"west":{"uv":[6.75,2,10.75,2.5],"texture":"#0"},"up":{"uv":[0,4,0,0],"texture":"#0"},"down":{"uv":[0,0,0,4],"texture":"#0"}}},{"from":[15.5,3,14],"to":[15.5,9,15],"faces":{"north":{"uv":[0,0,0,1.5],"texture":"#0"},"east":{"uv":[5.25,3,5.5,4.5],"texture":"#0"},"south":{"uv":[0,0,0,1.5],"texture":"#0"},"west":{"uv":[5.25,1.5,5.5,3],"texture":"#0"},"up":{"uv":[0,0.25,0,0],"rotation":180,"texture":"#0"},"down":{"uv":[0,0,0,0.25],"rotation":180,"texture":"#0"}}},{"from":[15.5,3,13],"to":[15.5,7,14],"faces":{"north":{"uv":[0,0,0,1],"texture":"#0"},"east":{"uv":[1.75,6,2,7],"texture":"#0"},"south":{"uv":[0,0,0,1],"texture":"#0"},"west":{"uv":[6,1.5,6.25,2.5],"texture":"#0"},"up":{"uv":[0,0.25,0,0],"rotation":180,"texture":"#0"},"down":{"uv":[0,0,0,0.25],"rotation":180,"texture":"#0"}}},{"from":[15.5,3,12],"to":[15.5,6,13],"faces":{"north":{"uv":[0,0,0,0.75],"texture":"#0"},"east":{"uv":[3.75,6.5,4,7.25],"texture":"#0"},"south":{"uv":[0,0,0,0.75],"texture":"#0"},"west":{"uv":[3.5,6.5,3.75,7.25],"texture":"#0"},"up":{"uv":[0,0.25,0,0],"rotation":180,"texture":"#0"},"down":{"uv":[0,0,0,0.25],"rotation":180,"texture":"#0"}}},{"from":[15.5,3,9],"to":[15.5,6,10],"faces":{"north":{"uv":[0,0,0,0.75],"texture":"#0"},"east":{"uv":[6.5,4.5,6.75,5.25],"texture":"#0"},"south":{"uv":[0,0,0,0.75],"texture":"#0"},"west":{"uv":[6.5,3.75,6.75,4.5],"texture":"#0"},"up":{"uv":[0,0.25,0,0],"rotation":180,"texture":"#0"},"down":{"uv":[0,0,0,0.25],"rotation":180,"texture":"#0"}}},{"from":[15.5,3,6],"to":[15.5,7,9],"faces":{"north":{"uv":[0,0,0,1],"texture":"#0"},"east":{"uv":[2.25,4.5,3,5.5],"texture":"#0"},"south":{"uv":[0,0,0,1],"texture":"#0"},"west":{"uv":[4.5,1.5,5.25,2.5],"texture":"#0"},"up":{"uv":[0,0.75,0,0],"rotation":180,"texture":"#0"},"down":{"uv":[0,0,0,0.75],"rotation":180,"texture":"#0"}}},{"from":[15.5,3,5],"to":[15.5,6,6],"faces":{"north":{"uv":[0,0,0,0.75],"texture":"#0"},"east":{"uv":[6.5,5.25,6.75,6],"texture":"#0"},"south":{"uv":[0,0,0,0.75],"texture":"#0"},"west":{"uv":[5,6.5,5.25,7.25],"texture":"#0"},"up":{"uv":[0,0.25,0,0],"rotation":180,"texture":"#0"},"down":{"uv":[0,0,0,0.25],"rotation":180,"texture":"#0"}}},{"from":[15.5,3,10],"to":[15.5,5,12],"faces":{"north":{"uv":[0,0,0,0.5],"texture":"#0"},"east":{"uv":[3,6,3.5,6.5],"texture":"#0"},"south":{"uv":[0,0,0,0.5],"texture":"#0"},"west":{"uv":[6,2.5,6.5,3],"texture":"#0"},"up":{"uv":[0,0.5,0,0],"rotation":180,"texture":"#0"},"down":{"uv":[0,0,0,0.5],"rotation":180,"texture":"#0"}}},{"from":[15.5,3,3],"to":[15.5,5,5],"faces":{"north":{"uv":[0,0,0,0.5],"texture":"#0"},"east":{"uv":[3.5,6,4,6.5],"texture":"#0"},"south":{"uv":[0,0,0,0.5],"texture":"#0"},"west":{"uv":[6,3,6.5,3.5],"texture":"#0"},"up":{"uv":[0,0.5,0,0],"rotation":180,"texture":"#0"},"down":{"uv":[0,0,0,0.5],"rotation":180,"texture":"#0"}}},{"from":[15.5,3,2],"to":[15.5,6,3],"faces":{"north":{"uv":[0,0,0,0.75],"texture":"#0"},"east":{"uv":[6.5,6,6.75,6.75],"texture":"#0"},"south":{"uv":[0,0,0,0.75],"texture":"#0"},"west":{"uv":[5.5,6.5,5.75,7.25],"texture":"#0"},"up":{"uv":[0,0.25,0,0],"rotation":180,"texture":"#0"},"down":{"uv":[0,0,0,0.25],"rotation":180,"texture":"#0"}}},{"from":[15.5,3,1],"to":[15.5,7,2],"faces":{"north":{"uv":[0,0,0,1],"texture":"#0"},"east":{"uv":[6,3.5,6.25,4.5],"texture":"#0"},"south":{"uv":[0,0,0,1],"texture":"#0"},"west":{"uv":[2,6,2.25,7],"texture":"#0"},"up":{"uv":[0,0.25,0,0],"rotation":180,"texture":"#0"},"down":{"uv":[0,0,0,0.25],"rotation":180,"texture":"#0"}}},{"from":[15.5,3,0],"to":[15.5,9,1],"faces":{"north":{"uv":[0,0,0,1.5],"texture":"#0"},"east":{"uv":[0,5.5,0.25,7],"texture":"#0"},"south":{"uv":[0,0,0,1.5],"texture":"#0"},"west":{"uv":[5.25,4.5,5.5,6],"texture":"#0"},"up":{"uv":[0,0.25,0,0],"rotation":180,"texture":"#0"},"down":{"uv":[0,0,0,0.25],"rotation":180,"texture":"#0"}}},{"from":[15.75,0,-0.25],"to":[15.75,2,15.25],"faces":{"north":{"uv":[0,0,0,0.5],"texture":"#0"},"east":{"uv":[6.75,2,10.75,2.5],"texture":"#0"},"south":{"uv":[0,0,0,0.5],"texture":"#0"},"west":{"uv":[6.75,1.5,10.75,2],"texture":"#0"},"up":{"uv":[0,4,0,0],"rotation":180,"texture":"#0"},"down":{"uv":[0,0,0,4],"rotation":180,"texture":"#0"}}},{"from":[15.5,0,0],"to":[15.5,3,15],"faces":{"north":{"uv":[0,0,0,0.75],"texture":"#0"},"east":{"uv":[3.75,0.75,7.5,1.5],"texture":"#0"},"south":{"uv":[0,0,0,0.75],"texture":"#0"},"west":{"uv":[3.75,0,7.5,0.75],"texture":"#0"},"up":{"uv":[0,3.75,0,0],"rotation":180,"texture":"#0"},"down":{"uv":[0,0,0,3.75],"rotation":180,"texture":"#0"}}}]}