{"display":{"thirdperson_righthand":{"scale":[0.5,0.5,0.5]},"thirdperson_lefthand":{"scale":[0.5,0.5,0.5]},"firstperson_righthand":{"scale":[0.8,0.8,0.8]},"firstperson_lefthand":{"scale":[0.8,0.8,0.8]},"ground":{"translation":[0,3.5,0],"scale":[0.5,0.5,0.5]},"gui":{"rotation":[24,180,0],"translation":[0,0.75,0],"scale":[0.75,0.75,0.75]},"head":{"translation":[0,0,-6.5],"scale":[0.87,0.87,0.87]}},"texture_size":[64,64],"textures":{"0":"item/hats/gasmask","particle":"item/hats/gasmask"},"elements":[{"from":[0,0,6],"to":[16,15,8],"faces":{"north":{"uv":[0,0,4,3.75],"texture":"#0"},"east":{"uv":[4,1,4.5,4.75],"texture":"#0"},"south":{"uv":[0,3.75,4,7.5],"texture":"#0"},"west":{"uv":[4.5,1,5,4.75],"texture":"#0"},"up":{"uv":[8,0.5,4,0],"texture":"#0"},"down":{"uv":[8,0.5,4,1],"texture":"#0"}}},{"from":[0,4,8],"to":[1,6,21],"faces":{"north":{"uv":[7,10.25,7.25,10.75],"texture":"#0"},"east":{"uv":[5,1.5,8.25,2],"texture":"#0"},"south":{"uv":[8,10.25,8.25,10.75],"texture":"#0"},"west":{"uv":[5,2,8.25,2.5],"texture":"#0"},"up":{"uv":[5,11.75,4.75,8.5],"texture":"#0"},"down":{"uv":[5.25,8.5,5,11.75],"texture":"#0"}}},{"from":[15,4,8],"to":[16,6,21],"faces":{"north":{"uv":[8.25,10.25,8.5,10.75],"texture":"#0"},"east":{"uv":[5,2.5,8.25,3],"texture":"#0"},"south":{"uv":[8.5,10.25,8.75,10.75],"texture":"#0"},"west":{"uv":[5,3,8.25,3.5],"texture":"#0"},"up":{"uv":[5.5,11.75,5.25,8.5],"texture":"#0"},"down":{"uv":[5.75,8.5,5.5,11.75],"texture":"#0"}}},{"from":[1,4,20],"to":[15,6,21],"faces":{"north":{"uv":[4,4.75,7.5,5.25],"texture":"#0"},"east":{"uv":[9.25,10.25,9.5,10.75],"texture":"#0"},"south":{"uv":[5,1,8.5,1.5],"texture":"#0"},"west":{"uv":[9.5,10.25,9.75,10.75],"texture":"#0"},"up":{"uv":[11.25,7.5,7.75,7.25],"texture":"#0"},"down":{"uv":[11.25,7.5,7.75,7.75],"texture":"#0"}}},{"from":[2,15,6],"to":[14,16,8],"faces":{"north":{"uv":[8,0.75,11,1],"texture":"#0"},"east":{"uv":[10.25,3.25,10.75,3.5],"texture":"#0"},"south":{"uv":[8.25,2.75,11.25,3],"texture":"#0"},"west":{"uv":[6.5,10.25,7,10.5],"texture":"#0"},"up":{"uv":[10.5,4,7.5,3.5],"texture":"#0"},"down":{"uv":[10.5,4,7.5,4.5],"texture":"#0"}}},{"from":[2,7,5],"to":[7,12,6],"faces":{"north":{"uv":[5,3.5,6.25,4.75],"texture":"#0"},"east":{"uv":[8,8.5,8.25,9.75],"texture":"#0"},"south":{"uv":[4,5.25,5.25,6.5],"texture":"#0"},"west":{"uv":[8.25,8.5,8.5,9.75],"texture":"#0"},"up":{"uv":[9.5,3.25,8.25,3],"texture":"#0"},"down":{"uv":[9.5,3.25,8.25,3.5],"texture":"#0"}}},{"from":[6,7,4],"to":[7,12,5],"faces":{"north":{"uv":[0.25,8.75,0.5,10],"texture":"#0"},"east":{"uv":[0.5,8.75,0.75,10],"texture":"#0"},"south":{"uv":[0.75,8.75,1,10],"texture":"#0"},"west":{"uv":[1,8.75,1.25,10],"texture":"#0"},"up":{"uv":[9.25,6,9,5.75],"texture":"#0"},"down":{"uv":[10,10.25,9.75,10.5],"texture":"#0"}}},{"from":[2,7,4],"to":[3,12,5],"faces":{"north":{"uv":[1.25,8.75,1.5,10],"texture":"#0"},"east":{"uv":[1.5,8.75,1.75,10],"texture":"#0"},"south":{"uv":[1.75,8.75,2,10],"texture":"#0"},"west":{"uv":[2,8.75,2.25,10],"texture":"#0"},"up":{"uv":[10.25,10.5,10,10.25],"texture":"#0"},"down":{"uv":[10.5,10.25,10.25,10.5],"texture":"#0"}}},{"from":[3,11,4],"to":[6,12,5],"faces":{"north":{"uv":[8.5,6.75,9.25,7],"texture":"#0"},"east":{"uv":[0,10.5,0.25,10.75],"texture":"#0"},"south":{"uv":[9.5,3,10.25,3.25],"texture":"#0"},"west":{"uv":[10.5,0,10.75,0.25],"texture":"#0"},"up":{"uv":[10.25,3.5,9.5,3.25],"texture":"#0"},"down":{"uv":[10.5,2.25,9.75,2.5],"texture":"#0"}}},{"from":[3,7,4],"to":[6,8,5],"faces":{"north":{"uv":[9.75,2.5,10.5,2.75],"texture":"#0"},"east":{"uv":[0.25,10.5,0.5,10.75],"texture":"#0"},"south":{"uv":[9.75,7,10.5,7.25],"texture":"#0"},"west":{"uv":[10.5,0.25,10.75,0.5],"texture":"#0"},"up":{"uv":[10.5,8,9.75,7.75],"texture":"#0"},"down":{"uv":[8.75,9.75,8,10],"texture":"#0"}}},{"from":[10,7,4],"to":[13,8,5],"faces":{"north":{"uv":[9.75,9,10.5,9.25],"texture":"#0"},"east":{"uv":[1.75,10.5,2,10.75],"texture":"#0"},"south":{"uv":[9.75,9.25,10.5,9.5],"texture":"#0"},"west":{"uv":[2,10.5,2.25,10.75],"texture":"#0"},"up":{"uv":[10.5,9.75,9.75,9.5],"texture":"#0"},"down":{"uv":[10.5,9.75,9.75,10],"texture":"#0"}}},{"from":[9,7,4],"to":[10,12,5],"faces":{"north":{"uv":[3.25,8.75,3.5,10],"texture":"#0"},"east":{"uv":[3.5,8.75,3.75,10],"texture":"#0"},"south":{"uv":[3.75,8.75,4,10],"texture":"#0"},"west":{"uv":[8.75,8.5,9,9.75],"texture":"#0"},"up":{"uv":[1.5,10.75,1.25,10.5],"texture":"#0"},"down":{"uv":[1.75,10.5,1.5,10.75],"texture":"#0"}}},{"from":[10,11,4],"to":[13,12,5],"faces":{"north":{"uv":[9.75,8,10.5,8.25],"texture":"#0"},"east":{"uv":[0.75,10.5,1,10.75],"texture":"#0"},"south":{"uv":[9.75,8.25,10.5,8.5],"texture":"#0"},"west":{"uv":[1,10.5,1.25,10.75],"texture":"#0"},"up":{"uv":[10.5,8.75,9.75,8.5],"texture":"#0"},"down":{"uv":[10.5,8.75,9.75,9],"texture":"#0"}}},{"from":[13,7,4],"to":[14,12,5],"faces":{"north":{"uv":[2.25,8.75,2.5,10],"texture":"#0"},"east":{"uv":[2.5,8.75,2.75,10],"texture":"#0"},"south":{"uv":[2.75,8.75,3,10],"texture":"#0"},"west":{"uv":[3,8.75,3.25,10],"texture":"#0"},"up":{"uv":[0.75,10.75,0.5,10.5],"texture":"#0"},"down":{"uv":[10.75,0.5,10.5,0.75],"texture":"#0"}}},{"from":[13,4,-5],"to":[16,5,-4],"rotation":{"angle":-22.5,"axis":"y","origin":[0,0,0]},"faces":{"north":{"uv":[10,6,10.75,6.25],"texture":"#0"},"east":{"uv":[7.25,10.5,7.5,10.75],"texture":"#0"},"south":{"uv":[10,6.25,10.75,6.5],"texture":"#0"},"west":{"uv":[7.5,10.5,7.75,10.75],"texture":"#0"},"up":{"uv":[10.75,6.75,10,6.5],"texture":"#0"},"down":{"uv":[10.75,6.75,10,7],"texture":"#0"}}},{"from":[12,0,-4],"to":[17,5,-3],"rotation":{"angle":-22.5,"axis":"y","origin":[0,0,0]},"faces":{"north":{"uv":[6.5,5.25,7.75,6.5],"texture":"#0"},"east":{"uv":[9.25,9,9.5,10.25],"texture":"#0"},"south":{"uv":[6.5,6.5,7.75,7.75],"texture":"#0"},"west":{"uv":[9.5,1.5,9.75,2.75],"texture":"#0"},"up":{"uv":[9.75,7.25,8.5,7],"texture":"#0"},"down":{"uv":[10.5,0,9.25,0.25],"texture":"#0"}}},{"from":[-3,0,2],"to":[2,5,3],"rotation":{"angle":22.5,"axis":"y","origin":[0,0,0]},"faces":{"north":{"uv":[0,7.5,1.25,8.75],"texture":"#0"},"east":{"uv":[9.75,4.5,10,5.75],"texture":"#0"},"south":{"uv":[1.25,7.5,2.5,8.75],"texture":"#0"},"west":{"uv":[9.75,5.75,10,7],"texture":"#0"},"up":{"uv":[10.5,0.5,9.25,0.25],"texture":"#0"},"down":{"uv":[10.5,0.5,9.25,0.75],"texture":"#0"}}},{"from":[16,0,-5],"to":[17,5,-4],"rotation":{"angle":-22.5,"axis":"y","origin":[0,0,0]},"faces":{"north":{"uv":[7.25,9.25,7.5,10.5],"texture":"#0"},"east":{"uv":[7.5,9.25,7.75,10.5],"texture":"#0"},"south":{"uv":[7.75,9.25,8,10.5],"texture":"#0"},"west":{"uv":[9.25,7.75,9.5,9],"texture":"#0"},"up":{"uv":[7,10.75,6.75,10.5],"texture":"#0"},"down":{"uv":[10.75,7,10.5,7.25],"texture":"#0"}}},{"from":[13,0,-5],"to":[16,1,-4],"rotation":{"angle":-22.5,"axis":"y","origin":[0,0,0]},"faces":{"north":{"uv":[10,5,10.75,5.25],"texture":"#0"},"east":{"uv":[6.25,10.5,6.5,10.75],"texture":"#0"},"south":{"uv":[10,5.25,10.75,5.5],"texture":"#0"},"west":{"uv":[6.5,10.5,6.75,10.75],"texture":"#0"},"up":{"uv":[10.75,5.75,10,5.5],"texture":"#0"},"down":{"uv":[10.75,5.75,10,6],"texture":"#0"}}},{"from":[12,0,-5],"to":[13,5,-4],"rotation":{"angle":-22.5,"axis":"y","origin":[0,0,0]},"faces":{"north":{"uv":[5.75,9.25,6,10.5],"texture":"#0"},"east":{"uv":[9.25,5.75,9.5,7],"texture":"#0"},"south":{"uv":[6,9.25,6.25,10.5],"texture":"#0"},"west":{"uv":[6.25,9.25,6.5,10.5],"texture":"#0"},"up":{"uv":[6,10.75,5.75,10.5],"texture":"#0"},"down":{"uv":[6.25,10.5,6,10.75],"texture":"#0"}}},{"from":[1,0,1],"to":[2,5,2],"rotation":{"angle":22.5,"axis":"y","origin":[0,0,0]},"faces":{"north":{"uv":[9.75,1,10,2.25],"texture":"#0"},"east":{"uv":[4,9.75,4.25,11],"texture":"#0"},"south":{"uv":[4.25,9.75,4.5,11],"texture":"#0"},"west":{"uv":[4.5,9.75,4.75,11],"texture":"#0"},"up":{"uv":[10.75,9,10.5,8.75],"texture":"#0"},"down":{"uv":[9.25,10.5,9,10.75],"texture":"#0"}}},{"from":[-2,4,1],"to":[1,5,2],"rotation":{"angle":22.5,"axis":"y","origin":[0,0,0]},"faces":{"north":{"uv":[1.5,10.25,2.25,10.5],"texture":"#0"},"east":{"uv":[10.5,8.5,10.75,8.75],"texture":"#0"},"south":{"uv":[2.25,10.25,3,10.5],"texture":"#0"},"west":{"uv":[8.75,10.5,9,10.75],"texture":"#0"},"up":{"uv":[3.75,10.5,3,10.25],"texture":"#0"},"down":{"uv":[11,3,10.25,3.25],"texture":"#0"}}},{"from":[-3,0,1],"to":[-2,5,2],"rotation":{"angle":22.5,"axis":"y","origin":[0,0,0]},"faces":{"north":{"uv":[9.5,4.5,9.75,5.75],"texture":"#0"},"east":{"uv":[9.5,5.75,9.75,7],"texture":"#0"},"south":{"uv":[9.5,7.75,9.75,9],"texture":"#0"},"west":{"uv":[9.5,9,9.75,10.25],"texture":"#0"},"up":{"uv":[10.75,8.25,10.5,8],"texture":"#0"},"down":{"uv":[10.75,8.25,10.5,8.5],"texture":"#0"}}},{"from":[-2,0,1],"to":[1,1,2],"rotation":{"angle":22.5,"axis":"y","origin":[0,0,0]},"faces":{"north":{"uv":[8,10,8.75,10.25],"texture":"#0"},"east":{"uv":[7.75,10.5,8,10.75],"texture":"#0"},"south":{"uv":[9.75,10,10.5,10.25],"texture":"#0"},"west":{"uv":[10.5,7.75,10.75,8],"texture":"#0"},"up":{"uv":[0.75,10.5,0,10.25],"texture":"#0"},"down":{"uv":[1.5,10.25,0.75,10.5],"texture":"#0"}}},{"from":[6.5,1,2.5],"to":[9.5,2,3],"faces":{"north":{"uv":[1.5,10,2.25,10.25],"texture":"#0"},"east":{"uv":[3.25,10.5,3.5,10.75],"texture":"#0"},"south":{"uv":[10,1.5,10.75,1.75],"texture":"#0"},"west":{"uv":[3.5,10.5,3.75,10.75],"texture":"#0"},"up":{"uv":[10.75,2,10,1.75],"texture":"#0"},"down":{"uv":[10.75,2,10,2.25],"texture":"#0"}}},{"from":[5.5,1,2.5],"to":[6.5,6,3],"faces":{"north":{"uv":[7,9,7.25,10.25],"texture":"#0"},"east":{"uv":[9,8.5,9.25,9.75],"texture":"#0"},"south":{"uv":[9.25,1.5,9.5,2.75],"texture":"#0"},"west":{"uv":[9.25,4.5,9.5,5.75],"texture":"#0"},"up":{"uv":[3,10.75,2.75,10.5],"texture":"#0"},"down":{"uv":[3.25,10.5,3,10.75],"texture":"#0"}}},{"from":[6.5,5,2.5],"to":[9.5,6,3],"faces":{"north":{"uv":[0,10,0.75,10.25],"texture":"#0"},"east":{"uv":[2.5,10.5,2.75,10.75],"texture":"#0"},"south":{"uv":[0.75,10,1.5,10.25],"texture":"#0"},"west":{"uv":[10.5,2.5,10.75,2.75],"texture":"#0"},"up":{"uv":[10.75,1.25,10,1],"texture":"#0"},"down":{"uv":[10.75,1.25,10,1.5],"texture":"#0"}}},{"from":[6.5,3,2.5],"to":[9.5,4,3],"faces":{"north":{"uv":[2.25,10,3,10.25],"texture":"#0"},"east":{"uv":[10.5,3.5,10.75,3.75],"texture":"#0"},"south":{"uv":[3,10,3.75,10.25],"texture":"#0"},"west":{"uv":[10.5,3.75,10.75,4],"texture":"#0"},"up":{"uv":[10.75,4.75,10,4.5],"texture":"#0"},"down":{"uv":[10.75,4.75,10,5],"texture":"#0"}}},{"from":[9.5,1,2.5],"to":[10.5,6,3],"faces":{"north":{"uv":[9,1.5,9.25,2.75],"texture":"#0"},"east":{"uv":[9,4.5,9.25,5.75],"texture":"#0"},"south":{"uv":[6.5,9,6.75,10.25],"texture":"#0"},"west":{"uv":[6.75,9,7,10.25],"texture":"#0"},"up":{"uv":[2.5,10.75,2.25,10.5],"texture":"#0"},"down":{"uv":[10.75,2.25,10.5,2.5],"texture":"#0"}}},{"from":[5.5,1,3],"to":[10.5,6,6],"faces":{"north":{"uv":[4,6.5,5.25,7.75],"texture":"#0"},"east":{"uv":[2.5,7.5,3.25,8.75],"texture":"#0"},"south":{"uv":[5.25,6.5,6.5,7.75],"texture":"#0"},"west":{"uv":[3.25,7.5,4,8.75],"texture":"#0"},"up":{"uv":[8.75,5.25,7.5,4.5],"texture":"#0"},"down":{"uv":[5.25,7.75,4,8.5],"texture":"#0"}}},{"from":[13.25,1,-3.25],"to":[16.25,4,1.25],"rotation":{"angle":-22.5,"axis":"y","origin":[0,0,0]},"faces":{"north":{"uv":[5.75,8.5,6.5,9.25],"texture":"#0"},"east":{"uv":[5.25,7.75,6.5,8.5],"texture":"#0"},"south":{"uv":[8.5,6,9.25,6.75],"texture":"#0"},"west":{"uv":[7.75,5.25,9,6],"texture":"#0"},"up":{"uv":[8.5,7.25,7.75,6],"texture":"#0"},"down":{"uv":[7.25,7.75,6.5,9],"texture":"#0"}}},{"from":[-1.75,1,2.75],"to":[1.25,4,7.25],"rotation":{"angle":22.5,"axis":"y","origin":[0,0,0]},"faces":{"north":{"uv":[7.25,8.5,8,9.25],"texture":"#0"},"east":{"uv":[7.25,7.75,8.5,8.5],"texture":"#0"},"south":{"uv":[8.5,7.75,9.25,8.5],"texture":"#0"},"west":{"uv":[8,0,9.25,0.75],"texture":"#0"},"up":{"uv":[9,2.75,8.25,1.5],"texture":"#0"},"down":{"uv":[4.75,8.5,4,9.75],"texture":"#0"}}},{"from":[9,7,5],"to":[14,12,6],"faces":{"north":{"uv":[5.25,5.25,6.5,6.5],"texture":"#0"},"east":{"uv":[8.5,8.5,8.75,9.75],"texture":"#0"},"south":{"uv":[6.25,3.5,7.5,4.75],"texture":"#0"},"west":{"uv":[0,8.75,0.25,10],"texture":"#0"},"up":{"uv":[9.75,1.25,8.5,1],"texture":"#0"},"down":{"uv":[9.75,1.25,8.5,1.5],"texture":"#0"}}}]}