{
	"credit": "Made with Blockbench",
	"textures": {
		"0": "block/ghazi_hat",
		"particle": "block/ghazi_hat"
	},
	"elements": [
		{
			"from": [0.2, 17, 1.6],
			"to": [15, 18, 15.4],
			"rotation": {"angle": 0, "axis": "y", "origin": [4, 17, 8]},
			"faces": {
				"north": {"uv": [0, 0, 14.8, 1], "texture": "#0"},
				"east": {"uv": [0, 0, 12.8, 1], "texture": "#0"},
				"south": {"uv": [0, 0, 14.8, 1], "texture": "#0"},
				"west": {"uv": [0, 0, 12.8, 1], "texture": "#0"},
				"up": {"uv": [0, 0, 14.8, 12.8], "texture": "#0"},
				"down": {"uv": [0, 0, 14.8, 12.8], "texture": "#0"}
			}
		},
		{
			"from": [1.2, 15.5, 14.6],
			"to": [14, 17.5, 15.4],
			"rotation": {"angle": 0, "axis": "y", "origin": [4, 17, 8]},
			"faces": {
				"north": {"uv": [0, 0, 14.8, 1], "texture": "#0"},
				"east": {"uv": [0, 0, 12.8, 1], "texture": "#0"},
				"south": {"uv": [0, 0, 14.8, 1], "texture": "#0"},
				"west": {"uv": [0, 0, 12.8, 1], "texture": "#0"},
				"up": {"uv": [0, 0, 14.8, 12.8], "texture": "#0"},
				"down": {"uv": [0, 0, 14.8, 12.8], "texture": "#0"}
			}
		},
		{
			"from": [1.2, 15.5, 1],
			"to": [14, 17.5, 1.8],
			"rotation": {"angle": 0, "axis": "y", "origin": [4, 17, -6]},
			"faces": {
				"north": {"uv": [0, 0, 14.8, 1], "texture": "#0"},
				"east": {"uv": [0, 0, 12.8, 1], "texture": "#0"},
				"south": {"uv": [0, 0, 14.8, 1], "texture": "#0"},
				"west": {"uv": [0, 0, 12.8, 1], "texture": "#0"},
				"up": {"uv": [0, 0, 14.8, 12.8], "texture": "#0"},
				"down": {"uv": [0, 0, 14.8, 12.8], "texture": "#0"}
			}
		},
		{
			"from": [0.2, 15.5, 1.6],
			"to": [1.2, 18, 15.4],
			"rotation": {"angle": 0, "axis": "y", "origin": [4, 17, 8]},
			"faces": {
				"north": {"uv": [0, 0, 1, 2], "texture": "#0"},
				"east": {"uv": [0, 0, 12.8, 2], "texture": "#0"},
				"south": {"uv": [0, 0, 1, 2], "texture": "#0"},
				"west": {"uv": [0, 0, 12.8, 2], "texture": "#0"},
				"up": {"uv": [0, 0, 1, 12.8], "texture": "#0"},
				"down": {"uv": [0, 0, 1, 12.8], "texture": "#0"}
			}
		},
		{
			"from": [-0.3, 11.5, 1.6],
			"to": [1.2, 16, 15.4],
			"rotation": {"angle": 0, "axis": "y", "origin": [4, 15, 8]},
			"faces": {
				"north": {"uv": [0, 0, 1, 2], "texture": "#0"},
				"east": {"uv": [0, 0, 12.8, 2], "texture": "#0"},
				"south": {"uv": [0, 0, 1, 2], "texture": "#0"},
				"west": {"uv": [0, 0, 12.8, 2], "texture": "#0"},
				"up": {"uv": [0, 0, 1, 12.8], "texture": "#0"},
				"down": {"uv": [0, 0, 1, 12.8], "texture": "#0"}
			}
		},
		{
			"from": [-0.8, 7.5, 1.6],
			"to": [1.2, 12, 15.4],
			"rotation": {"angle": 0, "axis": "y", "origin": [4, 11, 8]},
			"faces": {
				"north": {"uv": [0, 0, 1, 2], "texture": "#0"},
				"east": {"uv": [0, 0, 12.8, 2], "texture": "#0"},
				"south": {"uv": [0, 0, 1, 2], "texture": "#0"},
				"west": {"uv": [0, 0, 12.8, 2], "texture": "#0"},
				"up": {"uv": [0, 0, 1, 12.8], "texture": "#0"},
				"down": {"uv": [0, 0, 1, 12.8], "texture": "#0"}
			}
		},
		{
			"from": [14.22, 7.5, 1.6],
			"to": [16.22, 12, 15.4],
			"rotation": {"angle": 0, "axis": "y", "origin": [19, 11, 8]},
			"faces": {
				"north": {"uv": [0, 0, 1, 2], "texture": "#0"},
				"east": {"uv": [0, 0, 12.8, 2], "texture": "#0"},
				"south": {"uv": [0, 0, 1, 2], "texture": "#0"},
				"west": {"uv": [0, 0, 12.8, 2], "texture": "#0"},
				"up": {"uv": [0, 0, 1, 12.8], "texture": "#0"},
				"down": {"uv": [0, 0, 1, 12.8], "texture": "#0"}
			}
		},
		{
			"from": [14.2, 11.5, 1.6],
			"to": [15.7, 16, 15.4],
			"rotation": {"angle": 0, "axis": "y", "origin": [19, 15, 8]},
			"faces": {
				"north": {"uv": [0, 0, 1, 2], "texture": "#0"},
				"east": {"uv": [0, 0, 12.8, 2], "texture": "#0"},
				"south": {"uv": [0, 0, 1, 2], "texture": "#0"},
				"west": {"uv": [0, 0, 12.8, 2], "texture": "#0"},
				"up": {"uv": [0, 0, 1, 12.8], "texture": "#0"},
				"down": {"uv": [0, 0, 1, 12.8], "texture": "#0"}
			}
		},
		{
			"from": [14, 15.5, 1.6],
			"to": [15, 18, 15.4],
			"rotation": {"angle": 0, "axis": "y", "origin": [18, 17, 8]},
			"faces": {
				"north": {"uv": [0, 0, 1, 2], "texture": "#0"},
				"east": {"uv": [0, 0, 12.8, 2], "texture": "#0"},
				"south": {"uv": [0, 0, 1, 2], "texture": "#0"},
				"west": {"uv": [0, 0, 12.8, 2], "texture": "#0"},
				"up": {"uv": [0, 0, 1, 12.8], "texture": "#0"},
				"down": {"uv": [0, 0, 1, 12.8], "texture": "#0"}
			}
		},
		{
			"from": [1.2, 18, 1.6],
			"to": [14, 20, 14.4],
			"rotation": {"angle": 0, "axis": "y", "origin": [4, 19, 8]},
			"faces": {
				"north": {"uv": [0, 0, 12.8, 1], "texture": "#0"},
				"east": {"uv": [0, 0, 12.8, 1], "texture": "#0"},
				"south": {"uv": [0, 0, 12.8, 1], "texture": "#0"},
				"west": {"uv": [0, 0, 12.8, 1], "texture": "#0"},
				"up": {"uv": [0, 0, 12.8, 12.8], "texture": "#0"},
				"down": {"uv": [0, 0, 12.8, 12.8], "texture": "#0"}
			}
		},
		{
			"from": [2.2, 19, 2.6],
			"to": [13, 20, 13.4],
			"rotation": {"angle": 0, "axis": "y", "origin": [4, 19, 8]},
			"faces": {
				"north": {"uv": [0, 0, 10.8, 1], "texture": "#0"},
				"east": {"uv": [0, 0, 12.8, 1], "texture": "#0"},
				"south": {"uv": [0, 0, 10.8, 1], "texture": "#0"},
				"west": {"uv": [0, 0, 12.8, 1], "texture": "#0"},
				"up": {"uv": [0, 0, 10.8, 12.8], "texture": "#0"},
				"down": {"uv": [0, 0, 10.8, 12.8], "texture": "#0"}
			}
		},
		{
			"from": [2.2, 20, 2.6],
			"to": [13, 22, 13.4],
			"rotation": {"angle": 0, "axis": "y", "origin": [4, 20, 8]},
			"faces": {
				"north": {"uv": [0, 0, 8.8, 1], "texture": "#0"},
				"east": {"uv": [0, 0, 12.8, 1], "texture": "#0"},
				"south": {"uv": [0, 0, 8.8, 1], "texture": "#0"},
				"west": {"uv": [0, 0, 12.8, 1], "texture": "#0"},
				"up": {"uv": [0, 0, 8.8, 12.8], "texture": "#0"},
				"down": {"uv": [0, 0, 8.8, 12.8], "texture": "#0"}
			}
		}
	],
	"display": {
		"thirdperson_righthand": {
			"scale": [0.5, 0.5, 0.5]
		},
		"thirdperson_lefthand": {
			"scale": [0.5, 0.5, 0.5]
		},
		"firstperson_righthand": {
			"scale": [0.5, 0.5, 0.5]
		},
		"firstperson_lefthand": {
			"scale": [0.5, 0.5, 0.5]
		},
		"gui": {
			"rotation": [0, -27, 0],
			"translation": [0.25, -5, 0],
			"scale": [0.7, 0.7, 0.7]
		},
		"head": {
			"translation": [0.3, -2.6, 0]
		},
		"fixed": {
			"translation": [0, -6, 0]
		}
	}
}