{
	"format_version": "1.21.6",
	"credit": "Made with Blockbench",
	"texture_size": [32, 32],
	"textures": {
		"0": "block/box_texture",
		"particle": "block/box_texture"
	},
	"elements": [
		{
			"from": [3, 2, 3],
			"to": [3, 8, 13],
			"rotation": {"angle": 0, "axis": "y", "origin": [2, 2, 7]},
			"faces": {
				"north": {"uv": [0, 0, 0, 3], "texture": "#0"},
				"east": {"uv": [5, 0, 10, 3], "texture": "#0"},
				"south": {"uv": [0, 0, 0, 3], "texture": "#0"},
				"west": {"uv": [5, 3, 10, 6], "texture": "#0"},
				"up": {"uv": [0, 5, 0, 0], "texture": "#0"},
				"down": {"uv": [0, 0, 0, 5], "texture": "#0"}
			}
		},
		{
			"from": [3, 8, 3],
			"to": [13, 8, 13],
			"rotation": {"angle": 0, "axis": "y", "origin": [3, 8, 8]},
			"faces": {
				"north": {"uv": [0, 0, 5, 0], "texture": "#0"},
				"east": {"uv": [0, 0, 5, 0], "texture": "#0"},
				"south": {"uv": [0, 0, 5, 0], "texture": "#0"},
				"west": {"uv": [0, 0, 5, 0], "texture": "#0"},
				"up": {"uv": [5, 5, 0, 0], "texture": "#0"},
				"down": {"uv": [5, 5, 0, 10], "texture": "#0"}
			}
		},
		{
			"from": [3, 2, 3],
			"to": [13, 8, 3],
			"rotation": {"angle": 0, "axis": "y", "origin": [7, 2, 4]},
			"faces": {
				"north": {"uv": [0, 10, 5, 13], "texture": "#0"},
				"east": {"uv": [0, 0, 0, 3], "texture": "#0"},
				"south": {"uv": [10, 0, 15, 3], "texture": "#0"},
				"west": {"uv": [0, 0, 0, 3], "texture": "#0"},
				"up": {"uv": [5, 0, 0, 0], "texture": "#0"},
				"down": {"uv": [5, 0, 0, 0], "texture": "#0"}
			}
		},
		{
			"from": [3, 2, 13],
			"to": [13, 8, 13],
			"rotation": {"angle": 0, "axis": "y", "origin": [7, 2, 14]},
			"faces": {
				"north": {"uv": [10, 3, 15, 6], "texture": "#0"},
				"east": {"uv": [0, 0, 0, 3], "texture": "#0"},
				"south": {"uv": [10, 6, 15, 9], "texture": "#0"},
				"west": {"uv": [0, 0, 0, 3], "texture": "#0"},
				"up": {"uv": [5, 0, 0, 0], "texture": "#0"},
				"down": {"uv": [5, 0, 0, 0], "texture": "#0"}
			}
		},
		{
			"from": [13, 2, 3],
			"to": [13, 8, 13],
			"rotation": {"angle": 0, "axis": "y", "origin": [12, 2, 7]},
			"faces": {
				"north": {"uv": [0, 0, 0, 3], "texture": "#0"},
				"east": {"uv": [5, 6, 10, 9], "texture": "#0"},
				"south": {"uv": [0, 0, 0, 3], "texture": "#0"},
				"west": {"uv": [5, 9, 10, 12], "texture": "#0"},
				"up": {"uv": [0, 5, 0, 0], "texture": "#0"},
				"down": {"uv": [0, 0, 0, 5], "texture": "#0"}
			}
		},
		{
			"from": [13, -2, 3],
			"to": [13, 2, 13],
			"rotation": {"angle": 45, "axis": "z", "origin": [13, 2, 8]},
			"faces": {
				"north": {"uv": [0, 0, 0, 2], "texture": "#0"},
				"east": {"uv": [10, 9, 15, 11], "texture": "#0"},
				"south": {"uv": [0, 0, 0, 2], "texture": "#0"},
				"west": {"uv": [10, 11, 15, 13], "texture": "#0"},
				"up": {"uv": [0, 5, 0, 0], "texture": "#0"},
				"down": {"uv": [0, 0, 0, 5], "texture": "#0"}
			}
		},
		{
			"from": [3, -2, 13],
			"to": [13, 2, 13],
			"rotation": {"angle": -45, "axis": "x", "origin": [8, 2, 13]},
			"faces": {
				"north": {"uv": [10, 9, 15, 11], "texture": "#0"},
				"east": {"uv": [0, 0, 0, 2], "texture": "#0"},
				"south": {"uv": [10, 11, 15, 13], "texture": "#0"},
				"west": {"uv": [0, 0, 0, 2], "texture": "#0"},
				"up": {"uv": [0, 5, 0, 0], "rotation": 270, "texture": "#0"},
				"down": {"uv": [0, 0, 0, 5], "rotation": 90, "texture": "#0"}
			}
		},
		{
			"from": [3, -2, 3],
			"to": [13, 2, 3],
			"rotation": {"angle": 45, "axis": "x", "origin": [8, 2, 3]},
			"faces": {
				"north": {"uv": [10, 9, 15, 11], "texture": "#0"},
				"east": {"uv": [0, 0, 0, 2], "texture": "#0"},
				"south": {"uv": [10, 11, 15, 13], "texture": "#0"},
				"west": {"uv": [0, 0, 0, 2], "texture": "#0"},
				"up": {"uv": [0, 5, 0, 0], "rotation": 270, "texture": "#0"},
				"down": {"uv": [0, 0, 0, 5], "rotation": 90, "texture": "#0"}
			}
		},
		{
			"from": [3, -2, 3],
			"to": [3, 2, 13],
			"rotation": {"angle": -45, "axis": "z", "origin": [3, 2, 8]},
			"faces": {
				"north": {"uv": [0, 0, 0, 2], "texture": "#0"},
				"east": {"uv": [5, 12, 10, 14], "texture": "#0"},
				"south": {"uv": [0, 0, 0, 2], "texture": "#0"},
				"west": {"uv": [0, 13, 5, 15], "texture": "#0"},
				"up": {"uv": [0, 5, 0, 0], "texture": "#0"},
				"down": {"uv": [0, 0, 0, 5], "texture": "#0"}
			}
		}
	],
	"gui_light": "front",
	"display": {
		"thirdperson_righthand": {
			"translation": [0, 3.25, 1],
			"scale": [0.55, 0.55, 0.55]
		},
		"thirdperson_lefthand": {
			"translation": [0, 3.25, 1],
			"scale": [0.55, 0.55, 0.55]
		},
		"firstperson_righthand": {
			"rotation": [0, 45, 0],
			"translation": [0, 4.5, 0],
			"scale": [0.4, 0.4, 0.4]
		},
		"firstperson_lefthand": {
			"rotation": [0, -135, 0],
			"translation": [0, 4.5, 0],
			"scale": [0.4, 0.4, 0.4]
		},
		"ground": {
			"translation": [0, 3, 0],
			"scale": [0.5, 0.5, 0.5]
		},
		"gui": {
			"rotation": [13.77, 38.45, -8.68],
			"translation": [0.75, 5.25, 0]
		},
		"head": {
			"rotation": [9.5, 0, 0],
			"translation": [0, 10.75, 1.5],
			"scale": [1.6, 1.6, 1.6]
		},
		"fixed": {
			"rotation": [-90, 0, 0],
			"translation": [0, 0, -8.25]
		}
	}
}