{
	"format_version": "1.21.6",
	"credit": "Made with Blockbench",
	"texture_size": [64, 64],
	"textures": {
		"0": "block/bowlerbrown",
		"particle": "block/bowlerbrown"
	},
	"elements": [
		{
			"from": [0, 0, 0],
			"to": [16, 1, 16],
			"faces": {
				"north": {"uv": [7, 5, 11, 5.25], "texture": "#0"},
				"east": {"uv": [7, 5.25, 11, 5.5], "texture": "#0"},
				"south": {"uv": [7, 5.5, 11, 5.75], "texture": "#0"},
				"west": {"uv": [7, 5.75, 11, 6], "texture": "#0"},
				"up": {"uv": [4, 4, 0, 0], "texture": "#0"},
				"down": {"uv": [4, 4, 0, 8], "texture": "#0"}
			}
		},
		{
			"from": [2, 1, 2],
			"to": [14, 6, 14],
			"rotation": {"angle": 0, "axis": "y", "origin": [4, 0, 10]},
			"faces": {
				"north": {"uv": [7, 0, 10, 1.25], "texture": "#0"},
				"east": {"uv": [7, 1.25, 10, 2.5], "texture": "#0"},
				"south": {"uv": [7, 2.5, 10, 3.75], "texture": "#0"},
				"west": {"uv": [7, 3.75, 10, 5], "texture": "#0"},
				"up": {"uv": [7, 3, 4, 0], "texture": "#0"},
				"down": {"uv": [7, 3, 4, 6], "texture": "#0"}
			}
		},
		{
			"from": [3, 6, 3],
			"to": [13, 7, 13],
			"rotation": {"angle": 0, "axis": "y", "origin": [7, 5, 7]},
			"faces": {
				"north": {"uv": [0, 8, 2.5, 8.25], "texture": "#0"},
				"east": {"uv": [0, 8.25, 2.5, 8.5], "texture": "#0"},
				"south": {"uv": [0, 8.5, 2.5, 8.75], "texture": "#0"},
				"west": {"uv": [2.5, 8.5, 5, 8.75], "texture": "#0"},
				"up": {"uv": [6.5, 8.5, 4, 6], "texture": "#0"},
				"down": {"uv": [9, 6, 6.5, 8.5], "texture": "#0"}
			}
		}
	],
	"display": {
		"thirdperson_righthand": {
			"rotation": [-2, -180, -2],
			"translation": [0.25, 2, -2.25],
			"scale": [0.5, 0.5, 0.5]
		},
		"thirdperson_lefthand": {
			"rotation": [9, -180, 1],
			"translation": [0.25, 2.25, -1.5],
			"scale": [0.5, 0.5, 0.5]
		},
		"firstperson_righthand": {
			"rotation": [0, -132, 0],
			"translation": [0, 7, 0],
			"scale": [0.5, 0.5, 0.5]
		},
		"firstperson_lefthand": {
			"rotation": [0, -132, 0],
			"translation": [0, 7, 0],
			"scale": [0.5, 0.5, 0.5]
		},
		"ground": {
			"scale": [0.5, 0.5, 0.5]
		},
		"gui": {
			"rotation": [12, 11, 0],
			"translation": [0, 3, 0],
			"scale": [0.85, 0.85, 0.85]
		},
		"head": {
			"rotation": [0, 90, 0],
			"translation": [0, 12.25, 0],
			"scale": [1.13977, 1.27, 1.0957]
		},
		"fixed": {
			"rotation": [-90, -180, 0],
			"translation": [0.5, 0, -9.75],
			"scale": [1.2, 1.2, 1.2]
		}
	}
}