{
	"credit": "Made with Blockbench",
	"textures": {
		"0": "block/kolah_mechanic",
		"particle": "block/kolah_mechanic"
	},
	"elements": [
		{
			"from": [0.9, 2, 1],
			"to": [13.9, 3, 14],
			"rotation": {"angle": 0, "axis": "y", "origin": [1, 2, 1]},
			"faces": {
				"north": {"uv": [0, 0, 13, 1], "texture": "#0"},
				"east": {"uv": [0, 0, 13, 1], "texture": "#0"},
				"south": {"uv": [0, 0, 13, 1], "texture": "#0"},
				"west": {"uv": [0, 0, 13, 1], "texture": "#0"},
				"up": {"uv": [0, 0, 13, 13], "texture": "#0"},
				"down": {"uv": [0, 0, 13, 13], "texture": "#0"}
			}
		},
		{
			"from": [2, 3, 5],
			"to": [13, 5, 13.7],
			"rotation": {"angle": 0, "axis": "y", "origin": [1, 3, 1]},
			"faces": {
				"north": {"uv": [0, 0, 11, 2], "texture": "#0"},
				"east": {"uv": [0, 0, 8.7, 2], "texture": "#0"},
				"south": {"uv": [0, 0, 11, 2], "texture": "#0"},
				"west": {"uv": [0, 0, 8.7, 2], "texture": "#0"},
				"up": {"uv": [0, 0, 11, 8.7], "texture": "#0"},
				"down": {"uv": [0, 0, 11, 8.7], "texture": "#0"}
			}
		}
	],
	"display": {
		"thirdperson_righthand": {
			"translation": [0, 5.5, 0],
			"scale": [0.5, 1, 0.5]
		},
		"thirdperson_lefthand": {
			"translation": [2, 8, -1.25],
			"scale": [0.5, 1, 0.5]
		},
		"firstperson_righthand": {
			"translation": [7, 3.25, -10]
		},
		"firstperson_lefthand": {
			"translation": [4.75, 1.75, -10]
		},
		"ground": {
			"translation": [0, 0, -1]
		},
		"gui": {
			"rotation": [35, 137, 0],
			"translation": [-0.2, 2.55, 0.8],
			"scale": [0.7, 0.7, 0.7]
		},
		"head": {
			"translation": [0.75, 12.5, -2.25],
			"scale": [1.08984, 1, 1.45508]
		}
	}
}