{
	"credit": "Made with Blockbench",
	"texture_size": [32, 32],
	"textures": {
		"0": "block/polar_bear_hood",
		"particle": "block/polar_bear_hood"
	},
	"elements": [
		{
			"from": [5, 2.5, 13],
			"to": [11, 7, 13],
			"faces": {
				"north": {"uv": [3, 5, 6, 7.5], "texture": "#0"},
				"east": {"uv": [3, 5, 6, 7.5], "texture": "#0"},
				"south": {"uv": [3, 5, 6, 7.5], "texture": "#0"},
				"west": {"uv": [3, 5, 6, 7.5], "texture": "#0"},
				"up": {"uv": [3, 5, 6, 7.5], "texture": "#0"},
				"down": {"uv": [3, 5, 6, 7.5], "texture": "#0"}
			}
		},
		{
			"from": [5, 2.5, 7.25],
			"to": [11, 2.5, 13],
			"faces": {
				"north": {"uv": [3, 3, 0, 6], "texture": "#0"},
				"east": {"uv": [3, 3, 0, 6], "texture": "#0"},
				"south": {"uv": [3, 3, 0, 6], "texture": "#0"},
				"west": {"uv": [3, 3, 0, 6], "texture": "#0"},
				"up": {"uv": [3, 6, 0, 3], "texture": "#0"},
				"down": {"uv": [3, 3, 0, 6], "texture": "#0"}
			}
		},
		{
			"from": [11, 2.5, 7.25],
			"to": [11, 7, 13],
			"faces": {
				"north": {"uv": [3, 0, 6, 2.5], "texture": "#0"},
				"east": {"uv": [3, 2.5, 6, 5], "texture": "#0"},
				"south": {"uv": [3, 5, 6, 7.5], "texture": "#0"},
				"west": {"uv": [0, 6, 3, 8.5], "texture": "#0"},
				"up": {"uv": [3, 3, 0, 0], "texture": "#0"},
				"down": {"uv": [3, 3, 0, 6], "texture": "#0"}
			}
		},
		{
			"from": [5, 2.5, 7.25],
			"to": [5, 7, 13],
			"faces": {
				"north": {"uv": [3, 0, 6, 2.5], "texture": "#0"},
				"east": {"uv": [3, 2.5, 6, 5], "texture": "#0"},
				"south": {"uv": [3, 5, 6, 7.5], "texture": "#0"},
				"west": {"uv": [0, 6, 3, 8.5], "texture": "#0"},
				"up": {"uv": [3, 3, 0, 0], "texture": "#0"},
				"down": {"uv": [3, 3, 0, 6], "texture": "#0"}
			}
		},
		{
			"from": [5, 7, 7.25],
			"to": [11, 7, 13],
			"faces": {
				"north": {"uv": [3, 3, 0, 0], "texture": "#0"},
				"east": {"uv": [3, 3, 0, 0], "texture": "#0"},
				"south": {"uv": [3, 3, 0, 0], "texture": "#0"},
				"west": {"uv": [3, 3, 0, 0], "texture": "#0"},
				"up": {"uv": [3, 3, 0, 0], "texture": "#0"},
				"down": {"uv": [3, 0, 0, 3], "texture": "#0"}
			}
		},
		{
			"from": [5, 2.5, 7.25],
			"to": [11, 7, 7.25],
			"faces": {
				"north": {"uv": [3, 0, 6, 2.5], "texture": "#0"},
				"east": {"uv": [3, 0, 6, 2.5], "texture": "#0"},
				"south": {"uv": [3, 0, 6, 2.5], "texture": "#0"},
				"west": {"uv": [3, 0, 6, 2.5], "texture": "#0"},
				"up": {"uv": [3, 0, 6, 2.5], "texture": "#0"},
				"down": {"uv": [3, 0, 6, 2.5], "texture": "#0"}
			}
		},
		{
			"from": [5.25, 1.5, 7.5],
			"to": [5.25, 2.5, 12.9],
			"faces": {
				"north": {"uv": [2, 8.5, 5, 9], "texture": "#0"},
				"east": {"uv": [9, 1.5, 11.5, 2], "texture": "#0"},
				"south": {"uv": [9, 0, 12, 0.5], "texture": "#0"},
				"west": {"uv": [2, 9, 4.5, 9.5], "texture": "#0"},
				"up": {"uv": [9, 2.5, 6, 0], "texture": "#0"},
				"down": {"uv": [9, 2.5, 6, 5], "texture": "#0"}
			}
		},
		{
			"from": [5.25, 1.5, 12.9],
			"to": [10.75, 2.5, 12.9],
			"faces": {
				"north": {"uv": [2, 8.5, 5, 9], "texture": "#0"},
				"east": {"uv": [9, 1.5, 11.5, 2], "texture": "#0"},
				"south": {"uv": [9, 0, 12, 0.5], "texture": "#0"},
				"west": {"uv": [2, 9, 4.5, 9.5], "texture": "#0"},
				"up": {"uv": [9, 2.5, 6, 0], "texture": "#0"},
				"down": {"uv": [9, 2.5, 6, 5], "texture": "#0"}
			}
		},
		{
			"from": [10.75, 1.5, 7.5],
			"to": [10.75, 2.5, 12.9],
			"faces": {
				"north": {"uv": [2, 8.5, 5, 9], "texture": "#0"},
				"east": {"uv": [9, 1.5, 11.5, 2], "texture": "#0"},
				"south": {"uv": [9, 0, 12, 0.5], "texture": "#0"},
				"west": {"uv": [2, 9, 4.5, 9.5], "texture": "#0"},
				"up": {"uv": [9, 2.5, 6, 0], "texture": "#0"},
				"down": {"uv": [9, 2.5, 6, 5], "texture": "#0"}
			}
		},
		{
			"from": [5.25, 1.5, 7.5],
			"to": [10.75, 2.5, 7.5],
			"faces": {
				"north": {"uv": [2, 8.5, 5, 9], "texture": "#0"},
				"east": {"uv": [9, 1.5, 11.5, 2], "texture": "#0"},
				"south": {"uv": [9, 0, 12, 0.5], "texture": "#0"},
				"west": {"uv": [2, 9, 4.5, 9.5], "texture": "#0"},
				"up": {"uv": [9, 2.5, 6, 0], "texture": "#0"},
				"down": {"uv": [9, 2.5, 6, 5], "texture": "#0"}
			}
		},
		{
			"from": [5, 4.5, 6],
			"to": [11, 7, 7.25],
			"faces": {
				"north": {"uv": [6, 5, 9, 6.5], "texture": "#0"},
				"east": {"uv": [9, 4, 9.5, 5.5], "texture": "#0"},
				"south": {"uv": [6, 6.5, 9, 8], "texture": "#0"},
				"west": {"uv": [4.5, 9, 5, 10.5], "texture": "#0"},
				"up": {"uv": [12, 1, 9, 0.5], "texture": "#0"},
				"down": {"uv": [12, 1, 9, 1.5], "texture": "#0"}
			}
		},
		{
			"from": [6.25, 4.5, 4.25],
			"to": [9.75, 6, 6],
			"faces": {
				"north": {"uv": [3, 7.5, 5, 8.5], "texture": "#0"},
				"east": {"uv": [9, 2, 10, 3], "texture": "#0"},
				"south": {"uv": [5, 8, 7, 9], "texture": "#0"},
				"west": {"uv": [9, 3, 10, 4], "texture": "#0"},
				"up": {"uv": [9, 9, 7, 8], "texture": "#0"},
				"down": {"uv": [2, 8.5, 0, 9.5], "texture": "#0"}
			}
		},
		{
			"from": [4.5, 6.75, 8.25],
			"to": [5.75, 8, 9.5],
			"faces": {
				"north": {"uv": [9.5, 12.5, 10.5, 13.5], "texture": "#0"},
				"east": {"uv": [6.5, 9, 7, 9.5], "texture": "#0"},
				"south": {"uv": [9, 6.5, 9.5, 7], "texture": "#0"},
				"west": {"uv": [7, 9, 7.5, 9.5], "texture": "#0"},
				"up": {"uv": [9.5, 7.5, 9, 7], "texture": "#0"},
				"down": {"uv": [8, 9, 7.5, 9.5], "texture": "#0"}
			}
		},
		{
			"from": [10.25, 6.75, 8.25],
			"to": [11.5, 8, 9.5],
			"faces": {
				"north": {"uv": [9.5, 15, 10.5, 16], "texture": "#0"},
				"east": {"uv": [8, 9, 8.5, 9.5], "texture": "#0"},
				"south": {"uv": [9, 8, 9.5, 8.5], "texture": "#0"},
				"west": {"uv": [8.5, 9, 9, 9.5], "texture": "#0"},
				"up": {"uv": [9.5, 9, 9, 8.5], "texture": "#0"},
				"down": {"uv": [9.5, 9, 9, 9.5], "texture": "#0"}
			}
		},
		{
			"from": [10, 6.11, 5.88],
			"to": [11.11, 6.96, 5.88],
			"faces": {
				"north": {"uv": [0, 11.5, 0.5, 12], "texture": "#0"},
				"east": {"uv": [8, 9, 8.5, 9.5], "texture": "#0"},
				"south": {"uv": [9, 8, 9.5, 8.5], "texture": "#0"},
				"west": {"uv": [8.5, 9, 9, 9.5], "texture": "#0"},
				"up": {"uv": [9.5, 9, 9, 8.5], "texture": "#0"},
				"down": {"uv": [9.5, 9, 9, 9.5], "texture": "#0"}
			}
		},
		{
			"from": [9, 6.11, 5.88],
			"to": [10, 6.96, 5.88],
			"faces": {
				"north": {"uv": [0, 13.5, 0.5, 14], "texture": "#0"},
				"east": {"uv": [8, 9, 8.5, 9.5], "texture": "#0"},
				"south": {"uv": [9, 8, 9.5, 8.5], "texture": "#0"},
				"west": {"uv": [8.5, 9, 9, 9.5], "texture": "#0"},
				"up": {"uv": [9.5, 9, 9, 8.5], "texture": "#0"},
				"down": {"uv": [9.5, 9, 9, 9.5], "texture": "#0"}
			}
		},
		{
			"from": [9, 1.61, 7.38],
			"to": [10, 2.46, 7.38],
			"faces": {
				"north": {"uv": [0, 13.5, 0.5, 14], "texture": "#0"},
				"east": {"uv": [8, 9, 8.5, 9.5], "texture": "#0"},
				"south": {"uv": [9, 8, 9.5, 8.5], "texture": "#0"},
				"west": {"uv": [8.5, 9, 9, 9.5], "texture": "#0"},
				"up": {"uv": [9.5, 9, 9, 8.5], "texture": "#0"},
				"down": {"uv": [9.5, 9, 9, 9.5], "texture": "#0"}
			}
		},
		{
			"from": [7.25, 1.61, 7.38],
			"to": [8.25, 2.46, 7.38],
			"faces": {
				"north": {"uv": [0, 13.5, 0.5, 14], "texture": "#0"},
				"east": {"uv": [8, 9, 8.5, 9.5], "texture": "#0"},
				"south": {"uv": [9, 8, 9.5, 8.5], "texture": "#0"},
				"west": {"uv": [8.5, 9, 9, 9.5], "texture": "#0"},
				"up": {"uv": [9.5, 9, 9, 8.5], "texture": "#0"},
				"down": {"uv": [9.5, 9, 9, 9.5], "texture": "#0"}
			}
		},
		{
			"from": [6.25, 1.61, 7.38],
			"to": [7.25, 2.46, 7.38],
			"faces": {
				"north": {"uv": [0, 13.5, 0.5, 14], "texture": "#0"},
				"east": {"uv": [8, 9, 8.5, 9.5], "texture": "#0"},
				"south": {"uv": [9, 8, 9.5, 8.5], "texture": "#0"},
				"west": {"uv": [8.5, 9, 9, 9.5], "texture": "#0"},
				"up": {"uv": [9.5, 9, 9, 8.5], "texture": "#0"},
				"down": {"uv": [9.5, 9, 9, 9.5], "texture": "#0"}
			}
		},
		{
			"from": [11.109, 6.11, 5.88],
			"to": [11.109, 6.96, 6.88],
			"rotation": {"angle": 0, "axis": "y", "origin": [10.239, 6, 5.88]},
			"faces": {
				"north": {"uv": [8.5, 9, 9, 9.5], "texture": "#0"},
				"east": {"uv": [0, 13.5, 0.5, 14], "texture": "#0"},
				"south": {"uv": [8, 9, 8.5, 9.5], "texture": "#0"},
				"west": {"uv": [9, 8, 9.5, 8.5], "texture": "#0"},
				"up": {"uv": [9.5, 9, 9, 8.5], "rotation": 90, "texture": "#0"},
				"down": {"uv": [9.5, 9, 9, 9.5], "rotation": 270, "texture": "#0"}
			}
		},
		{
			"from": [6, 6.11, 5.88],
			"to": [7, 6.96, 5.88],
			"faces": {
				"north": {"uv": [0, 15, 0.5, 15.5], "texture": "#0"},
				"east": {"uv": [8, 9, 8.5, 9.5], "texture": "#0"},
				"south": {"uv": [9, 8, 9.5, 8.5], "texture": "#0"},
				"west": {"uv": [8.5, 9, 9, 9.5], "texture": "#0"},
				"up": {"uv": [9.5, 9, 9, 8.5], "texture": "#0"},
				"down": {"uv": [9.5, 9, 9, 9.5], "texture": "#0"}
			}
		},
		{
			"from": [4.89, 6.11, 5.88],
			"to": [4.89, 6.96, 6.88],
			"rotation": {"angle": 0, "axis": "y", "origin": [5.01, 6, 5.88]},
			"faces": {
				"north": {"uv": [8, 9, 8.5, 9.5], "texture": "#0"},
				"east": {"uv": [9, 8, 9.5, 8.5], "texture": "#0"},
				"south": {"uv": [8.5, 9, 9, 9.5], "texture": "#0"},
				"west": {"uv": [0, 15, 0.5, 15.5], "texture": "#0"},
				"up": {"uv": [9.5, 9, 9, 8.5], "rotation": 270, "texture": "#0"},
				"down": {"uv": [9.5, 9, 9, 9.5], "rotation": 90, "texture": "#0"}
			}
		},
		{
			"from": [4.89, 6.11, 5.88],
			"to": [6, 6.96, 5.88],
			"rotation": {"angle": 0, "axis": "y", "origin": [0.14, 0, 0]},
			"faces": {
				"north": {"uv": [0, 15.5, 0.5, 16], "texture": "#0"},
				"east": {"uv": [8, 9, 8.5, 9.5], "texture": "#0"},
				"south": {"uv": [9, 8, 9.5, 8.5], "texture": "#0"},
				"west": {"uv": [8.5, 9, 9, 9.5], "texture": "#0"},
				"up": {"uv": [9.5, 9, 9, 8.5], "texture": "#0"},
				"down": {"uv": [9.5, 9, 9, 9.5], "texture": "#0"}
			}
		},
		{
			"from": [8.75, 4.25, 4.5],
			"to": [9, 4.5, 4.5],
			"rotation": {"angle": 0, "axis": "y", "origin": [-0.25, 0.5, -0.75]},
			"faces": {
				"north": {"uv": [0, 9.5, 0.5, 10], "texture": "#0"},
				"east": {"uv": [0, 0, 0, 0.5], "texture": "#0"},
				"south": {"uv": [0.5, 9.5, 1, 10], "texture": "#0"},
				"west": {"uv": [0, 0, 0, 0.5], "texture": "#0"},
				"up": {"uv": [0.5, 0, 0, 0], "texture": "#0"},
				"down": {"uv": [0.5, 0, 0, 0], "texture": "#0"}
			}
		},
		{
			"from": [9.5, 4.25, 5],
			"to": [9.5, 4.5, 6.25],
			"rotation": {"angle": 0, "axis": "y", "origin": [-0.25, 0.5, -0.75]},
			"faces": {
				"north": {"uv": [0, 0, 0, 0.5], "texture": "#0"},
				"east": {"uv": [1, 9.5, 1.5, 10], "texture": "#0"},
				"south": {"uv": [0, 0, 0, 0.5], "texture": "#0"},
				"west": {"uv": [1.5, 9.5, 2, 10], "texture": "#0"},
				"up": {"uv": [0, 0.5, 0, 0], "texture": "#0"},
				"down": {"uv": [0, 0, 0, 0.5], "texture": "#0"}
			}
		},
		{
			"from": [6.5, 4.25, 5],
			"to": [6.5, 4.5, 6.25],
			"rotation": {"angle": 0, "axis": "y", "origin": [-0.25, 0.5, -0.75]},
			"faces": {
				"north": {"uv": [0, 0, 0, 0.5], "texture": "#0"},
				"east": {"uv": [2, 9.5, 2.5, 10], "texture": "#0"},
				"south": {"uv": [0, 0, 0, 0.5], "texture": "#0"},
				"west": {"uv": [2.5, 9.5, 3, 10], "texture": "#0"},
				"up": {"uv": [0, 0.5, 0, 0], "texture": "#0"},
				"down": {"uv": [0, 0, 0, 0.5], "texture": "#0"}
			}
		},
		{
			"from": [8.75, 4, 4.5],
			"to": [9, 4.25, 4.5],
			"rotation": {"angle": 0, "axis": "y", "origin": [-0.25, 0.5, -0.75]},
			"faces": {
				"north": {"uv": [3, 9.5, 3.5, 10], "texture": "#0"},
				"east": {"uv": [0, 0, 0, 0.5], "texture": "#0"},
				"south": {"uv": [3.5, 9.5, 4, 10], "texture": "#0"},
				"west": {"uv": [0, 0, 0, 0.5], "texture": "#0"},
				"up": {"uv": [0.5, 0, 0, 0], "texture": "#0"},
				"down": {"uv": [0.5, 0, 0, 0], "texture": "#0"}
			}
		},
		{
			"from": [7, 4.25, 4.5],
			"to": [7.25, 4.5, 4.5],
			"rotation": {"angle": 0, "axis": "y", "origin": [0.5, 0.5, -0.75]},
			"faces": {
				"north": {"uv": [4, 9.5, 4.5, 10], "texture": "#0"},
				"east": {"uv": [0, 0, 0, 0.5], "texture": "#0"},
				"south": {"uv": [9.5, 4, 10, 4.5], "texture": "#0"},
				"west": {"uv": [0, 0, 0, 0.5], "texture": "#0"},
				"up": {"uv": [0.5, 0, 0, 0], "texture": "#0"},
				"down": {"uv": [0.5, 0, 0, 0], "texture": "#0"}
			}
		},
		{
			"from": [7.25, 4.25, 4.5],
			"to": [8.75, 4.5, 4.5],
			"rotation": {"angle": 0, "axis": "y", "origin": [0.5, 0.5, -0.75]},
			"faces": {
				"north": {"uv": [5, 7.5, 6, 8], "texture": "#0"},
				"east": {"uv": [0, 0, 0, 0.5], "texture": "#0"},
				"south": {"uv": [5, 9, 6, 9.5], "texture": "#0"},
				"west": {"uv": [0, 0, 0, 0.5], "texture": "#0"},
				"up": {"uv": [1, 0, 0, 0], "texture": "#0"},
				"down": {"uv": [1, 0, 0, 0], "texture": "#0"}
			}
		},
		{
			"from": [7, 4, 4.5],
			"to": [7.25, 4.25, 4.5],
			"rotation": {"angle": 0, "axis": "y", "origin": [0.5, 0.5, -0.75]},
			"faces": {
				"north": {"uv": [9, 5.5, 9.5, 6], "texture": "#0"},
				"east": {"uv": [0, 0, 0, 0.5], "texture": "#0"},
				"south": {"uv": [6, 9, 6.5, 9.5], "texture": "#0"},
				"west": {"uv": [0, 0, 0, 0.5], "texture": "#0"},
				"up": {"uv": [0.5, 0, 0, 0], "texture": "#0"},
				"down": {"uv": [0.5, 0, 0, 0], "texture": "#0"}
			}
		}
	],
	"display": {
		"thirdperson_righthand": {
			"translation": [-0.25, 1.75, -1],
			"scale": [0.57, 0.57, 0.57]
		},
		"thirdperson_lefthand": {
			"translation": [-0.25, 2.5, -1],
			"scale": [0.57, 0.57, 0.57]
		},
		"firstperson_righthand": {
			"translation": [1, 5, -0.5],
			"scale": [1.51, 1.38, 1.04]
		},
		"firstperson_lefthand": {
			"translation": [-1, 5.75, 0.75],
			"scale": [1.49, 1.38, 1.04]
		},
		"ground": {
			"translation": [0, 3.25, 0],
			"scale": [0.98, 0.98, 0.98]
		},
		"gui": {
			"rotation": [16, 144, 0],
			"translation": [-1.5, 3.75, 0],
			"scale": [1.54, 1.54, 1.54]
		},
		"head": {
			"translation": [0, 10.25, -3],
			"scale": [2.69, 2.8, 2.12]
		},
		"fixed": {
			"rotation": [-90, 0, 0],
			"translation": [0, -1.5, -11.25],
			"scale": [1.69, 1.69, 1.69]
		}
	}
}