{
	"credit": "MadewithBlockbench",
	"texture_size": [64, 64],
	"textures": {
		"1": "block/arm_sarhang",
		"3": "block/colorhat",
		"particle": "block/arm_sarhang"
	},
	"elements": [
		{
			"from": [1, -0.3, 0],
			"to": [15, 5.2, 15],
			"faces": {
				"north": {"uv": [7, 9.5, 10.5, 10.875], "texture": "#3"},
				"east": {"uv": [7, 6.5, 10.75, 7.875], "texture": "#3"},
				"south": {"uv": [0, 10, 3.5, 11.375], "texture": "#3"},
				"west": {"uv": [7, 8, 10.75, 9.375], "texture": "#3"},
				"up": {"uv": [3.5, 10, 0, 6.25], "texture": "#3"},
				"down": {"uv": [7, 6.25, 3.5, 10], "texture": "#3"}
			}
		},
		{
			"from": [2, 5.2, 1],
			"to": [14, 5.7, 14],
			"rotation": {"angle": 0, "axis": "y", "origin": [0, 5.5, 0]},
			"faces": {
				"north": {"uv": [10, 0.5, 13, 0.625], "texture": "#3"},
				"east": {"uv": [10, 0, 13.25, 0.125], "texture": "#3"},
				"south": {"uv": [10, 0.75, 13, 0.875], "texture": "#3"},
				"west": {"uv": [10, 0.25, 13.25, 0.375], "texture": "#3"},
				"up": {"uv": [10, 3.25, 7, 0], "texture": "#3"},
				"down": {"uv": [10, 3.25, 7, 6.5], "texture": "#3"}
			}
		},
		{
			"from": [1, 0, -9],
			"to": [15, 0, 16],
			"faces": {
				"north": {"uv": [0, 0, 3.5, 0], "texture": "#3"},
				"east": {"uv": [0, 0, 6.25, 0], "texture": "#3"},
				"south": {"uv": [0, 0, 3.5, 0], "texture": "#3"},
				"west": {"uv": [0, 0, 6.25, 0], "texture": "#3"},
				"up": {"uv": [3.5, 6.25, 0, 0], "texture": "#3"},
				"down": {"uv": [7, 0, 3.5, 6.25], "texture": "#3"}
			}
		},
		{
			"from": [6, 0.2, -0.1],
			"to": [10, 5.2, -0.1],
			"rotation": {"angle": 0, "axis": "y", "origin": [7, 0.2, -0.1]},
			"faces": {
				"north": {"uv": [1.94286, 0.91429, 14.05714, 16], "texture": "#1"},
				"east": {"uv": [0, 0, 0, 2.5], "texture": "#1"},
				"south": {"uv": [0, 0, 2, 2.5], "texture": "#1"},
				"west": {"uv": [0, 0, 0, 2.5], "texture": "#1"},
				"up": {"uv": [0, 0, 2, 0], "texture": "#1"},
				"down": {"uv": [0, 0, 2, 0], "texture": "#1"}
			}
		}
	],
	"display": {
		"thirdperson_righthand": {
			"rotation": [46, 0, 0],
			"translation": [0, 1.25, 1.25],
			"scale": [0.2, 0.2, 0.2]
		},
		"thirdperson_lefthand": {
			"rotation": [46, 0, 0],
			"translation": [0, 1.25, 1.25],
			"scale": [0.2, 0.2, 0.2]
		},
		"firstperson_righthand": {
			"rotation": [0, 86, 0],
			"translation": [-4.5, 6.25, 7.25],
			"scale": [0.1, 0.1, 0.1]
		},
		"firstperson_lefthand": {
			"rotation": [0, 86, 0],
			"translation": [-4.5, 6.25, 7.25],
			"scale": [0.1, 0.1, 0.1]
		},
		"ground": {
			"translation": [0, 2.5, 0],
			"scale": [0.3, 0.3, 0.3]
		},
		"gui": {
			"rotation": [30, 137, -1],
			"translation": [0.75, 4.75, 0],
			"scale": [0.7, 0.7, 0.7]
		},
		"head": {
			"translation": [0, 11.25, 0],
			"scale": [1.08984, 1, 1]
		},
		"fixed": {
			"rotation": [-90, 0, 0],
			"translation": [0.75, 1.25, -4.5],
			"scale": [0.5, 0.5, 0.5]
		}
	},
	"groups": [
		{
			"name": "7",
			"origin": [8, 8, 8],
			"color": 0,
			"children": [0, 1, 2, 3]
		}
	]
}