{
	"credit": "Made with Blockbench",
	"texture_size": [64, 64],
	"textures": {
		"0": "block/sheriff_layer_2",
		"particle": "block/sheriff_layer_2"
	},
	"elements": [
		{
			"from": [1, 8, 1],
			"to": [15, 9.5, 15],
			"faces": {
				"north": {"uv": [3, 10.6, 0, 13.6], "texture": "#0"},
				"east": {"uv": [3, 10.6, 0, 13.6], "texture": "#0"},
				"south": {"uv": [3, 10.6, 0, 13.6], "texture": "#0"},
				"west": {"uv": [3, 10.6, 0, 13.6], "texture": "#0"},
				"up": {"uv": [3, 10.6, 0, 13.6], "texture": "#0"},
				"down": {"uv": [3, 10.6, 0, 13.6], "texture": "#0"}
			}
		},
		{
			"from": [4, 9.5, 4],
			"to": [12, 12.5, 12],
			"faces": {
				"north": {"uv": [0, 10.825, 2, 13.075], "texture": "#0"},
				"east": {"uv": [0, 10.825, 2, 13.075], "texture": "#0"},
				"south": {"uv": [0, 10.825, 2, 13.075], "texture": "#0"},
				"west": {"uv": [0, 10.825, 2, 13.075], "texture": "#0"},
				"up": {"uv": [0, 10.825, 2, 13.075], "texture": "#0"},
				"down": {"uv": [0, 10.825, 2, 13.075], "texture": "#0"}
			}
		}
	],
	"display": {
		"thirdperson_righthand": {
			"scale": [0.5, 0.5, 0.5]
		},
		"thirdperson_lefthand": {
			"scale": [0.5, 0.5, 0.5]
		},
		"firstperson_righthand": {
			"scale": [0.5, 0.5, 0.5]
		},
		"firstperson_lefthand": {
			"scale": [0.5, 0.5, 0.5]
		},
		"gui": {
			"rotation": [18, 30, 0],
			"translation": [0, -2, 0],
			"scale": [0.8, 0.8, 0.8]
		},
		"head": {
			"translation": [0, 3.5, 0],
			"scale": [1.9, 1.9, 1.9]
		},
		"fixed": {
			"rotation": [-90, 0, 0]
		}
	}
}