{
	"credit": "Made with Blockbench",
	"textures": {
		"0": "block/logo",
		"1": "block/mard",
		"2": "block/texture_2",
		"3": "block/texture_3",
		"4": "block/texture1",
		"particle": "block/logo"
	},
	"elements": [
		{
			"from": [12.5, 3, 0.001],
			"to": [13.8, 11, 15.999],
			"rotation": {"angle": 0, "axis": "y", "origin": [5.9, 0, 7]},
			"faces": {
				"north": {"uv": [3.18797, 0, 16, 16], "texture": "#2"},
				"east": {"uv": [0, 0, 2, 6], "texture": "#2"},
				"south": {"uv": [0, 0, 4, 6], "texture": "#2"},
				"west": {"uv": [0, 0, 2, 6], "texture": "#2"},
				"up": {"uv": [0, 0, 4, 2], "texture": "#2"},
				"down": {"uv": [0, 0, 4, 2], "texture": "#2"}
			}
		},
		{
			"from": [6.5, 11.8, 0],
			"to": [9.47, 11.88, 16],
			"rotation": {"angle": 0, "axis": "y", "origin": [5.9, 7, 7]},
			"faces": {
				"north": {"uv": [3.18797, 0, 16, 16], "texture": "#3"},
				"east": {"uv": [0, 0, 2, 6], "texture": "#missing"},
				"south": {"uv": [0, 0, 4, 6], "texture": "#3"},
				"west": {"uv": [0, 0, 2, 6], "texture": "#missing"},
				"up": {"uv": [0, 0, 4, 2], "texture": "#missing"},
				"down": {"uv": [0, 0, 4, 2], "texture": "#missing"}
			}
		},
		{
			"from": [12.5, 3, 0],
			"to": [13.8, 4.06, 16],
			"rotation": {"angle": 0, "axis": "y", "origin": [10.9, -1, 7]},
			"faces": {
				"north": {"uv": [3.18797, 0, 16, 16], "texture": "#4"},
				"east": {"uv": [0, 0, 2, 6], "texture": "#2"},
				"south": {"uv": [0, 0, 4, 6], "texture": "#4"},
				"west": {"uv": [0, 0, 2, 6], "texture": "#2"},
				"up": {"uv": [0, 0, 4, 2], "texture": "#2"},
				"down": {"uv": [0, 0, 4, 2], "texture": "#2"}
			}
		},
		{
			"from": [2.2, 3, 0.001],
			"to": [13.5, 15.06, 15.999],
			"rotation": {"angle": 0, "axis": "y", "origin": [-2.1, -1, 7]},
			"faces": {
				"north": {"uv": [3.18797, 0, 16, 16], "texture": "#2"},
				"east": {"uv": [0, 0, 2, 6], "texture": "#2"},
				"south": {"uv": [0, 0, 4, 6], "texture": "#2"},
				"west": {"uv": [0, 0, 2, 6], "texture": "#2"},
				"up": {"uv": [0, 0, 4, 2], "texture": "#2"},
				"down": {"uv": [0, 0, 4, 2], "texture": "#2"}
			}
		},
		{
			"from": [2.3, 15, 0.001],
			"to": [13.7, 15.35, 15.999],
			"rotation": {"angle": 0, "axis": "y", "origin": [-2.1, 11, 7]},
			"faces": {
				"north": {"uv": [3.18797, 0, 16, 16], "texture": "#2"},
				"east": {"uv": [0, 0, 2, 6], "texture": "#2"},
				"south": {"uv": [0, 0, 4, 6], "texture": "#2"},
				"west": {"uv": [0, 0, 2, 6], "texture": "#2"},
				"up": {"uv": [0, 0, 4, 2], "texture": "#2"},
				"down": {"uv": [0, 0, 4, 2], "texture": "#2"}
			}
		},
		{
			"from": [8.3, 0, 0.001],
			"to": [12.1, 3, 15.999],
			"rotation": {"angle": 0, "axis": "y", "origin": [10.9, -4, 7]},
			"faces": {
				"north": {"uv": [3.18797, 0, 16, 16], "texture": "#2"},
				"east": {"uv": [0, 0, 2, 6], "texture": "#2"},
				"south": {"uv": [0, 0, 16, 16], "texture": "#2"},
				"west": {"uv": [0, 0, 2, 6], "texture": "#2"},
				"up": {"uv": [0, 0, 4, 2], "texture": "#2"},
				"down": {"uv": [0, 0, 4, 2], "texture": "#2"}
			}
		},
		{
			"from": [3.9, 0, 0.001],
			"to": [7.7, 3, 15.999],
			"rotation": {"angle": 0, "axis": "y", "origin": [-0.1, -4, 7]},
			"faces": {
				"north": {"uv": [3.18797, 0, 16, 16], "texture": "#2"},
				"east": {"uv": [0, 0, 2, 6], "texture": "#2"},
				"south": {"uv": [0, 0, 16, 16], "texture": "#2"},
				"west": {"uv": [0, 0, 2, 6], "texture": "#2"},
				"up": {"uv": [0, 0, 4, 2], "texture": "#2"},
				"down": {"uv": [0, 0, 4, 2], "texture": "#2"}
			}
		},
		{
			"from": [7.2, 0.3, 0],
			"to": [8.8, 2.8, 16.001],
			"rotation": {"angle": 0, "axis": "y", "origin": [5.9, -4, 7]},
			"faces": {
				"north": {"uv": [0, 0, 16, 16], "texture": "#1"},
				"east": {"uv": [0, 0, 2, 6], "texture": "#missing"},
				"south": {"uv": [0, 0, 16, 16], "texture": "#1"},
				"west": {"uv": [0, 0, 2, 6], "texture": "#missing"},
				"up": {"uv": [0, 0, 4, 2], "texture": "#missing"},
				"down": {"uv": [0, 0, 4, 2], "texture": "#2"}
			}
		},
		{
			"from": [7.7, 2.5, 0.001],
			"to": [8.3, 3, 15.999],
			"rotation": {"angle": 0, "axis": "y", "origin": [5.9, -3, 7]},
			"faces": {
				"north": {"uv": [3.18797, 0, 16, 16], "texture": "#2"},
				"east": {"uv": [0, 0, 2, 6], "texture": "#2"},
				"south": {"uv": [0, 0, 16, 16], "texture": "#2"},
				"west": {"uv": [0, 0, 2, 6], "texture": "#2"},
				"up": {"uv": [0, 0, 4, 2], "texture": "#2"},
				"down": {"uv": [0, 0, 4, 2], "texture": "#2"}
			}
		},
		{
			"from": [7, 6, 0],
			"to": [9.2, 8, 16.002],
			"rotation": {"angle": 0, "axis": "y", "origin": [5.9, 0, 7]},
			"faces": {
				"north": {"uv": [0, 0, 16, 16], "texture": "#0"},
				"east": {"uv": [0, 0, 2, 6], "texture": "#missing"},
				"south": {"uv": [0, 0, 16, 16], "texture": "#0"},
				"west": {"uv": [0, 0, 2, 6], "texture": "#missing"},
				"up": {"uv": [0, 0, 4, 2], "texture": "#missing"},
				"down": {"uv": [0, 0, 4, 2], "texture": "#missing"}
			}
		},
		{
			"from": [14.2, 10.3, 0],
			"to": [16.23, 15.3, 16],
			"rotation": {"angle": 22.5, "axis": "z", "origin": [14.9, 9, 7]},
			"faces": {
				"north": {"uv": [0, 0, 0.97, 2.008], "texture": "#4"},
				"east": {"uv": [0, 0, 2, 2.008], "texture": "#2"},
				"south": {"uv": [0, 0, 0.97, 2.008], "texture": "#4"},
				"west": {"uv": [0, 0, 2, 2.008], "texture": "#4"},
				"up": {"uv": [0, 0, 0.97, 2], "texture": "#2"},
				"down": {"uv": [0, 0, 0.97, 2], "texture": "#2"}
			}
		},
		{
			"from": [4.1, 1.25, 0],
			"to": [6.1, 5.85, 16.001],
			"rotation": {"angle": 22.5, "axis": "z", "origin": [3.9, -4, 7]},
			"faces": {
				"north": {"uv": [0, 0, 1, 2], "texture": "#4"},
				"east": {"uv": [0, 0, 2, 2], "texture": "#missing"},
				"south": {"uv": [0, 0, 1, 2], "texture": "#4"},
				"west": {"uv": [0, 0, 2, 2], "texture": "#2"},
				"up": {"uv": [0, 0, 1, 2], "texture": "#2"},
				"down": {"uv": [0, 0, 1, 2], "texture": "#2"}
			}
		},
		{
			"from": [13.75, 5.12, 0],
			"to": [15.62, 10.82, 16],
			"rotation": {"angle": 0, "axis": "z", "origin": [13.9, 1, 7]},
			"faces": {
				"north": {"uv": [0, 0, 0.97, 2], "texture": "#4"},
				"east": {"uv": [0, 0, 2, 2], "texture": "#2"},
				"south": {"uv": [0, 0, 0.97, 2], "texture": "#4"},
				"west": {"uv": [0, 0, 2, 2], "texture": "#4"},
				"up": {"uv": [0, 0, 0.97, 2], "texture": "#2"},
				"down": {"uv": [0, 0, 0.97, 2], "texture": "#2"}
			}
		},
		{
			"from": [-1.6, 11.11, 0],
			"to": [0.4, 16.31, 16.001],
			"rotation": {"angle": -22.5, "axis": "z", "origin": [-2.1, 6, 7]},
			"faces": {
				"north": {"uv": [0, 0, 1, 2.06], "texture": "#4"},
				"east": {"uv": [0, 0, 2, 2.06], "texture": "#missing"},
				"south": {"uv": [0, 0, 1, 2.06], "texture": "#4"},
				"west": {"uv": [0, 0, 2, 2.06], "texture": "#2"},
				"up": {"uv": [0, 0, 1, 2], "texture": "#2"},
				"down": {"uv": [0, 0, 1, 2], "texture": "#2"}
			}
		},
		{
			"from": [12.1, 1, 0],
			"to": [12.5, 6, 16.002],
			"rotation": {"angle": 0, "axis": "z", "origin": [10.9, -2, 7]},
			"faces": {
				"north": {"uv": [0, 0, 0.4, 3], "texture": "#4"},
				"east": {"uv": [0, 0, 2, 3], "texture": "#missing"},
				"south": {"uv": [0, 0, 0.4, 3], "texture": "#4"},
				"west": {"uv": [0, 0, 2, 3], "texture": "#4"},
				"up": {"uv": [0, 0, 0.4, 2], "texture": "#missing"},
				"down": {"uv": [0, 0, 0.4, 2], "texture": "#missing"}
			}
		},
		{
			"from": [3.5, 1, 0],
			"to": [3.9, 6, 16.002],
			"rotation": {"angle": 0, "axis": "z", "origin": [1.9, -2, 7]},
			"faces": {
				"north": {"uv": [0, 0, 0.4, 3], "texture": "#4"},
				"east": {"uv": [0, 0, 2, 3], "texture": "#missing"},
				"south": {"uv": [0, 0, 0.4, 3], "texture": "#4"},
				"west": {"uv": [0, 0, 2, 3], "texture": "#4"},
				"up": {"uv": [0, 0, 0.4, 2], "texture": "#missing"},
				"down": {"uv": [0, 0, 0.4, 2], "texture": "#missing"}
			}
		},
		{
			"from": [16.32, 6.4, 0],
			"to": [16.42, 6.85, 10],
			"rotation": {"angle": 22.5, "axis": "z", "origin": [14.9, 1, 7]},
			"faces": {
				"north": {"uv": [0, 0, 0.1, 0.45], "texture": "#4"},
				"east": {"uv": [0, 0, 2, 0.45], "texture": "#missing"},
				"south": {"uv": [0, 0, 0.1, 0.45], "texture": "#4"},
				"west": {"uv": [0, 0, 2, 0.45], "texture": "#4"},
				"up": {"uv": [0, 0, 0.1, 2], "texture": "#missing"},
				"down": {"uv": [0, 0, 0.1, 2], "texture": "#missing"}
			}
		},
		{
			"from": [-0.18, 7.35, 0],
			"to": [-0.08, 7.8, 10],
			"rotation": {"angle": -22.5, "axis": "z", "origin": [-1.1, 2, 7]},
			"faces": {
				"north": {"uv": [0, 0, 0.1, 0.45], "texture": "#4"},
				"east": {"uv": [0, 0, 2, 0.45], "texture": "#missing"},
				"south": {"uv": [0, 0, 0.1, 0.45], "texture": "#4"},
				"west": {"uv": [0, 0, 2, 0.45], "texture": "#4"},
				"up": {"uv": [0, 0, 0.1, 2], "texture": "#missing"},
				"down": {"uv": [0, 0, 0.1, 2], "texture": "#missing"}
			}
		},
		{
			"from": [14.066, 6.72, 0],
			"to": [14.966, 7.06, 10],
			"rotation": {"angle": 0, "axis": "z", "origin": [12.9, 1, 7]},
			"faces": {
				"north": {"uv": [0, 0, 0.9, 0.34], "texture": "#4"},
				"east": {"uv": [0, 0, 2, 0.34], "texture": "#missing"},
				"south": {"uv": [0, 0, 0.9, 0.34], "texture": "#4"},
				"west": {"uv": [0, 0, 2, 0.34], "texture": "#4"},
				"up": {"uv": [0, 0, 0.9, 2], "texture": "#2"},
				"down": {"uv": [0, 0, 0.9, 2], "texture": "#missing"}
			}
		},
		{
			"from": [1.02, 6.71, 0],
			"to": [1.96, 7.06, 10],
			"rotation": {"angle": 0, "axis": "y", "origin": [-0.1, 1, 7]},
			"faces": {
				"north": {"uv": [0, 0, 0.94, 0.35], "texture": "#4"},
				"east": {"uv": [0, 0, 2, 0.35], "texture": "#missing"},
				"south": {"uv": [0, 0, 0.94, 0.35], "texture": "#4"},
				"west": {"uv": [0, 0, 2, 0.35], "texture": "#4"},
				"up": {"uv": [0, 0, 0.94, 2], "texture": "#2"},
				"down": {"uv": [0, 0, 0.94, 2], "texture": "#missing"}
			}
		},
		{
			"from": [12.1, 0, 0],
			"to": [14, 3, 16],
			"rotation": {"angle": 0, "axis": "z", "origin": [10.9, -2, 7]},
			"faces": {
				"north": {"uv": [0, 0, 0.9, 3], "texture": "#4"},
				"east": {"uv": [0, 0, 2, 3], "texture": "#2"},
				"south": {"uv": [0, 0, 0.9, 3], "texture": "#4"},
				"west": {"uv": [0, 0, 2, 3], "texture": "#4"},
				"up": {"uv": [0, 0, 0.9, 2], "texture": "#2"},
				"down": {"uv": [0, 0, 0.9, 2], "texture": "#2"}
			}
		},
		{
			"from": [2, 0, 0],
			"to": [3.9, 4, 16.001],
			"rotation": {"angle": 0, "axis": "z", "origin": [1.9, -2, 7]},
			"faces": {
				"north": {"uv": [0, 0, 0.9, 3], "texture": "#4"},
				"east": {"uv": [0, 0, 2, 3], "texture": "#missing"},
				"south": {"uv": [0, 0, 0.9, 3], "texture": "#4"},
				"west": {"uv": [0, 0, 2, 3], "texture": "#2"},
				"up": {"uv": [0, 0, 0.9, 2], "texture": "#2"},
				"down": {"uv": [0, 0, 0.9, 2], "texture": "#2"}
			}
		},
		{
			"from": [12.3, 2.4, 0],
			"to": [13.2, 3.3, 10],
			"rotation": {"angle": 0, "axis": "z", "origin": [10.9, -3, 7]},
			"faces": {
				"north": {"uv": [0, 0, 0.9, 0.9], "texture": "#4"},
				"east": {"uv": [0, 0, 2, 0.9], "texture": "#missing"},
				"south": {"uv": [0, 0, 0.9, 0.9], "texture": "#4"},
				"west": {"uv": [0, 0, 2, 0.9], "texture": "#4"},
				"up": {"uv": [0, 0, 0.9, 2], "texture": "#missing"},
				"down": {"uv": [0, 0, 0.9, 2], "texture": "#missing"}
			}
		},
		{
			"from": [2.6, 2.4, 0],
			"to": [3.6, 3.3, 16],
			"rotation": {"angle": 0, "axis": "z", "origin": [0.9, -3, 7]},
			"faces": {
				"north": {"uv": [0, 0, 1, 0.9], "texture": "#4"},
				"east": {"uv": [0, 0, 2, 0.9], "texture": "#missing"},
				"south": {"uv": [0, 0, 1, 0.9], "texture": "#4"},
				"west": {"uv": [0, 0, 2, 0.9], "texture": "#4"},
				"up": {"uv": [0, 0, 1, 2], "texture": "#missing"},
				"down": {"uv": [0, 0, 1, 2], "texture": "#missing"}
			}
		},
		{
			"from": [0.32, 5.16, 0],
			"to": [2.29, 10.56, 16],
			"rotation": {"angle": 0, "axis": "z", "origin": [-0.1, 0, 7]},
			"faces": {
				"north": {"uv": [0, 0, 1, 2], "texture": "#4"},
				"east": {"uv": [0, 0, 2, 2], "texture": "#missing"},
				"south": {"uv": [0, 0, 1, 2], "texture": "#4"},
				"west": {"uv": [0, 0, 2, 2], "texture": "#2"},
				"up": {"uv": [0, 0, 1, 2], "texture": "#2"},
				"down": {"uv": [0, 0, 1, 2], "texture": "#2"}
			}
		},
		{
			"from": [10.07, 2.35, 0],
			"to": [12.07, 6.75, 16],
			"rotation": {"angle": -22.5, "axis": "z", "origin": [9.9, -3, 7]},
			"faces": {
				"north": {"uv": [0, 0, 0.97, 2], "texture": "#4"},
				"east": {"uv": [0, 0, 2, 2], "texture": "#2"},
				"south": {"uv": [0, 0, 0.97, 2], "texture": "#4"},
				"west": {"uv": [0, 0, 2, 2], "texture": "#4"},
				"up": {"uv": [0, 0, 0.97, 2], "texture": "#2"},
				"down": {"uv": [0, 0, 0.97, 2], "texture": "#2"}
			}
		}
	],
	"groups": [
		{
			"name": "group",
			"origin": [6.9, 9, 7],
			"color": 0,
			"children": [0, 1, 2, 3, 4, 5, 6, 7, 8, 9, 10, 11, 12, 13, 14, 15, 16, 17, 18, 19, 20, 21, 22, 23, 24, 25]
		}
	]
}