{
	"credit": "Made with Blockbench",
	"textures": {
		"4": "block/mihan",
		"5": "block/gltf_embedded_0",
		"6": "block/taid",
		"7": "block/bottle",
		"8": "block/ashghali",
		"9": "block/hotdog",
		"10": "block/texture",
		"particle": "block/ashghali"
	},
	"elements": [
		{
			"from": [1, 0.02, 1],
			"to": [3, 2.02, 7],
			"rotation": {"angle": 0, "axis": "y", "origin": [1, 0, 1]},
			"faces": {
				"north": {"uv": [8.68, 1.26, 11.9, 3.66], "texture": "#4"},
				"east": {"uv": [11.92, 3.9, 13.96, 10.94], "rotation": 90, "texture": "#4"},
				"south": {"uv": [8.6, 11.02, 11.96, 13.36], "texture": "#4"},
				"west": {"uv": [6.36, 3.78, 8.36, 10.94], "rotation": 270, "texture": "#4"},
				"up": {"uv": [2.8, 3.62, 6.32, 11.04], "texture": "#4"},
				"down": {"uv": [2.94, 3.66, 6.24, 10.92], "rotation": 180, "texture": "#4"}
			}
		},
		{
			"from": [6, 0.02, 2],
			"to": [12, 7.02, 10],
			"rotation": {"angle": 22.5, "axis": "y", "origin": [11, 0, 2]},
			"faces": {
				"north": {"uv": [4.125, 4.625, 6.0625, 7.4375], "texture": "#5"},
				"east": {"uv": [1.0625, 3.25, 3.75, 6.3125], "texture": "#5"},
				"south": {"uv": [0, 0, 6, 7], "texture": "#5"},
				"west": {"uv": [9, 6, 11.75, 7.875], "texture": "#5"},
				"up": {"uv": [4.125, 0.125, 7.875, 1.75], "texture": "#5"},
				"down": {"uv": [0, 0, 6, 11], "texture": "#5"}
			}
		},
		{
			"from": [6, 0.02, 10],
			"to": [12, 7.02, 12],
			"rotation": {"angle": 22.5, "axis": "y", "origin": [11, 0, 2]},
			"faces": {
				"north": {"uv": [0, 0, 6, 7], "texture": "#5"},
				"east": {"uv": [0.25, 3.25, 1.125, 6.3125], "texture": "#5"},
				"south": {"uv": [4.125, 4.625, 6.0625, 7.4375], "texture": "#5"},
				"west": {"uv": [6.0625, 9.875, 6.4375, 12.75], "texture": "#5"},
				"up": {"uv": [4.125, 0.6875, 7.875, 2.0625], "texture": "#5"},
				"down": {"uv": [0, 0, 6, 11], "texture": "#5"}
			}
		},
		{
			"from": [6, 0.02, 2],
			"to": [6, 2.02, 5],
			"rotation": {"angle": -45, "axis": "y", "origin": [6, 0, 1]},
			"faces": {
				"north": {"uv": [12, 0, 15, 3], "texture": "#7"},
				"east": {"uv": [4, 0, 0, 6], "rotation": 90, "texture": "#7"},
				"south": {"uv": [8, 0, 10, 2], "texture": "#7"},
				"west": {"uv": [0, 0, 4, 6], "rotation": 270, "texture": "#7"},
				"up": {"uv": [0, 6, 2, 13], "texture": "#7"},
				"down": {"uv": [0, 6, 2, 13], "rotation": 180, "texture": "#7"}
			}
		},
		{
			"from": [6, 0.02, 2],
			"to": [8, 2.02, 2],
			"rotation": {"angle": -45, "axis": "y", "origin": [6, 0, 1]},
			"faces": {
				"north": {"uv": [12, 0, 15, 3], "texture": "#7"},
				"east": {"uv": [0, 6, 2, 13], "rotation": 90, "texture": "#7"},
				"south": {"uv": [8, 0, 10, 2], "texture": "#7"},
				"west": {"uv": [0, 6, 2, 13], "rotation": 270, "texture": "#7"},
				"up": {"uv": [0, 6, 2, 13], "texture": "#7"},
				"down": {"uv": [0, 6, 2, 13], "rotation": 180, "texture": "#7"}
			}
		},
		{
			"from": [6.87, 0.02, 3.3],
			"to": [6.87, 2.02, 6.3],
			"rotation": {"angle": -45, "axis": "y", "origin": [7, 0, 3]},
			"faces": {
				"north": {"uv": [12, 0, 15, 3], "texture": "#7"},
				"east": {"uv": [0, 0, 4, 6], "rotation": 90, "texture": "#7"},
				"south": {"uv": [8, 0, 10, 2], "texture": "#7"},
				"west": {"uv": [4, 0, 0, 6], "rotation": 270, "texture": "#7"},
				"up": {"uv": [0, 6, 2, 13], "texture": "#7"},
				"down": {"uv": [0, 6, 2, 13], "rotation": 180, "texture": "#7"}
			}
		},
		{
			"from": [6, 0.02, 2],
			"to": [8, 0.02, 5],
			"rotation": {"angle": -45, "axis": "y", "origin": [6, -2, 1]},
			"faces": {
				"north": {"uv": [12, 0, 15, 3], "texture": "#7"},
				"east": {"uv": [0, 6, 2, 13], "rotation": 90, "texture": "#7"},
				"south": {"uv": [8, 0, 10, 2], "texture": "#7"},
				"west": {"uv": [0, 6, 2, 13], "rotation": 270, "texture": "#7"},
				"up": {"uv": [4, 0, 0, 6], "texture": "#7"},
				"down": {"uv": [0, 0, 4, 6], "rotation": 180, "texture": "#7"}
			}
		},
		{
			"from": [6, 0.02, 2],
			"to": [8, 0.02, 5],
			"rotation": {"angle": -45, "axis": "y", "origin": [6, 0, 1]},
			"faces": {
				"north": {"uv": [12, 0, 15, 3], "texture": "#7"},
				"east": {"uv": [0, 6, 2, 13], "rotation": 90, "texture": "#7"},
				"south": {"uv": [8, 0, 10, 2], "texture": "#7"},
				"west": {"uv": [0, 6, 2, 13], "rotation": 270, "texture": "#7"},
				"up": {"uv": [0, 0, 4, 6], "texture": "#7"},
				"down": {"uv": [4, 0, 0, 6], "rotation": 180, "texture": "#7"}
			}
		},
		{
			"from": [8, 0.02, 0.2],
			"to": [10, 2.02, 1],
			"rotation": {"angle": -45, "axis": "y", "origin": [8, 0, -1]},
			"faces": {
				"north": {"uv": [12, 0, 15, 3], "texture": "#7"},
				"east": {"uv": [0, 6, 2, 13], "rotation": 90, "texture": "#7"},
				"south": {"uv": [8, 0, 10, 2], "texture": "#7"},
				"west": {"uv": [0, 6, 2, 13], "rotation": 270, "texture": "#7"},
				"up": {"uv": [0, 6, 2, 13], "texture": "#7"},
				"down": {"uv": [0, 6, 2, 13], "rotation": 180, "texture": "#7"}
			}
		},
		{
			"from": [5.5, 0.02, -1],
			"to": [6.5, 1.02, 1.65],
			"rotation": {"angle": -45, "axis": "y", "origin": [5, 0, 2]},
			"faces": {
				"north": {"uv": [0, 0, 2, 2], "texture": "#7"},
				"east": {"uv": [0, 6, 2, 13], "rotation": 90, "texture": "#7"},
				"south": {"uv": [8, 0, 10, 2], "texture": "#7"},
				"west": {"uv": [0, 6, 2, 13], "rotation": 270, "texture": "#7"},
				"up": {"uv": [0, 6, 2, 13], "texture": "#7"},
				"down": {"uv": [0, 6, 2, 13], "rotation": 180, "texture": "#7"}
			}
		},
		{
			"from": [0, 0, 7.04],
			"to": [0, 5, 15.06],
			"rotation": {"angle": 22.5, "axis": "y", "origin": [3, 0, 7]},
			"faces": {
				"north": {"uv": [0, 0, 5, 5], "texture": "#missing"},
				"east": {"uv": [0, 7.5, 7, 16], "rotation": 90, "texture": "#8"},
				"south": {"uv": [7, 2, 15, 10], "texture": "#8"},
				"west": {"uv": [0, 7.5, 7, 16], "rotation": 90, "texture": "#8"},
				"up": {"uv": [0, 7.5, 7, 16], "texture": "#8"},
				"down": {"uv": [0, 7.5, 7, 16], "texture": "#8"}
			}
		},
		{
			"from": [5, 0, 5],
			"to": [5, 5, 13],
			"rotation": {"angle": 22.5, "axis": "y", "origin": [8, 0, 5]},
			"faces": {
				"north": {"uv": [0, 0, 5, 5], "texture": "#missing"},
				"east": {"uv": [0, 7.5, 7, 16], "rotation": 90, "texture": "#8"},
				"south": {"uv": [7, 2, 15, 10], "texture": "#8"},
				"west": {"uv": [0, 7.5, 7, 16], "rotation": 90, "texture": "#8"},
				"up": {"uv": [0, 7.5, 7, 16], "texture": "#8"},
				"down": {"uv": [0, 7.5, 7, 16], "texture": "#8"}
			}
		},
		{
			"from": [-0.38, 5, 5],
			"to": [5, 5, 13],
			"rotation": {"angle": 22.5, "axis": "y", "origin": [8, 0, 5]},
			"faces": {
				"north": {"uv": [0, 0, 5, 5], "texture": "#missing"},
				"east": {"uv": [0, 7.5, 7, 16], "rotation": 90, "texture": "#8"},
				"south": {"uv": [7, 2, 15, 10], "texture": "#8"},
				"west": {"uv": [0, 7.5, 7, 16], "rotation": 90, "texture": "#8"},
				"up": {"uv": [0, 7.5, 7, 16], "texture": "#8"},
				"down": {"uv": [0, 7.5, 7, 16], "texture": "#8"}
			}
		},
		{
			"from": [-0.38, 0.02, 5],
			"to": [5, 0.02, 13],
			"rotation": {"angle": 22.5, "axis": "y", "origin": [8, -6, 5]},
			"faces": {
				"north": {"uv": [0, 0, 5, 5], "texture": "#missing"},
				"east": {"uv": [0, 7.5, 7, 16], "rotation": 90, "texture": "#8"},
				"south": {"uv": [7, 2, 15, 10], "texture": "#8"},
				"west": {"uv": [0, 7.5, 7, 16], "rotation": 90, "texture": "#8"},
				"up": {"uv": [0, 7.5, 7, 16], "texture": "#8"},
				"down": {"uv": [0, 7.5, 7, 16], "texture": "#8"}
			}
		},
		{
			"from": [-0.38, 0, 13],
			"to": [5, 5, 13],
			"rotation": {"angle": 22.5, "axis": "y", "origin": [8, -5, 5]},
			"faces": {
				"north": {"uv": [7, 2, 15, 10], "texture": "#8"},
				"east": {"uv": [0, 7.5, 7, 16], "rotation": 90, "texture": "#8"},
				"south": {"uv": [7, 2, 15, 10], "texture": "#8"},
				"west": {"uv": [0, 7.5, 7, 16], "rotation": 90, "texture": "#8"},
				"up": {"uv": [0, 7.5, 7, 16], "texture": "#8"},
				"down": {"uv": [0, 7.5, 7, 16], "texture": "#8"}
			}
		},
		{
			"from": [3, 0.1, 9],
			"to": [6, 1, 13],
			"rotation": {"angle": 0, "axis": "y", "origin": [4, 0, 11]},
			"faces": {
				"north": {"uv": [6.78125, 5.03125, 12.125, 6.5625], "rotation": 180, "texture": "#6"},
				"east": {"uv": [12.25, 6.84375, 13.84375, 13.78125], "rotation": 270, "texture": "#6"},
				"south": {"uv": [6.90625, 13.9375, 12.28125, 15.625], "rotation": 180, "texture": "#6"},
				"west": {"uv": [5.21875, 6.78125, 6.78125, 13.78125], "rotation": 270, "texture": "#6"},
				"up": {"uv": [0, 6.84375, 5.09375, 13.875], "texture": "#6"},
				"down": {"uv": [0, 0, 3, 4], "texture": "#missing"}
			}
		},
		{
			"from": [0, 0, 0],
			"to": [16, 0, 16],
			"faces": {
				"north": {"uv": [0, 0, 16, 0], "texture": "#10"},
				"east": {"uv": [0, 0, 16, 0], "texture": "#10"},
				"south": {"uv": [0, 0, 16, 0], "texture": "#10"},
				"west": {"uv": [0, 0, 16, 0], "texture": "#10"},
				"up": {"uv": [0, 0, 16, 16], "texture": "#10"},
				"down": {"uv": [0, 0, 16, 16], "texture": "#10"}
			}
		},
		{
			"from": [14.5, 0.02, 1],
			"to": [15, 0.52, 5],
			"rotation": {"angle": 0, "axis": "y", "origin": [14, 0, 2]},
			"faces": {
				"north": {"uv": [2.5, 5.125, 2.625, 5.375], "texture": "#9"},
				"east": {"uv": [0, 0, 4, 0.5], "texture": "#missing"},
				"south": {"uv": [2.25, 6.375, 2.5, 7.125], "texture": "#9"},
				"west": {"uv": [0, 0, 4, 0.5], "texture": "#missing"},
				"up": {"uv": [0, 0, 0.5, 4], "texture": "#missing"},
				"down": {"uv": [2.25, 6.125, 2.5, 8.125], "texture": "#9"}
			}
		},
		{
			"from": [14.5, 0.5, 0.5],
			"to": [15, 1.3, 5.5],
			"rotation": {"angle": 0, "axis": "y", "origin": [14, 1, 2]},
			"faces": {
				"north": {"uv": [3.5, 2.875, 4.75, 3.175], "texture": "#9"},
				"east": {"uv": [0, 2.875, 2.125, 3.175], "texture": "#9"},
				"south": {"uv": [3.25, 2, 3.375, 2.8], "texture": "#9"},
				"west": {"uv": [3.25, 2.875, 6, 3.175], "texture": "#9"},
				"up": {"uv": [3, 0, 3.375, 3], "texture": "#9"},
				"down": {"uv": [3.375, 0, 3.5, 3.125], "texture": "#9"}
			}
		},
		{
			"from": [15, 0.02, 1],
			"to": [15.5, 1.02, 5],
			"rotation": {"angle": 0, "axis": "y", "origin": [15, 0, 2]},
			"faces": {
				"north": {"uv": [2.5, 4.125, 2.625, 5.125], "texture": "#9"},
				"east": {"uv": [2.75, 8.125, 5.25, 8.5], "texture": "#9"},
				"south": {"uv": [2.375, 6.5, 2.625, 7.5], "texture": "#9"},
				"west": {"uv": [0, 0, 4, 1], "texture": "#missing"},
				"up": {"uv": [2.375, 5.875, 2.75, 7.875], "texture": "#9"},
				"down": {"uv": [2.375, 4.125, 2.375, 7.75], "texture": "#9"}
			}
		},
		{
			"from": [14, 0.02, 1],
			"to": [14.5, 1.02, 5],
			"rotation": {"angle": 0, "axis": "y", "origin": [14, 0, 2]},
			"faces": {
				"north": {"uv": [5, 6.375, 5.375, 7.375], "texture": "#9"},
				"east": {"uv": [0, 0, 4, 1], "texture": "#missing"},
				"south": {"uv": [5.125, 6.25, 5.5, 7.25], "texture": "#9"},
				"west": {"uv": [0, 5.5, 2.25, 5.75], "texture": "#9"},
				"up": {"uv": [2.375, 5.75, 2.375, 8.25], "texture": "#9"},
				"down": {"uv": [2.375, 5.75, 2.75, 8], "texture": "#9"}
			}
		}
	],
	"groups": [
		0,
		1,
		2,
		{
			"name": "group",
			"origin": [3, 0, 11],
			"color": 0,
			"children": [3, 4, 5, 6, 7, 8, 9]
		},
		10,
		11,
		12,
		13,
		14,
		15,
		16,
		{
			"name": "group",
			"origin": [13, 0, 0],
			"color": 0,
			"children": [17, 18, 19, 20]
		}
	]
}