{
	"format_version": "1.21.6",
	"credit": "Created By Resurce Maker [ M4try45 ]",
	"parent": "block/block",
	"textures": {
		"0": "block/cherry_leaves",
		"particle": "block/cherry_leaves"
	},
	"elements": [
		{
			"name": "Element",
			"from": [0, 0, 0],
			"to": [16, 16, 16],
			"faces": {
				"north": {"uv": [0, 0, 16, 16], "texture": "#0", "cullface": "north"},
				"east": {"uv": [0, 0, 16, 16], "texture": "#0", "cullface": "east"},
				"south": {"uv": [0, 0, 16, 16], "texture": "#0", "cullface": "south"},
				"west": {"uv": [0, 0, 16, 16], "texture": "#0", "cullface": "west"},
				"up": {"uv": [0, 0, 16, 16], "texture": "#0", "cullface": "up"},
				"down": {"uv": [16, 16, 0, 0], "texture": "#0", "cullface": "down"}
			}
		},
		{
			"name": "bushy_top2",
			"from": [14.1259, -3, -4.3125],
			"to": [14.1259, 19, 17.6875],
			"shade": false,
			"rotation": {"angle": 22.5, "axis": "y", "origin": [14, -10, 22.5]},
			"faces": {
				"east": {"uv": [0, 0, 16, 16], "texture": "#0"},
				"west": {"uv": [0, 0, 16, 16], "texture": "#0"}
			}
		},
		{
			"name": "Element",
			"from": [13.8135, -3, -1.875],
			"to": [13.8135, 19, 20.125],
			"shade": false,
			"rotation": {"angle": -22.5, "axis": "y", "origin": [13.9375, -10, -6.6875]},
			"faces": {
				"east": {"uv": [0, 0, 16, 16], "texture": "#0"},
				"west": {"uv": [0, 0, 16, 16], "texture": "#0"}
			}
		},
		{
			"name": "Element",
			"from": [-2.1875, -3, 2.126],
			"to": [19.8125, 19, 2.126],
			"shade": false,
			"rotation": {"angle": -22.5, "axis": "y", "origin": [-7, -10, 2]},
			"faces": {
				"north": {"uv": [0, 0, 16, 16], "texture": "#0"},
				"south": {"uv": [0, 0, 16, 16], "texture": "#0"}
			}
		},
		{
			"name": "bushy_top1",
			"from": [-1.6876, -3, 13.6258],
			"to": [20.3124, 19, 13.6258],
			"shade": false,
			"rotation": {"angle": 22.5, "axis": "y", "origin": [-6.5, -10, 13.5]},
			"faces": {
				"north": {"uv": [0, 0, 16, 16], "texture": "#0"},
				"south": {"uv": [0, 0, 16, 16], "texture": "#0"}
			}
		}
	],
	"display": {}
}