{"display":{"thirdperson_righthand":{"rotation":[0,-40,0],"scale":[0.4,0.4,0.4]},"thirdperson_lefthand":{"rotation":[0,-40,0],"scale":[0.4,0.4,0.4]},"firstperson_righthand":{"rotation":[0,-24,0],"translation":[-1.5,0,0],"scale":[0.7,0.7,0.7]},"firstperson_lefthand":{"rotation":[0,-24,0],"translation":[-1.5,0,0],"scale":[0.7,0.7,0.7]},"ground":{"translation":[0,0.5,0],"scale":[0.5,0.5,0.5]},"gui":{"rotation":[40,45,0],"translation":[0,-0.75,0],"scale":[0.55,0.55,0.55]},"head":{"translation":[0,11.25,0],"scale":[0.9,0.9,0.9]},"fixed":{"rotation":[-90,0,0],"translation":[0,0,-15.25],"scale":[1.9,1.9,1.9]}},"textures":{"0":"block/cone/roadsign/roadsign","1":"block/cone/roadsign/light","2":"block/stone_custom","particle":"block/cone/roadsign/roadsign"},"elements":[{"from":[0,10,-1],"to":[16,14,0],"rotation":{"angle":22.5,"axis":"x","origin":[-3,0,0]},"faces":{"north":{"uv":[6.25,5.75,10.25,6.75],"texture":"#0"},"east":{"uv":[4.25,7,4.5,8],"texture":"#0"},"south":{"uv":[0.25,6.75,4.25,7.75],"texture":"#0"},"west":{"uv":[4.5,7,4.75,8],"texture":"#0"},"up":{"uv":[10,0.25,6,0],"texture":"#0"},"down":{"uv":[8.25,6.75,4.25,7],"texture":"#0"}}},{"from":[0,15,-1],"to":[16,19,0],"rotation":{"angle":22.5,"axis":"x","origin":[-3,0,0]},"faces":{"north":{"uv":[4.25,4.25,8.25,5.25],"texture":"#0"},"east":{"uv":[4,5.75,4.25,6.75],"texture":"#0"},"south":{"uv":[0,5.25,4,6.25],"texture":"#0"},"west":{"uv":[4.25,5.75,4.5,6.75],"texture":"#0"},"up":{"uv":[8,5.5,4,5.25],"texture":"#0"},"down":{"uv":[8,5.5,4,5.75],"texture":"#0"}}},{"from":[16,15,-1],"to":[17,19,0],"rotation":{"angle":22.5,"axis":"x","origin":[-3,0,0]},"faces":{"north":{"uv":[4.5,5.75,4.75,6.75],"texture":"#0"},"east":{"uv":[4.75,5.75,5,6.75],"texture":"#0"},"south":{"uv":[5,5.75,5.25,6.75],"texture":"#0"},"west":{"uv":[5.25,5.75,5.5,6.75],"texture":"#0"},"up":{"uv":[3.75,4.75,3.5,4.5],"texture":"#0"},"down":{"uv":[4,4.5,3.75,4.75],"texture":"#0"}}},{"from":[16,10,-1],"to":[17,14,0],"rotation":{"angle":22.5,"axis":"x","origin":[-3,0,0]},"faces":{"north":{"uv":[4.75,7,5,8],"texture":"#0"},"east":{"uv":[5,7,5.25,8],"texture":"#0"},"south":{"uv":[5.25,7,5.5,8],"texture":"#0"},"west":{"uv":[5.5,7,5.75,8],"texture":"#0"},"up":{"uv":[4.25,5,4,4.75],"texture":"#0"},"down":{"uv":[3.75,5,3.5,5.25],"texture":"#0"}}},{"from":[-1,10,-1],"to":[0,14,0],"rotation":{"angle":22.5,"axis":"x","origin":[-3,0,0]},"faces":{"north":{"uv":[5.75,7,6,8],"texture":"#0"},"east":{"uv":[6,7,6.25,8],"texture":"#0"},"south":{"uv":[6.25,7,6.5,8],"texture":"#0"},"west":{"uv":[6.5,7,6.75,8],"texture":"#0"},"up":{"uv":[4,5.25,3.75,5],"texture":"#0"},"down":{"uv":[4.25,5,4,5.25],"texture":"#0"}}},{"from":[-1,15,-1],"to":[0,19,0],"rotation":{"angle":22.5,"axis":"x","origin":[-3,0,0]},"faces":{"north":{"uv":[5.5,5.75,5.75,6.75],"texture":"#0"},"east":{"uv":[5.75,5.75,6,6.75],"texture":"#0"},"south":{"uv":[6,5.75,6.25,6.75],"texture":"#0"},"west":{"uv":[0,6.25,0.25,7.25],"texture":"#0"},"up":{"uv":[3.75,5,3.5,4.75],"texture":"#0"},"down":{"uv":[4,4.75,3.75,5],"texture":"#0"}}},{"from":[0,3,1.1],"to":[16,6,1.1],"rotation":{"angle":22.5,"axis":"x","origin":[-3,0,0]},"faces":{"north":{"uv":[6.75,7,10.75,7.75],"texture":"#0"},"east":{"uv":[0,0,0,0.75],"texture":"#0"},"south":{"uv":[7.25,0.25,11.25,1],"texture":"#0"},"west":{"uv":[0,0,0,0.75],"texture":"#0"},"up":{"uv":[4,0,0,0],"texture":"#0"},"down":{"uv":[4,0,0,0],"texture":"#0"}}},{"from":[-1,3,1.1],"to":[0,6,1.1],"rotation":{"angle":22.5,"axis":"x","origin":[-3,0,0]},"faces":{"north":{"uv":[7.5,1,7.75,1.75],"texture":"#0"},"east":{"uv":[0,0,0,0.75],"texture":"#0"},"south":{"uv":[0.25,7.75,0.5,8.5],"texture":"#0"},"west":{"uv":[0,0,0,0.75],"texture":"#0"},"up":{"uv":[0.25,0,0,0],"texture":"#0"},"down":{"uv":[0.25,0,0,0],"texture":"#0"}}},{"from":[16,3,1.1],"to":[17,6,1.1],"rotation":{"angle":22.5,"axis":"x","origin":[-3,0,0]},"faces":{"north":{"uv":[0,7.25,0.25,8],"texture":"#0"},"east":{"uv":[0,0,0,0.75],"texture":"#0"},"south":{"uv":[7.25,1,7.5,1.75],"texture":"#0"},"west":{"uv":[0,0,0,0.75],"texture":"#0"},"up":{"uv":[0.25,0,0,0],"texture":"#0"},"down":{"uv":[0.25,0,0,0],"texture":"#0"}}},{"from":[15,0,0],"to":[16,20,1],"rotation":{"angle":22.5,"axis":"x","origin":[-5,0,0]},"faces":{"north":{"uv":[1.5,7.75,1.75,12.75],"texture":"#0"},"east":{"uv":[1.75,7.75,2,12.75],"texture":"#0"},"south":{"uv":[2,7.75,2.25,12.75],"texture":"#0"},"west":{"uv":[2.25,7.75,2.5,12.75],"texture":"#0"},"up":{"uv":[0.5,6.5,0.25,6.25],"texture":"#0"},"down":{"uv":[0.75,6.25,0.5,6.5],"texture":"#0"}}},{"from":[0,0,0],"to":[1,20,1],"rotation":{"angle":22.5,"axis":"x","origin":[0,0,0]},"faces":{"north":{"uv":[3.5,7.75,3.75,12.75],"texture":"#0"},"east":{"uv":[3.75,7.75,4,12.75],"texture":"#0"},"south":{"uv":[4,7.75,4.25,12.75],"texture":"#0"},"west":{"uv":[0,8,0.25,13],"texture":"#0"},"up":{"uv":[1.5,6.5,1.25,6.25],"texture":"#0"},"down":{"uv":[1.75,6.25,1.5,6.5],"texture":"#0"}}},{"from":[-1,14.49512,11.37704],"to":[0,18.49512,12.37704],"rotation":{"angle":-22.5,"axis":"x","origin":[7,11,12]},"faces":{"north":{"uv":[2.5,4.25,2.75,5.25],"texture":"#0"},"east":{"uv":[2.75,4.25,3,5.25],"texture":"#0"},"south":{"uv":[3,4.25,3.25,5.25],"texture":"#0"},"west":{"uv":[3.25,4.25,3.5,5.25],"texture":"#0"},"up":{"uv":[3.75,4.5,3.5,4.25],"texture":"#0"},"down":{"uv":[4,4.25,3.75,4.5],"texture":"#0"}}},{"from":[-1,9.49512,11.37704],"to":[0,13.49512,12.37704],"rotation":{"angle":-22.5,"axis":"x","origin":[7,11,12]},"faces":{"north":{"uv":[0,4.25,0.25,5.25],"texture":"#0"},"east":{"uv":[0.25,4.25,0.5,5.25],"texture":"#0"},"south":{"uv":[0.5,4.25,0.75,5.25],"texture":"#0"},"west":{"uv":[0.75,4.25,1,5.25],"texture":"#0"},"up":{"uv":[3.75,3,3.5,2.75],"texture":"#0"},"down":{"uv":[3.75,3,3.5,3.25],"texture":"#0"}}},{"from":[16,9.49512,11.37704],"to":[17,13.49512,12.37704],"rotation":{"angle":-22.5,"axis":"x","origin":[7,11,12]},"faces":{"north":{"uv":[3.75,1.75,4,2.75],"texture":"#0"},"east":{"uv":[4,1.75,4.25,2.75],"texture":"#0"},"south":{"uv":[4,2.75,4.25,3.75],"texture":"#0"},"west":{"uv":[4,3.75,4.25,4.75],"texture":"#0"},"up":{"uv":[3.5,3,3.25,2.75],"texture":"#0"},"down":{"uv":[3.5,3,3.25,3.25],"texture":"#0"}}},{"from":[16,14.49512,11.37704],"to":[17,18.49512,12.37704],"rotation":{"angle":-22.5,"axis":"x","origin":[7,11,12]},"faces":{"north":{"uv":[1.5,4.25,1.75,5.25],"texture":"#0"},"east":{"uv":[1.75,4.25,2,5.25],"texture":"#0"},"south":{"uv":[2,4.25,2.25,5.25],"texture":"#0"},"west":{"uv":[2.25,4.25,2.5,5.25],"texture":"#0"},"up":{"uv":[4,3,3.75,2.75],"texture":"#0"},"down":{"uv":[4,3,3.75,3.25],"texture":"#0"}}},{"from":[0,9.49512,11.37704],"to":[16,13.49512,12.37704],"rotation":{"angle":-22.5,"axis":"x","origin":[7,11,12]},"faces":{"north":{"uv":[0,3.25,4,4.25],"texture":"#0"},"east":{"uv":[3.25,1.75,3.5,2.75],"texture":"#0"},"south":{"uv":[3.25,0.25,7.25,1.25],"texture":"#0"},"west":{"uv":[3.5,1.75,3.75,2.75],"texture":"#0"},"up":{"uv":[7.25,1.5,3.25,1.25],"texture":"#0"},"down":{"uv":[7.25,1.5,3.25,1.75],"texture":"#0"}}},{"from":[0,14.49512,11.37704],"to":[16,18.49512,12.37704],"rotation":{"angle":-22.5,"axis":"x","origin":[7,11,12]},"faces":{"north":{"uv":[4.25,1.75,8.25,2.75],"texture":"#0"},"east":{"uv":[1,4.25,1.25,5.25],"texture":"#0"},"south":{"uv":[4.25,2.75,8.25,3.75],"texture":"#0"},"west":{"uv":[1.25,4.25,1.5,5.25],"texture":"#0"},"up":{"uv":[8.25,4,4.25,3.75],"texture":"#0"},"down":{"uv":[8.25,4,4.25,4.25],"texture":"#0"}}},{"from":[0,2.49512,10.27704],"to":[16,5.49512,10.27704],"rotation":{"angle":-22.5,"axis":"x","origin":[8,11,12]},"faces":{"north":{"uv":[7.75,1,11.75,1.75],"texture":"#0"},"east":{"uv":[0,0,0,0.75],"texture":"#0"},"south":{"uv":[6.75,7.75,10.75,8.5],"texture":"#0"},"west":{"uv":[0,0,0,0.75],"texture":"#0"},"up":{"uv":[4,0,0,0],"texture":"#0"},"down":{"uv":[4,0,0,0],"texture":"#0"}}},{"from":[16,2.49512,10.27704],"to":[17,5.49512,10.27704],"rotation":{"angle":-22.5,"axis":"x","origin":[8,11,12]},"faces":{"north":{"uv":[1,7.75,1.25,8.5],"texture":"#0"},"east":{"uv":[0,0,0,0.75],"texture":"#0"},"south":{"uv":[1.25,7.75,1.5,8.5],"texture":"#0"},"west":{"uv":[0,0,0,0.75],"texture":"#0"},"up":{"uv":[0.25,0,0,0],"texture":"#0"},"down":{"uv":[0.25,0,0,0],"texture":"#0"}}},{"from":[-1,2.49512,10.27704],"to":[0,5.49512,10.27704],"rotation":{"angle":-22.5,"axis":"x","origin":[8,11,12]},"faces":{"north":{"uv":[0.5,7.75,0.75,8.5],"texture":"#0"},"east":{"uv":[0,0,0,0.75],"texture":"#0"},"south":{"uv":[0.75,7.75,1,8.5],"texture":"#0"},"west":{"uv":[0,0,0,0.75],"texture":"#0"},"up":{"uv":[0.25,0,0,0],"texture":"#0"},"down":{"uv":[0.25,0,0,0],"texture":"#0"}}},{"from":[1,-0.50488,10.37704],"to":[2,19.49512,11.37704],"rotation":{"angle":-22.5,"axis":"x","origin":[10,11,12]},"faces":{"north":{"uv":[4.25,8,4.5,13],"texture":"#0"},"east":{"uv":[4.5,8,4.75,13],"texture":"#0"},"south":{"uv":[4.75,8,5,13],"texture":"#0"},"west":{"uv":[5,8,5.25,13],"texture":"#0"},"up":{"uv":[2,6.5,1.75,6.25],"texture":"#0"},"down":{"uv":[2.25,6.25,2,6.5],"texture":"#0"}}},{"from":[14,-0.50488,10.37704],"to":[15,19.49512,11.37704],"rotation":{"angle":-22.5,"axis":"x","origin":[5,11,12]},"faces":{"north":{"uv":[2.5,7.75,2.75,12.75],"texture":"#0"},"east":{"uv":[2.75,7.75,3,12.75],"texture":"#0"},"south":{"uv":[3,7.75,3.25,12.75],"texture":"#0"},"west":{"uv":[3.25,7.75,3.5,12.75],"texture":"#0"},"up":{"uv":[1,6.5,0.75,6.25],"texture":"#0"},"down":{"uv":[1.25,6.25,1,6.5],"texture":"#0"}}},{"from":[16,17.5,7.5],"to":[16.5,19,8],"faces":{"north":{"uv":[6.75,9.25,6.875,9.625],"texture":"#0"},"east":{"uv":[7.25,9.25,7.375,9.625],"texture":"#0"},"south":{"uv":[7.5,9.25,7.625,9.625],"texture":"#0"},"west":{"uv":[7.75,9.25,7.875,9.625],"texture":"#0"},"up":{"uv":[8.125,9.375,8,9.25],"texture":"#0"},"down":{"uv":[0.375,9.5,0.25,9.625],"texture":"#0"}}},{"from":[13.5,17.5,7.5],"to":[14,19,8],"faces":{"north":{"uv":[1.25,9.25,1.375,9.625],"texture":"#0"},"east":{"uv":[5.75,9.25,5.875,9.625],"texture":"#0"},"south":{"uv":[6,9.25,6.125,9.625],"texture":"#0"},"west":{"uv":[6.25,9.25,6.375,9.625],"texture":"#0"},"up":{"uv":[9.375,4.875,9.25,4.75],"texture":"#0"},"down":{"uv":[6.625,9.25,6.5,9.375],"texture":"#0"}}},{"from":[13.5,19,7.5],"to":[16.5,19.5,8],"faces":{"north":{"uv":[9.5,4.75,10.25,4.875],"texture":"#0"},"east":{"uv":[0.5,9.5,0.625,9.625],"texture":"#0"},"south":{"uv":[8,9.5,8.75,9.625],"texture":"#0"},"west":{"uv":[0.75,9.5,0.875,9.625],"texture":"#0"},"up":{"uv":[9.5,9.625,8.75,9.5],"texture":"#0"},"down":{"uv":[10.25,9.5,9.5,9.625],"texture":"#0"}}},{"from":[14.75,19.5,7.5],"to":[15.25,20.5,8],"faces":{"north":{"uv":[5.25,9.5,5.375,9.75],"texture":"#0"},"east":{"uv":[5.5,9.5,5.625,9.75],"texture":"#0"},"south":{"uv":[6.5,9.5,6.625,9.75],"texture":"#0"},"west":{"uv":[7,9.5,7.125,9.75],"texture":"#0"},"up":{"uv":[0.375,9.875,0.25,9.75],"texture":"#0"},"down":{"uv":[0.625,9.75,0.5,9.875],"texture":"#0"}}},{"from":[13,20.5,7.25],"to":[17,21,8.25],"faces":{"north":{"uv":[6.25,9.75,7.25,9.875],"texture":"#0"},"east":{"uv":[0.75,9.75,1,9.875],"texture":"#0"},"south":{"uv":[7.25,9.75,8.25,9.875],"texture":"#0"},"west":{"uv":[1,9.75,1.25,9.875],"texture":"#0"},"up":{"uv":[10.75,5.25,9.75,5],"texture":"#0"},"down":{"uv":[6.25,9.75,5.25,10],"texture":"#0"}}},{"from":[13,21,7.25],"to":[13.5,23,8.25],"faces":{"north":{"uv":[8.5,9.75,8.625,10.25],"texture":"#0"},"east":{"uv":[1.25,9.75,1.5,10.25],"texture":"#0"},"south":{"uv":[9.75,8.5,9.875,9],"texture":"#0"},"west":{"uv":[8.25,9.75,8.5,10.25],"texture":"#0"},"up":{"uv":[8.875,10,8.75,9.75],"texture":"#0"},"down":{"uv":[9.125,9.75,9,10],"texture":"#0"}}},{"from":[13,23,7.25],"to":[17,23.5,8.25],"faces":{"north":{"uv":[6.25,10,7.25,10.125],"texture":"#0"},"east":{"uv":[0.5,10,0.75,10.125],"texture":"#0"},"south":{"uv":[10,6.75,11,6.875],"texture":"#0"},"west":{"uv":[0.75,10,1,10.125],"texture":"#0"},"up":{"uv":[6.25,10.25,5.25,10],"texture":"#0"},"down":{"uv":[11,5.5,10,5.75],"texture":"#0"}}},{"from":[13.5,21,7.5],"to":[16.5,23,8],"faces":{"north":{"uv":[7.25,10,8,10.5],"texture":"#0"},"east":{"uv":[1,10,1.125,10.5],"texture":"#0"},"south":{"uv":[10,8.5,10.75,9],"texture":"#0"},"west":{"uv":[8,10,8.125,10.5],"texture":"#0"},"up":{"uv":[10.75,9.125,10,9],"texture":"#0"},"down":{"uv":[10.75,9.25,10,9.375],"texture":"#0"}}},{"from":[16.5,21,7.25],"to":[17,23,8.25],"faces":{"north":{"uv":[9.5,9.75,9.625,10.25],"texture":"#0"},"east":{"uv":[9.75,9,10,9.5],"texture":"#0"},"south":{"uv":[9.75,9.75,9.875,10.25],"texture":"#0"},"west":{"uv":[9.25,9.75,9.5,10.25],"texture":"#0"},"up":{"uv":[10.125,0.25,10,0],"texture":"#0"},"down":{"uv":[0.375,10,0.25,10.25],"texture":"#0"}}},{"from":[2,17.5,7.5],"to":[2.5,19,8],"faces":{"north":{"uv":[6,8,6.125,8.375],"texture":"#0"},"east":{"uv":[6.25,8,6.375,8.375],"texture":"#0"},"south":{"uv":[6.5,8,6.625,8.375],"texture":"#0"},"west":{"uv":[8.25,4.75,8.375,5.125],"texture":"#0"},"up":{"uv":[2.875,6.375,2.75,6.25],"texture":"#0"},"down":{"uv":[3.125,6.25,3,6.375],"texture":"#0"}}},{"from":[-0.5,17.5,7.5],"to":[0,19,8],"faces":{"north":{"uv":[3.25,6.25,3.375,6.75],"texture":"#0"},"east":{"uv":[3.5,6.25,3.625,6.75],"texture":"#0"},"south":{"uv":[3.75,6.25,3.875,6.75],"texture":"#0"},"west":{"uv":[5.75,8,5.875,8.5],"texture":"#0"},"up":{"uv":[2.375,6.375,2.25,6.25],"texture":"#0"},"down":{"uv":[2.625,6.25,2.5,6.375],"texture":"#0"}}},{"from":[-0.5,19,7.5],"to":[2.5,19.5,8],"faces":{"north":{"uv":[8,5.5,8.75,5.625],"texture":"#0"},"east":{"uv":[1,8.5,1.125,8.625],"texture":"#0"},"south":{"uv":[8.25,6.75,9,6.875],"texture":"#0"},"west":{"uv":[1.25,8.5,1.375,8.625],"texture":"#0"},"up":{"uv":[1,8.625,0.25,8.5],"texture":"#0"},"down":{"uv":[9.25,4.75,8.5,4.875],"texture":"#0"}}},{"from":[0.75,19.5,7.5],"to":[1.25,20.5,8],"faces":{"north":{"uv":[8.5,5,8.625,5.25],"texture":"#0"},"east":{"uv":[5.75,8.5,5.875,8.75],"texture":"#0"},"south":{"uv":[6,8.5,6.125,8.75],"texture":"#0"},"west":{"uv":[6.25,8.5,6.375,8.75],"texture":"#0"},"up":{"uv":[6.625,8.625,6.5,8.5],"texture":"#0"},"down":{"uv":[6.875,8.5,6.75,8.625],"texture":"#0"}}},{"from":[-1,20.5,7.25],"to":[3,21,8.25],"faces":{"north":{"uv":[0.25,8.75,1.25,8.875],"texture":"#0"},"east":{"uv":[1.25,8.75,1.5,8.875],"texture":"#0"},"south":{"uv":[8.75,5,9.75,5.125],"texture":"#0"},"west":{"uv":[8.75,5.5,9,5.625],"texture":"#0"},"up":{"uv":[8,8.75,7,8.5],"texture":"#0"},"down":{"uv":[9,8.5,8,8.75],"texture":"#0"}}},{"from":[-1,21,7.25],"to":[-0.5,23,8.25],"faces":{"north":{"uv":[6.25,8.75,6.375,9.25],"texture":"#0"},"east":{"uv":[5.75,8.75,6,9.25],"texture":"#0"},"south":{"uv":[6.5,8.75,6.625,9.25],"texture":"#0"},"west":{"uv":[6,8.75,6.25,9.25],"texture":"#0"},"up":{"uv":[6.875,9,6.75,8.75],"texture":"#0"},"down":{"uv":[7.125,8.75,7,9],"texture":"#0"}}},{"from":[-1,23,7.25],"to":[3,23.5,8.25],"faces":{"north":{"uv":[9,5.5,10,5.625],"texture":"#0"},"east":{"uv":[1.25,9,1.5,9.125],"texture":"#0"},"south":{"uv":[9,6.75,10,6.875],"texture":"#0"},"west":{"uv":[6.75,9,7,9.125],"texture":"#0"},"up":{"uv":[9.75,9,8.75,8.75],"texture":"#0"},"down":{"uv":[1.25,9,0.25,9.25],"texture":"#0"}}},{"from":[-0.5,21,7.5],"to":[2.5,23,8],"faces":{"north":{"uv":[8.25,9,9,9.5],"texture":"#0"},"east":{"uv":[7,9,7.125,9.5],"texture":"#0"},"south":{"uv":[9,9,9.75,9.5],"texture":"#0"},"west":{"uv":[1,9.25,1.125,9.75],"texture":"#0"},"up":{"uv":[9.75,8.625,9,8.5],"texture":"#0"},"down":{"uv":[1,9.25,0.25,9.375],"texture":"#0"}}},{"from":[2.5,21,7.25],"to":[3,23,8.25],"faces":{"north":{"uv":[7.75,8.75,7.875,9.25],"texture":"#0"},"east":{"uv":[7.25,8.75,7.5,9.25],"texture":"#0"},"south":{"uv":[8,8.75,8.125,9.25],"texture":"#0"},"west":{"uv":[7.5,8.75,7.75,9.25],"texture":"#0"},"up":{"uv":[8.375,9,8.25,8.75],"texture":"#0"},"down":{"uv":[8.625,8.75,8.5,9],"texture":"#0"}}},{"from":[2,12.15848,3.95325],"to":[14,18.15848,4.20325],"rotation":{"angle":22.5,"axis":"x","origin":[15,13.15848,2.20325]},"faces":{"north":{"uv":[8.25,1.75,11.25,3.25],"texture":"#0"},"east":{"uv":[5.25,8,5.375,9.5],"texture":"#0"},"south":{"uv":[8.25,3.25,11.25,4.75],"texture":"#0"},"west":{"uv":[5.5,8,5.625,9.5],"texture":"#0"},"up":{"uv":[3.25,6.625,0.25,6.5],"texture":"#0"},"down":{"uv":[11,5.25,8,5.375],"texture":"#0"}}},{"from":[2,11.5256,11.77618],"to":[14,17.5256,12.02618],"rotation":{"angle":-22.5,"axis":"x","origin":[0,12.5256,11.77618]},"faces":{"north":{"uv":[0,0,3,1.5],"texture":"#0"},"east":{"uv":[3,0.25,3.125,1.75],"texture":"#0"},"south":{"uv":[0,1.5,3,3],"texture":"#0"},"west":{"uv":[3,1.75,3.125,3.25],"texture":"#0"},"up":{"uv":[3,3.125,0,3],"texture":"#0"},"down":{"uv":[6,0,3,0.125],"texture":"#0"}}},{"from":[-0.5,21,7.4],"to":[2.5,23,8.1],"faces":{"north":{"uv":[0,2,3,4],"texture":"#1"},"east":{"uv":[0,2,0,4],"texture":"#1"},"south":{"uv":[3,2,6,4],"texture":"#1"},"west":{"uv":[3,2,3,4],"texture":"#1"},"up":{"uv":[3,2,0,2],"texture":"#1"},"down":{"uv":[6,2,3,2],"texture":"#1"}}},{"from":[13.5,21,7.4],"to":[16.5,23,8.1],"faces":{"north":{"uv":[0,0,3,2],"texture":"#1"},"east":{"uv":[0,0,0,2],"texture":"#1"},"south":{"uv":[3,0,6,2],"texture":"#1"},"west":{"uv":[3,0,3,2],"texture":"#1"},"up":{"uv":[3,0,0,0],"texture":"#1"},"down":{"uv":[6,0,3,0],"texture":"#1"}}},{"from":[0,0,0],"to":[16,0,16],"faces":{"north":{"uv":[0,0,16,16],"texture":"#2"},"east":{"uv":[0,0,16,16],"texture":"#2"},"south":{"uv":[0,0,16,16],"texture":"#2"},"west":{"uv":[0,0,16,16],"texture":"#2"},"up":{"uv":[0,0,16,16],"texture":"#2"},"down":{"uv":[0,0,16,16],"texture":"#2"}}}]}