{
	"credit": "Made with Blockbench",
	"texture_size": [64, 32],
	"textures": {
		"0": "block/post_box",
		"particle": "block/post_box"
	},
	"elements": [
		{
			"from": [4, 0, 4],
			"to": [12, 2, 12],
			"faces": {
				"north": {"uv": [10.5, 4.5, 12.5, 5.5], "texture": "#0"},
				"east": {"uv": [11, 4.5, 13, 5.5], "texture": "#0"},
				"south": {"uv": [11.75, 4.5, 13.75, 5.5], "texture": "#0"},
				"west": {"uv": [12.5, 4.5, 14.5, 5.5], "texture": "#0"},
				"up": {"uv": [12.5, 0, 14.5, 4], "texture": "#0"},
				"down": {"uv": [12.5, 0, 14.5, 4], "texture": "#0"}
			}
		},
		{
			"from": [0, 0, 0],
			"to": [16, 0, 16],
			"rotation": {"angle": 0, "axis": "y", "origin": [-4, 0, -4]},
			"faces": {
				"north": {"uv": [10.5, 4.5, 12.5, 5.5], "texture": "#0"},
				"east": {"uv": [11, 4.5, 13, 5.5], "texture": "#0"},
				"south": {"uv": [11.75, 4.5, 13.75, 5.5], "texture": "#0"},
				"west": {"uv": [12.5, 4.5, 14.5, 5.5], "texture": "#0"},
				"up": {"uv": [12.5, 0, 14.5, 4], "texture": "#0"},
				"down": {"uv": [12.5, 0, 14.5, 4], "texture": "#0"}
			}
		},
		{
			"from": [4, 6, 4],
			"to": [12, 8, 12],
			"rotation": {"angle": 0, "axis": "y", "origin": [0, 6, 0]},
			"faces": {
				"north": {"uv": [10.5, 5.5, 12.5, 6.5], "texture": "#0"},
				"east": {"uv": [11, 5.5, 13, 6.5], "texture": "#0"},
				"south": {"uv": [12.25, 5.5, 14.25, 6.5], "texture": "#0"},
				"west": {"uv": [12.5, 5.5, 14.5, 6.5], "texture": "#0"},
				"down": {"uv": [4.25, 1, 6.25, 5], "texture": "#0"}
			}
		},
		{
			"from": [5, 2, 5],
			"to": [11, 7, 11],
			"rotation": {"angle": 0, "axis": "y", "origin": [0, 3, 0]},
			"faces": {
				"north": {"uv": [10.5, 1, 12, 3.5], "texture": "#0"},
				"east": {"uv": [10.5, 1, 12, 3.5], "texture": "#0"},
				"south": {"uv": [10.5, 1, 12, 3.5], "texture": "#0"},
				"west": {"uv": [10.5, 1, 12, 3.5], "texture": "#0"}
			}
		},
		{
			"from": [0.99, 19, 2],
			"to": [15.01, 23.24264, 3],
			"rotation": {"angle": 45, "axis": "x", "origin": [2, 19, 2]},
			"faces": {
				"north": {"uv": [7, 0, 10.5, 2], "rotation": 180, "texture": "#0"},
				"east": {"uv": [10.25, 0, 10.5, 2], "rotation": 180, "texture": "#0"},
				"west": {"uv": [7, 0, 7.25, 2], "rotation": 180, "texture": "#0"}
			}
		},
		{
			"from": [13, 19, 13],
			"to": [15.01, 23.24264, 14],
			"rotation": {"angle": -45, "axis": "x", "origin": [2, 19, 14]},
			"faces": {
				"east": {"uv": [10.25, 2, 10.5, 4], "texture": "#0"},
				"south": {"uv": [10, 2, 10.5, 4], "texture": "#0"}
			}
		},
		{
			"from": [0.99, 19, 13],
			"to": [3, 23.24264, 14],
			"rotation": {"angle": -45, "axis": "x", "origin": [2, 19, 14]},
			"faces": {
				"south": {"uv": [7, 2, 7.5, 4], "texture": "#0"},
				"west": {"uv": [7, 2, 7.25, 4], "texture": "#0"}
			}
		},
		{
			"from": [2.99, 16, 13],
			"to": [13.01, 20.24264, 14],
			"rotation": {"angle": -45, "axis": "x", "origin": [2, 16, 14]},
			"faces": {
				"south": {"uv": [7.5, 4, 10, 6], "texture": "#0"}
			}
		},
		{
			"from": [1, 8, 12],
			"to": [15, 16, 14],
			"rotation": {"angle": 0, "axis": "y", "origin": [0, 3, 15]},
			"faces": {
				"east": {"uv": [3.5, 9, 4, 13], "texture": "#0"},
				"south": {"uv": [6.5, 9, 10, 13], "texture": "#0"},
				"west": {"uv": [6, 9, 6.5, 13], "texture": "#0"},
				"down": {"uv": [7, 0, 3.5, 1], "texture": "#0"}
			}
		},
		{
			"from": [1, 16, 12],
			"to": [3, 19, 14],
			"rotation": {"angle": 0, "axis": "y", "origin": [0, 6, 15]},
			"faces": {
				"south": {"uv": [6.5, 9, 7, 10.5], "texture": "#0"},
				"west": {"uv": [6, 7.5, 6.5, 9], "texture": "#0"}
			}
		},
		{
			"from": [13, 16, 12],
			"to": [15, 19, 14],
			"rotation": {"angle": 0, "axis": "y", "origin": [12, 6, 15]},
			"faces": {
				"east": {"uv": [3.5, 7.5, 4, 9], "texture": "#0"},
				"south": {"uv": [6.5, 9, 7, 10.5], "texture": "#0"}
			}
		},
		{
			"from": [1, 8, 2],
			"to": [15, 19, 12],
			"rotation": {"angle": 0, "axis": "y", "origin": [0, 3, 5]},
			"faces": {
				"north": {"uv": [0, 7.5, 3.5, 13], "texture": "#0"},
				"east": {"uv": [4, 7.5, 6.5, 13], "texture": "#0"},
				"west": {"uv": [3.5, 7.5, 6, 13], "texture": "#0"},
				"down": {"uv": [7, 1, 3.5, 6], "texture": "#0"}
			}
		},
		{
			"from": [1, 20, 4],
			"to": [15, 21, 12],
			"rotation": {"angle": 0, "axis": "y", "origin": [10, 3, 15]},
			"faces": {
				"east": {"uv": [4, 6.5, 6, 7], "texture": "#0"},
				"west": {"uv": [4, 6.5, 6, 7], "texture": "#0"}
			}
		},
		{
			"from": [1, 19, 3],
			"to": [15, 20, 13],
			"rotation": {"angle": 0, "axis": "y", "origin": [10, 2, 15]},
			"faces": {
				"east": {"uv": [3.75, 7, 6.25, 7.5], "texture": "#0"},
				"west": {"uv": [3.75, 7, 6.25, 7.5], "texture": "#0"}
			}
		},
		{
			"from": [3, 19, 11],
			"to": [13, 22, 14],
			"faces": {
				"east": {"uv": [12.5, 6.5, 13.25, 8], "texture": "#0"},
				"west": {"uv": [13.25, 6.5, 12.5, 8], "texture": "#0"},
				"up": {"uv": [0.5, 0, 3, 1.5], "rotation": 180, "texture": "#0"}
			}
		},
		{
			"from": [13, 16, 11],
			"to": [3, 22, 14],
			"faces": {
				"north": {"uv": [12.5, 9, 10, 12], "texture": "#0"},
				"east": {"uv": [12.5, 8, 13.25, 11], "texture": "#0"},
				"west": {"uv": [13.25, 8, 12.5, 11], "texture": "#0"},
				"up": {"uv": [12.5, 9, 10, 7.5], "texture": "#0"}
			}
		},
		{
			"from": [1, 21, 5],
			"to": [15, 22, 11],
			"rotation": {"angle": 0, "axis": "y", "origin": [0, 3, 0]},
			"faces": {
				"east": {"uv": [4.25, 6, 5.75, 6.5], "texture": "#0"},
				"west": {"uv": [4.25, 6, 5.75, 6.5], "texture": "#0"},
				"up": {"uv": [3.5, 4.5, 0, 1.5], "texture": "#0", "tintindex": 5}
			}
		}
	],
	"display": {
		"thirdperson_righthand": {
			"rotation": [75, -135, 0],
			"translation": [0, 2.5, 0],
			"scale": [0.375, 0.375, 0.375]
		},
		"thirdperson_lefthand": {
			"rotation": [75, -135, 0],
			"translation": [0, 2.5, 0],
			"scale": [0.375, 0.375, 0.375]
		},
		"firstperson_righthand": {
			"rotation": [0, -135, 0],
			"scale": [0.4, 0.4, 0.4]
		},
		"firstperson_lefthand": {
			"rotation": [0, -135, 0],
			"scale": [0.4, 0.4, 0.4]
		},
		"ground": {
			"rotation": [0, 180, 0],
			"translation": [0, 3, 0],
			"scale": [0.25, 0.25, 0.25]
		},
		"gui": {
			"rotation": [30, -45, 0],
			"translation": [0, -1.85, 0],
			"scale": [0.625, 0.625, 0.625]
		},
		"head": {
			"rotation": [0, 180, 0]
		},
		"fixed": {
			"rotation": [0, 180, 0],
			"scale": [0.5, 0.5, 0.5]
		}
	}
}