{
	"credit": "Made with PeakCraft Studio",
	"texture_size": [32, 32],
	"textures": {
		"0": "block/vending_machine",
		"4": "block/drink_system/lemon_juice",
		"5": "block/glass",
		"6": "block/creadit",
		"7": "block/drink_system/orange_juice",
		"8": "block/drink_system/strawberry_juice",
		"10": "block/drink_system/apple_juice",
		"particle": "block/vending_machine"
	},
	"elements": [
		{
			"from": [-0.5, 0, 12],
			"to": [16.5, 32, 16.1],
			"faces": {
				"north": {"uv": [0, 0, 2, 4], "texture": "#0"},
				"east": {"uv": [7.375, 9, 7.5, 13], "texture": "#0"},
				"south": {"uv": [2, 2, 4, 6], "texture": "#0"},
				"west": {"uv": [7.5, 9, 7.625, 13], "texture": "#0"},
				"up": {"uv": [4, 2, 2, 1.875], "texture": "#0"},
				"down": {"uv": [9.75, 7.375, 7.75, 7.5], "texture": "#0"}
			}
		},
		{
			"from": [-0.5, 6, 0],
			"to": [3.5, 31, 15],
			"rotation": {"angle": 0, "axis": "y", "origin": [8, 8, 7]},
			"faces": {
				"north": {"uv": [1.375, 8, 1.875, 11.125], "texture": "#0"},
				"east": {"uv": [4, 0, 5.875, 3.125], "texture": "#0"},
				"south": {"uv": [1.875, 9.125, 2.375, 12.25], "texture": "#0"},
				"west": {"uv": [5.875, 5.875, 7.75, 9], "texture": "#0"},
				"up": {"uv": [3.75, 7.875, 3.25, 6], "texture": "#0"},
				"down": {"uv": [2.875, 9.125, 2.375, 11], "texture": "#0"}
			}
		},
		{
			"from": [15, 0, 0],
			"to": [16.5, 32, 15],
			"rotation": {"angle": 0, "axis": "y", "origin": [23, 8, 7]},
			"faces": {
				"north": {"uv": [7.625, 9, 7.75, 13], "texture": "#0"},
				"east": {"uv": [0, 4, 1.875, 8], "texture": "#0"},
				"south": {"uv": [2.875, 9.125, 3, 13.125], "texture": "#0"},
				"west": {"uv": [4, 4, 5.875, 8], "texture": "#0"},
				"up": {"uv": [4, 1.875, 3.875, 0], "texture": "#0"},
				"down": {"uv": [2, 4, 1.875, 5.875], "texture": "#0"}
			}
		},
		{
			"from": [-0.5, 0, 0],
			"to": [15.5, 6, 15],
			"rotation": {"angle": 0, "axis": "y", "origin": [9, 8, 8]},
			"faces": {
				"north": {"uv": [4, 3.125, 5.875, 3.875], "texture": "#0"},
				"east": {"uv": [5.875, 5, 7.75, 5.75], "texture": "#0"},
				"south": {"uv": [9.125, 0, 11, 0.75], "texture": "#0"},
				"west": {"uv": [9.125, 0.75, 11, 1.5], "texture": "#0"},
				"up": {"uv": [3.875, 1.875, 2, 0], "texture": "#0"},
				"down": {"uv": [7.75, 3.125, 5.875, 5], "texture": "#0"}
			}
		},
		{
			"from": [-0.5, 31, 0],
			"to": [15.5, 32, 15],
			"rotation": {"angle": 0, "axis": "y", "origin": [9, 39, 8]},
			"faces": {
				"north": {"uv": [4, 3.875, 5.875, 4], "texture": "#0"},
				"east": {"uv": [5.875, 5.75, 7.75, 5.875], "texture": "#0"},
				"south": {"uv": [7.75, 7.5, 9.625, 7.625], "texture": "#0"},
				"west": {"uv": [7.75, 7.625, 9.625, 7.75], "texture": "#0"},
				"up": {"uv": [9.125, 1.875, 7.25, 0], "texture": "#0"},
				"down": {"uv": [9.625, 7.75, 7.75, 9.625], "texture": "#0"}
			}
		},
		{
			"from": [4, 10, 4],
			"to": [15, 11, 15],
			"rotation": {"angle": 0, "axis": "y", "origin": [9, 18, 9]},
			"faces": {
				"north": {"uv": [9.125, 1.5, 10.5, 1.625], "texture": "#0"},
				"east": {"uv": [9.125, 1.625, 10.5, 1.75], "texture": "#0"},
				"south": {"uv": [9.125, 1.75, 10.5, 1.875], "texture": "#0"},
				"west": {"uv": [9.125, 1.875, 10.5, 2], "texture": "#0"},
				"up": {"uv": [9.125, 3.25, 7.75, 1.875], "texture": "#0"},
				"down": {"uv": [9.125, 3.25, 7.75, 4.625], "texture": "#0"}
			}
		},
		{
			"from": [4, 15, 4],
			"to": [15, 16, 15],
			"rotation": {"angle": 0, "axis": "y", "origin": [9, 23, 9]},
			"faces": {
				"north": {"uv": [9.125, 2.5, 10.5, 2.625], "texture": "#0"},
				"east": {"uv": [9.125, 2.625, 10.5, 2.75], "texture": "#0"},
				"south": {"uv": [9.125, 2.75, 10.5, 2.875], "texture": "#0"},
				"west": {"uv": [9.125, 2.875, 10.5, 3], "texture": "#0"},
				"up": {"uv": [1.375, 9.375, 0, 8], "texture": "#0"},
				"down": {"uv": [4.625, 8, 3.25, 9.375], "texture": "#0"}
			}
		},
		{
			"from": [4, 20, 4],
			"to": [15, 21, 15],
			"rotation": {"angle": 0, "axis": "y", "origin": [9, 28, 9]},
			"faces": {
				"north": {"uv": [9.125, 2, 10.5, 2.125], "texture": "#0"},
				"east": {"uv": [9.125, 2.125, 10.5, 2.25], "texture": "#0"},
				"south": {"uv": [9.125, 2.25, 10.5, 2.375], "texture": "#0"},
				"west": {"uv": [9.125, 2.375, 10.5, 2.5], "texture": "#0"},
				"up": {"uv": [9.125, 6, 7.75, 4.625], "texture": "#0"},
				"down": {"uv": [9.125, 6, 7.75, 7.375], "texture": "#0"}
			}
		},
		{
			"from": [4, 25, 4],
			"to": [15, 26, 15],
			"rotation": {"angle": 0, "axis": "y", "origin": [9, 33, 9]},
			"faces": {
				"north": {"uv": [9.125, 3, 10.5, 3.125], "texture": "#0"},
				"east": {"uv": [9.125, 3.125, 10.5, 3.25], "texture": "#0"},
				"south": {"uv": [9.125, 3.25, 10.5, 3.375], "texture": "#0"},
				"west": {"uv": [9.125, 3.375, 10.5, 3.5], "texture": "#0"},
				"up": {"uv": [6, 10.375, 4.625, 9], "texture": "#0"},
				"down": {"uv": [7.375, 9, 6, 10.375], "texture": "#0"}
			}
		},
		{
			"from": [5, 11, 10],
			"to": [7, 14, 12],
			"rotation": {"angle": 0, "axis": "y", "origin": [13, 19, 19]},
			"faces": {
				"north": {"uv": [5, 2, 11, 15], "texture": "#10"},
				"east": {"uv": [5, 2, 11, 15], "texture": "#10"},
				"south": {"uv": [5, 2, 11, 15], "texture": "#10"},
				"west": {"uv": [5, 2, 11, 15], "texture": "#10"},
				"up": {"uv": [5, 1, 11, 2], "texture": "#10"},
				"down": {"uv": [5, 1, 11, 2], "texture": "#10"}
			}
		},
		{
			"from": [5, 16, 10],
			"to": [7, 19, 12],
			"rotation": {"angle": 0, "axis": "y", "origin": [13, 24, 19]},
			"faces": {
				"north": {"uv": [11, 2, 5, 15], "texture": "#7"},
				"east": {"uv": [11, 2, 5, 15], "texture": "#7"},
				"south": {"uv": [11, 2, 5, 15], "texture": "#7"},
				"west": {"uv": [11, 2, 5, 15], "texture": "#7"},
				"up": {"uv": [11, 1, 5, 3], "texture": "#7"},
				"down": {"uv": [11, 14, 5, 16], "texture": "#7"}
			}
		},
		{
			"from": [7, 21, 10],
			"to": [9, 24, 12],
			"rotation": {"angle": 0, "axis": "y", "origin": [15, 29, 19]},
			"faces": {
				"north": {"uv": [5, 2, 11, 15], "texture": "#4"},
				"east": {"uv": [5, 2, 11, 15], "texture": "#4"},
				"south": {"uv": [5, 2, 11, 15], "texture": "#4"},
				"west": {"uv": [5, 2, 11, 15], "texture": "#4"},
				"up": {"uv": [5, 1, 11, 3], "texture": "#4"},
				"down": {"uv": [5, 1, 11, 3], "texture": "#4"}
			}
		},
		{
			"from": [7, 26, 5],
			"to": [9, 29, 7],
			"rotation": {"angle": 0, "axis": "y", "origin": [15, 34, 14]},
			"faces": {
				"north": {"uv": [5, 2, 11, 15], "texture": "#10"},
				"east": {"uv": [5, 2, 11, 15], "texture": "#10"},
				"south": {"uv": [5, 2, 11, 15], "texture": "#10"},
				"west": {"uv": [5, 2, 11, 15], "texture": "#10"},
				"up": {"uv": [5, 1, 11, 2], "texture": "#10"},
				"down": {"uv": [5, 1, 11, 2], "texture": "#10"}
			}
		},
		{
			"from": [11, 11, 10],
			"to": [13, 14, 12],
			"rotation": {"angle": 0, "axis": "y", "origin": [19, 19, 19]},
			"faces": {
				"north": {"uv": [5, 2, 11, 15], "texture": "#8"},
				"east": {"uv": [5, 2, 11, 15], "texture": "#8"},
				"south": {"uv": [5, 2, 11, 15], "texture": "#8"},
				"west": {"uv": [5, 2, 11, 15], "texture": "#8"},
				"up": {"uv": [5, 1, 11, 3], "texture": "#8"},
				"down": {"uv": [5, 2, 11, 4], "texture": "#8"}
			}
		},
		{
			"from": [11, 16, 5],
			"to": [13, 19, 7],
			"rotation": {"angle": 0, "axis": "y", "origin": [19, 24, 14]},
			"faces": {
				"north": {"uv": [5, 2, 11, 15], "texture": "#10"},
				"east": {"uv": [5, 2, 11, 15], "texture": "#10"},
				"south": {"uv": [5, 2, 11, 15], "texture": "#10"},
				"west": {"uv": [5, 2, 11, 15], "texture": "#10"},
				"up": {"uv": [5, 1, 11, 2], "texture": "#10"},
				"down": {"uv": [5, 1, 11, 2], "texture": "#10"}
			}
		},
		{
			"from": [11, 21, 5],
			"to": [13, 24, 7],
			"rotation": {"angle": 0, "axis": "y", "origin": [19, 29, 14]},
			"faces": {
				"north": {"uv": [5, 2, 11, 15], "texture": "#10"},
				"east": {"uv": [5, 2, 11, 15], "texture": "#10"},
				"south": {"uv": [5, 2, 11, 15], "texture": "#10"},
				"west": {"uv": [5, 2, 11, 15], "texture": "#10"},
				"up": {"uv": [5, 1, 11, 2], "texture": "#10"},
				"down": {"uv": [5, 1, 11, 2], "texture": "#10"}
			}
		},
		{
			"from": [9, 26, 6],
			"to": [11, 29, 8],
			"rotation": {"angle": 0, "axis": "y", "origin": [17, 34, 15]},
			"faces": {
				"north": {"uv": [11, 2, 5, 15], "texture": "#7"},
				"east": {"uv": [11, 2, 5, 15], "texture": "#7"},
				"south": {"uv": [11, 2, 5, 15], "texture": "#7"},
				"west": {"uv": [11, 2, 5, 15], "texture": "#7"},
				"up": {"uv": [11, 1, 5, 3], "texture": "#7"},
				"down": {"uv": [11, 14, 5, 16], "texture": "#7"}
			}
		},
		{
			"from": [8, 11, 9],
			"to": [10, 15, 11],
			"rotation": {"angle": 0, "axis": "y", "origin": [16, 19, 18]},
			"faces": {
				"north": {"uv": [5, 2, 11, 15], "texture": "#4"},
				"east": {"uv": [5, 2, 11, 15], "texture": "#4"},
				"south": {"uv": [5, 2, 11, 15], "texture": "#4"},
				"west": {"uv": [5, 2, 11, 15], "texture": "#4"},
				"up": {"uv": [5, 1, 11, 3], "texture": "#4"},
				"down": {"uv": [5, 1, 11, 3], "texture": "#4"}
			}
		},
		{
			"from": [6, 16, 4],
			"to": [8, 20, 6],
			"rotation": {"angle": 0, "axis": "y", "origin": [14, 24, 13]},
			"faces": {
				"north": {"uv": [5, 2, 11, 15], "texture": "#10"},
				"east": {"uv": [5, 2, 11, 15], "texture": "#10"},
				"south": {"uv": [5, 2, 11, 15], "texture": "#10"},
				"west": {"uv": [5, 2, 11, 15], "texture": "#10"},
				"up": {"uv": [5, 1, 11, 2], "texture": "#10"},
				"down": {"uv": [5, 1, 11, 2], "texture": "#10"}
			}
		},
		{
			"from": [5, 21, 6],
			"to": [7, 25, 8],
			"rotation": {"angle": 0, "axis": "y", "origin": [13, 29, 15]},
			"faces": {
				"north": {"uv": [5, 2, 11, 15], "texture": "#4"},
				"east": {"uv": [5, 2, 11, 15], "texture": "#4"},
				"south": {"uv": [5, 2, 11, 15], "texture": "#4"},
				"west": {"uv": [5, 2, 11, 15], "texture": "#4"},
				"up": {"uv": [5, 1, 11, 3], "texture": "#4"},
				"down": {"uv": [5, 1, 11, 3], "texture": "#4"}
			}
		},
		{
			"from": [5, 26, 6],
			"to": [7, 30, 8],
			"rotation": {"angle": 0, "axis": "y", "origin": [13, 34, 15]},
			"faces": {
				"north": {"uv": [5, 2, 11, 15], "texture": "#8"},
				"east": {"uv": [5, 2, 11, 15], "texture": "#8"},
				"south": {"uv": [5, 2, 11, 15], "texture": "#8"},
				"west": {"uv": [5, 2, 11, 15], "texture": "#8"},
				"up": {"uv": [5, 1, 11, 3], "texture": "#8"},
				"down": {"uv": [5, 2, 11, 4], "texture": "#8"}
			}
		},
		{
			"from": [10, 11, 5],
			"to": [12, 15, 7],
			"rotation": {"angle": 0, "axis": "y", "origin": [18, 19, 14]},
			"faces": {
				"north": {"uv": [11, 2, 5, 15], "texture": "#7"},
				"east": {"uv": [11, 2, 5, 15], "texture": "#7"},
				"south": {"uv": [11, 2, 5, 15], "texture": "#7"},
				"west": {"uv": [11, 2, 5, 15], "texture": "#7"},
				"up": {"uv": [11, 1, 5, 3], "texture": "#7"},
				"down": {"uv": [11, 14, 5, 16], "texture": "#7"}
			}
		},
		{
			"from": [8, 16, 5],
			"to": [10, 20, 7],
			"rotation": {"angle": 0, "axis": "y", "origin": [16, 24, 14]},
			"faces": {
				"north": {"uv": [5, 2, 11, 15], "texture": "#8"},
				"east": {"uv": [5, 2, 11, 15], "texture": "#8"},
				"south": {"uv": [5, 2, 11, 15], "texture": "#8"},
				"west": {"uv": [5, 2, 11, 15], "texture": "#8"},
				"up": {"uv": [5, 1, 11, 3], "texture": "#8"},
				"down": {"uv": [5, 2, 11, 4], "texture": "#8"}
			}
		},
		{
			"from": [10, 21, 9],
			"to": [12, 25, 11],
			"rotation": {"angle": 0, "axis": "y", "origin": [18, 29, 18]},
			"faces": {
				"north": {"uv": [5, 2, 11, 15], "texture": "#8"},
				"east": {"uv": [5, 2, 11, 15], "texture": "#8"},
				"south": {"uv": [5, 2, 11, 15], "texture": "#8"},
				"west": {"uv": [5, 2, 11, 15], "texture": "#8"},
				"up": {"uv": [5, 1, 11, 3], "texture": "#8"},
				"down": {"uv": [5, 2, 11, 4], "texture": "#8"}
			}
		},
		{
			"from": [12, 26, 6],
			"to": [14, 30, 8],
			"rotation": {"angle": 0, "axis": "y", "origin": [20, 34, 15]},
			"faces": {
				"north": {"uv": [5, 2, 11, 15], "texture": "#4"},
				"east": {"uv": [5, 2, 11, 15], "texture": "#4"},
				"south": {"uv": [5, 2, 11, 15], "texture": "#4"},
				"west": {"uv": [5, 2, 11, 15], "texture": "#4"},
				"up": {"uv": [5, 1, 11, 3], "texture": "#4"},
				"down": {"uv": [5, 1, 11, 3], "texture": "#4"}
			}
		},
		{
			"from": [3.5, 6, 0],
			"to": [4, 31, 1],
			"faces": {
				"north": {"uv": [15, 0, 16, 16], "texture": "#5"},
				"east": {"uv": [15, 0, 16, 16], "texture": "#5"},
				"south": {"uv": [15, 0, 16, 16], "texture": "#5"},
				"west": {"uv": [15, 0, 16, 16], "texture": "#5"},
				"up": {"uv": [15, 0, 16, 16], "texture": "#5"},
				"down": {"uv": [15, 0, 16, 16], "texture": "#5"}
			}
		},
		{
			"from": [14.5, 6, 0],
			"to": [15, 31, 1],
			"faces": {
				"north": {"uv": [0, 0, 1, 16], "texture": "#5"},
				"east": {"uv": [0, 0, 1, 16], "texture": "#5"},
				"south": {"uv": [0, 0, 1, 16], "texture": "#5"},
				"west": {"uv": [0, 0, 1, 16], "texture": "#5"},
				"up": {"uv": [0, 0, 1, 16], "texture": "#5"},
				"down": {"uv": [0, 0, 1, 16], "texture": "#5"}
			}
		},
		{
			"from": [4, 6, 0],
			"to": [14.5, 6.5, 1],
			"faces": {
				"north": {"uv": [1, 16, 15, 15], "texture": "#5"},
				"east": {"uv": [1, 16, 15, 15], "texture": "#5"},
				"south": {"uv": [1, 16, 15, 15], "texture": "#5"},
				"west": {"uv": [1, 16, 15, 15], "texture": "#5"},
				"up": {"uv": [1, 16, 15, 15], "texture": "#5"},
				"down": {"uv": [1, 16, 15, 15], "texture": "#5"}
			}
		},
		{
			"from": [4, 30.5, 0],
			"to": [14.5, 31, 1],
			"faces": {
				"north": {"uv": [1, 0, 15, 1], "texture": "#5"},
				"east": {"uv": [1, 0, 15, 1], "texture": "#5"},
				"south": {"uv": [1, 0, 15, 1], "texture": "#5"},
				"west": {"uv": [1, 0, 15, 1], "texture": "#5"},
				"up": {"uv": [1, 0, 15, 1], "texture": "#5"},
				"down": {"uv": [1, 0, 15, 1], "texture": "#5"}
			}
		},
		{
			"from": [12, 26, 0],
			"to": [13, 27, 1],
			"faces": {
				"north": {"uv": [5, 3, 4, 2], "texture": "#5"},
				"east": {"uv": [5, 3, 4, 2], "texture": "#5"},
				"south": {"uv": [5, 3, 4, 2], "texture": "#5"},
				"west": {"uv": [5, 3, 4, 2], "texture": "#5"},
				"up": {"uv": [5, 3, 4, 2], "texture": "#5"},
				"down": {"uv": [5, 3, 4, 2], "texture": "#5"}
			}
		},
		{
			"from": [11, 27, 0],
			"to": [12, 28, 1],
			"faces": {
				"north": {"uv": [5, 3, 4, 2], "texture": "#5"},
				"east": {"uv": [5, 3, 4, 2], "texture": "#5"},
				"south": {"uv": [5, 3, 4, 2], "texture": "#5"},
				"west": {"uv": [5, 3, 4, 2], "texture": "#5"},
				"up": {"uv": [5, 3, 4, 2], "texture": "#5"},
				"down": {"uv": [5, 3, 4, 2], "texture": "#5"}
			}
		},
		{
			"from": [10, 28, 0],
			"to": [11, 29, 1],
			"faces": {
				"north": {"uv": [5, 3, 4, 2], "texture": "#5"},
				"east": {"uv": [5, 3, 4, 2], "texture": "#5"},
				"south": {"uv": [5, 3, 4, 2], "texture": "#5"},
				"west": {"uv": [5, 3, 4, 2], "texture": "#5"},
				"up": {"uv": [5, 3, 4, 2], "texture": "#5"},
				"down": {"uv": [5, 3, 4, 2], "texture": "#5"}
			}
		},
		{
			"from": [6, 8, 0],
			"to": [7, 9, 1],
			"faces": {
				"north": {"uv": [5, 3, 4, 2], "texture": "#5"},
				"east": {"uv": [5, 3, 4, 2], "texture": "#5"},
				"south": {"uv": [5, 3, 4, 2], "texture": "#5"},
				"west": {"uv": [5, 3, 4, 2], "texture": "#5"},
				"up": {"uv": [5, 3, 4, 2], "texture": "#5"},
				"down": {"uv": [5, 3, 4, 2], "texture": "#5"}
			}
		},
		{
			"from": [5, 9, 0],
			"to": [6, 10, 1],
			"faces": {
				"north": {"uv": [5, 3, 4, 2], "texture": "#5"},
				"east": {"uv": [5, 3, 4, 2], "texture": "#5"},
				"south": {"uv": [5, 3, 4, 2], "texture": "#5"},
				"west": {"uv": [5, 3, 4, 2], "texture": "#5"},
				"up": {"uv": [5, 3, 4, 2], "texture": "#5"},
				"down": {"uv": [5, 3, 4, 2], "texture": "#5"}
			}
		},
		{
			"from": [6, 2, 1],
			"to": [10, 4, 2],
			"faces": {
				"north": {"uv": [0, 0, 16, 16], "texture": "#6"},
				"east": {"uv": [0, 0, 16, 16], "texture": "#6"},
				"south": {"uv": [0, 0, 16, 16], "texture": "#6"},
				"west": {"uv": [0, 0, 16, 16], "texture": "#6"},
				"up": {"uv": [0, 0, 16, 16], "texture": "#6"},
				"down": {"uv": [0, 0, 16, 16], "texture": "#6"}
			}
		}
	],
	"display": {
		"thirdperson_righthand": {
			"scale": [0.25, 0.25, 0.25]
		},
		"thirdperson_lefthand": {
			"scale": [0.25, 0.25, 0.25]
		},
		"firstperson_righthand": {
			"rotation": [0, 159, 0],
			"scale": [0.25, 0.25, 0.25]
		},
		"firstperson_lefthand": {
			"rotation": [0, 147, 0],
			"scale": [0.25, 0.25, 0.25]
		},
		"ground": {
			"rotation": [-90, 180, 0],
			"translation": [0, 5, 10]
		},
		"gui": {
			"rotation": [0, 159, 0],
			"translation": [0, -3.75, 0],
			"scale": [0.45, 0.45, 0.45]
		},
		"fixed": {
			"translation": [0, 0, 17.5],
			"scale": [2.1, 2, 2.1]
		}
	}
}