{
	"format_version": "1.9.0",
	"credit": "Made with Blockbench",
	"texture_size": [4, 4],
	"textures": {
		"0": "block/sddasaaa",
		"1": "block/sadkjs",
		"2": "block/sadasdlsk",
		"particle": "block/sddasaaa"
	},
	"elements": [
		{
			"from": [7.01496, 0.525, 0.46004],
			"to": [9.01496, 12.525, 2.46004],
			"rotation": {"angle": 22.5, "axis": "x", "origin": [9.01496, 0.525, 0.46004]},
			"faces": {
				"north": {"uv": [4, 0, 2, 12], "texture": "#0"},
				"east": {"uv": [6, 0, 4, 12], "texture": "#0"},
				"south": {"uv": [4, 0, 2, 12], "texture": "#0"},
				"west": {"uv": [6, 0, 4, 12], "texture": "#0"},
				"up": {"uv": [8, 8, 10, 6], "rotation": 90, "texture": "#0"},
				"down": {"uv": [8, 8, 10, 10], "rotation": 270, "texture": "#0"}
			}
		},
		{
			"from": [6.76496, 11.525, 0.38504],
			"to": [9.26496, 12.525, 2.46004],
			"rotation": {"angle": 22.5, "axis": "x", "origin": [9.01496, 0.525, 0.46004]},
			"faces": {
				"north": {"uv": [12.5, 4, 10, 5], "texture": "#0"},
				"east": {"uv": [12, 7, 10, 8], "texture": "#0"},
				"south": {"uv": [12.5, 5, 10, 6], "texture": "#0"},
				"west": {"uv": [12, 7, 10, 8], "texture": "#0"},
				"up": {"uv": [7.75, 2.5, 9.75, 0], "rotation": 90, "texture": "#0"},
				"down": {"uv": [8, 3, 10, 5.5], "rotation": 270, "texture": "#0"}
			}
		},
		{
			"from": [8.76496, 12.525, 0.38504],
			"to": [9.26496, 13.525, 2.46004],
			"rotation": {"angle": 22.5, "axis": "x", "origin": [9.01496, 0.525, 0.46004]},
			"faces": {
				"north": {"uv": [6.5, 12, 6, 13], "texture": "#0"},
				"east": {"uv": [12, 8, 10, 9], "texture": "#0"},
				"south": {"uv": [12.5, 6, 12, 7], "texture": "#0"},
				"west": {"uv": [12, 11, 10, 12], "texture": "#0"},
				"up": {"uv": [12, 2.5, 14, 2], "rotation": 90, "texture": "#0"},
				"down": {"uv": [12, 3, 14, 3.5], "rotation": 270, "texture": "#0"}
			}
		},
		{
			"from": [6.76496, 12.525, 0.38504],
			"to": [7.26496, 13.525, 2.46004],
			"rotation": {"angle": 22.5, "axis": "x", "origin": [7.01496, 0.525, 0.46004]},
			"faces": {
				"north": {"uv": [4.5, 12, 4, 13], "texture": "#0"},
				"east": {"uv": [10, 10, 8, 11], "texture": "#0"},
				"south": {"uv": [5.5, 12, 5, 13], "texture": "#0"},
				"west": {"uv": [12, 8, 10, 9], "texture": "#0"},
				"up": {"uv": [12, 1.5, 14, 1], "rotation": 90, "texture": "#0"},
				"down": {"uv": [2, 12, 4, 12.5], "rotation": 270, "texture": "#0"}
			}
		},
		{
			"from": [7.28996, 12.525, 0.46004],
			"to": [8.73996, 13.525, 2.46004],
			"rotation": {"angle": 22.5, "axis": "x", "origin": [7.51496, 0.525, 0.46004]},
			"faces": {
				"north": {"uv": [1.5, 12, 0, 13], "texture": "#0"},
				"east": {"uv": [12, 9, 10, 10], "texture": "#0"},
				"south": {"uv": [13.5, 0, 12, 1], "texture": "#0"},
				"west": {"uv": [12, 10, 10, 11], "texture": "#0"},
				"up": {"uv": [10, 1.5, 12, 0], "rotation": 90, "texture": "#0"},
				"down": {"uv": [10, 2, 12, 3.5], "rotation": 270, "texture": "#0"}
			}
		},
		{
			"from": [0.67645, 0.51167, 6.925],
			"to": [2.67645, 12.51167, 8.925],
			"rotation": {"angle": -22.5, "axis": "z", "origin": [0.67645, 0.51167, 6.925]},
			"faces": {
				"north": {"uv": [6, 0, 4, 12], "texture": "#0"},
				"east": {"uv": [4, 0, 2, 12], "texture": "#0"},
				"south": {"uv": [6, 0, 4, 12], "texture": "#0"},
				"west": {"uv": [4, 0, 2, 12], "texture": "#0"},
				"up": {"uv": [10, 6, 8, 8], "rotation": 180, "texture": "#0"},
				"down": {"uv": [10, 10, 8, 8], "rotation": 180, "texture": "#0"}
			}
		},
		{
			"from": [0.60145, 11.51167, 6.675],
			"to": [2.67645, 12.51167, 9.175],
			"rotation": {"angle": -22.5, "axis": "z", "origin": [0.67645, 0.51167, 6.925]},
			"faces": {
				"north": {"uv": [12, 7, 10, 8], "texture": "#0"},
				"east": {"uv": [12.5, 5, 10, 6], "texture": "#0"},
				"south": {"uv": [12, 7, 10, 8], "texture": "#0"},
				"west": {"uv": [12.5, 4, 10, 5], "texture": "#0"},
				"up": {"uv": [9.75, 0, 7.75, 2.5], "rotation": 180, "texture": "#0"},
				"down": {"uv": [10, 5.5, 8, 3], "rotation": 180, "texture": "#0"}
			}
		},
		{
			"from": [0.60145, 12.51167, 8.675],
			"to": [2.67645, 13.51167, 9.175],
			"rotation": {"angle": -22.5, "axis": "z", "origin": [0.67645, 0.51167, 8.925]},
			"faces": {
				"north": {"uv": [10, 10, 8, 11], "texture": "#0"},
				"east": {"uv": [5.5, 12, 5, 13], "texture": "#0"},
				"south": {"uv": [12, 8, 10, 9], "texture": "#0"},
				"west": {"uv": [4.5, 12, 4, 13], "texture": "#0"},
				"up": {"uv": [14, 1, 12, 1.5], "rotation": 180, "texture": "#0"},
				"down": {"uv": [4, 12.5, 2, 12], "rotation": 180, "texture": "#0"}
			}
		},
		{
			"from": [0.60145, 12.51167, 6.675],
			"to": [2.67645, 13.51167, 7.175],
			"rotation": {"angle": -22.5, "axis": "z", "origin": [0.67645, 0.51167, 6.925]},
			"faces": {
				"north": {"uv": [12, 8, 10, 9], "texture": "#0"},
				"east": {"uv": [12.5, 6, 12, 7], "texture": "#0"},
				"south": {"uv": [12, 11, 10, 12], "texture": "#0"},
				"west": {"uv": [6.5, 12, 6, 13], "texture": "#0"},
				"up": {"uv": [14, 2, 12, 2.5], "rotation": 180, "texture": "#0"},
				"down": {"uv": [14, 3.5, 12, 3], "rotation": 180, "texture": "#0"}
			}
		},
		{
			"from": [0.67645, 12.51167, 7.2],
			"to": [2.67645, 13.51167, 8.65],
			"rotation": {"angle": -22.5, "axis": "z", "origin": [0.67645, 0.51167, 8.425]},
			"faces": {
				"north": {"uv": [12, 9, 10, 10], "texture": "#0"},
				"east": {"uv": [13.5, 0, 12, 1], "texture": "#0"},
				"south": {"uv": [12, 10, 10, 11], "texture": "#0"},
				"west": {"uv": [1.5, 12, 0, 13], "texture": "#0"},
				"up": {"uv": [12, 0, 10, 1.5], "rotation": 180, "texture": "#0"},
				"down": {"uv": [12, 3.5, 10, 2], "rotation": 180, "texture": "#0"}
			}
		},
		{
			"from": [13.38563, 0.4963, 6.925],
			"to": [15.38563, 12.4963, 8.925],
			"rotation": {"angle": 22.5, "axis": "z", "origin": [15.38563, 0.4963, 6.925]},
			"faces": {
				"north": {"uv": [4, 0, 6, 12], "texture": "#0"},
				"east": {"uv": [2, 0, 4, 12], "texture": "#0"},
				"south": {"uv": [4, 0, 6, 12], "texture": "#0"},
				"west": {"uv": [2, 0, 4, 12], "texture": "#0"},
				"up": {"uv": [8, 6, 10, 8], "rotation": 180, "texture": "#0"},
				"down": {"uv": [8, 10, 10, 8], "rotation": 180, "texture": "#0"}
			}
		},
		{
			"from": [13.38563, 11.4963, 6.675],
			"to": [15.46063, 12.4963, 9.175],
			"rotation": {"angle": 22.5, "axis": "z", "origin": [15.38563, 0.4963, 6.925]},
			"faces": {
				"north": {"uv": [10, 7, 12, 8], "texture": "#0"},
				"east": {"uv": [10, 4, 12.5, 5], "texture": "#0"},
				"south": {"uv": [10, 7, 12, 8], "texture": "#0"},
				"west": {"uv": [10, 5, 12.5, 6], "texture": "#0"},
				"up": {"uv": [7.75, 0, 9.75, 2.5], "rotation": 180, "texture": "#0"},
				"down": {"uv": [8, 5.5, 10, 3], "rotation": 180, "texture": "#0"}
			}
		},
		{
			"from": [13.38563, 12.4963, 8.675],
			"to": [15.46063, 13.4963, 9.175],
			"rotation": {"angle": 22.5, "axis": "z", "origin": [15.38563, 0.4963, 8.925]},
			"faces": {
				"north": {"uv": [8, 10, 10, 11], "texture": "#0"},
				"east": {"uv": [4, 12, 4.5, 13], "texture": "#0"},
				"south": {"uv": [10, 8, 12, 9], "texture": "#0"},
				"west": {"uv": [5, 12, 5.5, 13], "texture": "#0"},
				"up": {"uv": [12, 1, 14, 1.5], "rotation": 180, "texture": "#0"},
				"down": {"uv": [2, 12.5, 4, 12], "rotation": 180, "texture": "#0"}
			}
		},
		{
			"from": [13.38563, 12.4963, 6.675],
			"to": [15.46063, 13.4963, 7.175],
			"rotation": {"angle": 22.5, "axis": "z", "origin": [15.38563, 0.4963, 6.925]},
			"faces": {
				"north": {"uv": [10, 8, 12, 9], "texture": "#0"},
				"east": {"uv": [6, 12, 6.5, 13], "texture": "#0"},
				"south": {"uv": [10, 11, 12, 12], "texture": "#0"},
				"west": {"uv": [12, 6, 12.5, 7], "texture": "#0"},
				"up": {"uv": [12, 2, 14, 2.5], "rotation": 180, "texture": "#0"},
				"down": {"uv": [12, 3.5, 14, 3], "rotation": 180, "texture": "#0"}
			}
		},
		{
			"from": [13.38563, 12.4963, 7.2],
			"to": [15.38563, 13.4963, 8.65],
			"rotation": {"angle": 22.5, "axis": "z", "origin": [15.38563, 0.4963, 8.425]},
			"faces": {
				"north": {"uv": [10, 9, 12, 10], "texture": "#0"},
				"east": {"uv": [0, 12, 1.5, 13], "texture": "#0"},
				"south": {"uv": [10, 10, 12, 11], "texture": "#0"},
				"west": {"uv": [12, 0, 13.5, 1], "texture": "#0"},
				"up": {"uv": [10, 0, 12, 1.5], "rotation": 180, "texture": "#0"},
				"down": {"uv": [10, 3.5, 12, 2], "rotation": 180, "texture": "#0"}
			}
		},
		{
			"from": [7.31496, 12.51167, 13.23851],
			"to": [8.76496, 13.51167, 15.23851],
			"rotation": {"angle": -22.5, "axis": "x", "origin": [8.53996, 0.51167, 15.23851]},
			"faces": {
				"north": {"uv": [13.5, 0, 12, 1], "texture": "#0"},
				"east": {"uv": [12, 10, 10, 11], "texture": "#0"},
				"south": {"uv": [1.5, 12, 0, 13], "texture": "#0"},
				"west": {"uv": [12, 9, 10, 10], "texture": "#0"},
				"up": {"uv": [10, 1.5, 12, 0], "rotation": 270, "texture": "#0"},
				"down": {"uv": [10, 2, 12, 3.5], "rotation": 90, "texture": "#0"}
			}
		},
		{
			"from": [7.03996, 0.51167, 13.23851],
			"to": [9.03996, 12.51167, 15.23851],
			"rotation": {"angle": -22.5, "axis": "x", "origin": [7.03996, 0.51167, 15.23851]},
			"faces": {
				"north": {"uv": [4, 0, 2, 12], "texture": "#0"},
				"east": {"uv": [6, 0, 4, 12], "texture": "#0"},
				"south": {"uv": [4, 0, 2, 12], "texture": "#0"},
				"west": {"uv": [6, 0, 4, 12], "texture": "#0"},
				"up": {"uv": [8, 8, 10, 6], "rotation": 270, "texture": "#0"},
				"down": {"uv": [8, 8, 10, 10], "rotation": 90, "texture": "#0"}
			}
		},
		{
			"from": [6.78996, 11.51167, 13.23851],
			"to": [9.28996, 12.51167, 15.31351],
			"rotation": {"angle": -22.5, "axis": "x", "origin": [7.03996, 0.51167, 15.23851]},
			"faces": {
				"north": {"uv": [12.5, 5, 10, 6], "texture": "#0"},
				"east": {"uv": [12, 7, 10, 8], "texture": "#0"},
				"south": {"uv": [12.5, 4, 10, 5], "texture": "#0"},
				"west": {"uv": [12, 7, 10, 8], "texture": "#0"},
				"up": {"uv": [7.75, 2.5, 9.75, 0], "rotation": 270, "texture": "#0"},
				"down": {"uv": [8, 3, 10, 5.5], "rotation": 90, "texture": "#0"}
			}
		},
		{
			"from": [6.78996, 12.51167, 13.23851],
			"to": [7.28996, 13.51167, 15.31351],
			"rotation": {"angle": -22.5, "axis": "x", "origin": [7.03996, 0.51167, 15.23851]},
			"faces": {
				"north": {"uv": [12.5, 6, 12, 7], "texture": "#0"},
				"east": {"uv": [12, 11, 10, 12], "texture": "#0"},
				"south": {"uv": [6.5, 12, 6, 13], "texture": "#0"},
				"west": {"uv": [12, 8, 10, 9], "texture": "#0"},
				"up": {"uv": [12, 2.5, 14, 2], "rotation": 270, "texture": "#0"},
				"down": {"uv": [12, 3, 14, 3.5], "rotation": 90, "texture": "#0"}
			}
		},
		{
			"from": [8.78996, 12.51167, 13.23851],
			"to": [9.28996, 13.51167, 15.31351],
			"rotation": {"angle": -22.5, "axis": "x", "origin": [9.03996, 0.51167, 15.23851]},
			"faces": {
				"north": {"uv": [5.5, 12, 5, 13], "texture": "#0"},
				"east": {"uv": [12, 8, 10, 9], "texture": "#0"},
				"south": {"uv": [4.5, 12, 4, 13], "texture": "#0"},
				"west": {"uv": [10, 10, 8, 11], "texture": "#0"},
				"up": {"uv": [12, 1.5, 14, 1], "rotation": 270, "texture": "#0"},
				"down": {"uv": [2, 12, 4, 12.5], "rotation": 90, "texture": "#0"}
			}
		},
		{
			"from": [5.65134, 11.1971, 7.2],
			"to": [10.40134, 12.5221, 8.65],
			"rotation": {"angle": 0, "axis": "y", "origin": [8.92634, 11.1971, 9.15]},
			"faces": {
				"north": {"uv": [4, 4.5, 2, 11.25], "texture": "#0"},
				"east": {"uv": [4, 4.5, 2, 11.25], "texture": "#0"},
				"south": {"uv": [4, 4.5, 2, 11.25], "texture": "#0"},
				"west": {"uv": [4, 4.5, 2, 11.25], "texture": "#0"},
				"up": {"uv": [4, 4.5, 2, 11.25], "rotation": 90, "texture": "#0"},
				"down": {"uv": [4, 4.5, 2, 11.25], "rotation": 270, "texture": "#0"}
			}
		},
		{
			"from": [7.28996, 11.21043, 5.43492],
			"to": [8.73996, 12.53543, 10.18492],
			"rotation": {"angle": 0, "axis": "y", "origin": [6.78996, 11.21043, 8.70992]},
			"faces": {
				"north": {"uv": [2, 11.25, 4, 4.5], "rotation": 270, "texture": "#0"},
				"east": {"uv": [2, 11.25, 4, 4.5], "rotation": 270, "texture": "#0"},
				"south": {"uv": [2, 11.25, 4, 4.5], "rotation": 270, "texture": "#0"},
				"west": {"uv": [2, 11.25, 4, 4.5], "rotation": 270, "texture": "#0"},
				"up": {"uv": [2, 11.25, 4, 4.5], "texture": "#0"},
				"down": {"uv": [2, 11.25, 4, 4.5], "rotation": 180, "texture": "#0"}
			}
		},
		{
			"from": [7.73399, 11.74999, 9.15902],
			"to": [8.35749, 13.66974, 9.35252],
			"rotation": {"angle": 0, "axis": "y", "origin": [7.51899, 12.27499, 9.14827]},
			"faces": {
				"north": {"uv": [2, 11.25, 4, 10], "rotation": 270, "texture": "#0"},
				"east": {"uv": [2, 11.25, 4, 10], "rotation": 270, "texture": "#0"},
				"south": {"uv": [2, 11.25, 4, 10], "rotation": 270, "texture": "#0"},
				"west": {"uv": [2, 11.25, 4, 10], "rotation": 270, "texture": "#0"},
				"up": {"uv": [2, 11.25, 4, 10], "texture": "#0"},
				"down": {"uv": [2, 11.25, 4, 10], "rotation": 180, "texture": "#0"}
			}
		},
		{
			"from": [4.50899, 14.37074, 5.22327],
			"to": [11.80749, 19.36424, 10.49302],
			"rotation": {"angle": 0, "axis": "y", "origin": [7.51899, 14.57499, 9.14827]},
			"faces": {
				"north": {"uv": [3.75, 4, 0, 6.5], "texture": "#1"},
				"east": {"uv": [8.75, 0, 6, 2.5], "texture": "#1"},
				"south": {"uv": [8.75, 0, 6, 2.5], "texture": "#1"},
				"west": {"uv": [8.75, 0, 6, 2.5], "texture": "#1"},
				"up": {"uv": [0, 3.75, 2.75, 0], "rotation": 90, "texture": "#1"},
				"down": {"uv": [8.75, 0, 6, 2.5], "rotation": 270, "texture": "#1"}
			}
		},
		{
			"from": [9.98399, 19.36424, 8.92327],
			"to": [10.78249, 19.83924, 9.66802],
			"rotation": {"angle": 0, "axis": "y", "origin": [7.51899, 14.57499, 9.14827]},
			"faces": {
				"north": {"uv": [13.25, 16, 16, 12.25], "rotation": 90, "texture": "#1"},
				"east": {"uv": [13.25, 16, 16, 12.25], "rotation": 90, "texture": "#1"},
				"south": {"uv": [13.25, 16, 16, 12.25], "rotation": 90, "texture": "#1"},
				"west": {"uv": [13.25, 16, 16, 12.25], "rotation": 90, "texture": "#1"},
				"up": {"uv": [13.25, 16, 16, 12.25], "rotation": 90, "texture": "#1"},
				"down": {"uv": [13.25, 16, 16, 12.25], "rotation": 90, "texture": "#1"}
			}
		},
		{
			"from": [8.29569, 11.74999, 9.25684],
			"to": [8.91919, 13.66974, 9.45034],
			"rotation": {"angle": 22.5, "axis": "y", "origin": [8.08069, 12.27499, 9.24609]},
			"faces": {
				"north": {"uv": [2, 11.25, 4, 10], "rotation": 270, "texture": "#0"},
				"east": {"uv": [2, 11.25, 4, 10], "rotation": 270, "texture": "#0"},
				"south": {"uv": [2, 11.25, 4, 10], "rotation": 270, "texture": "#0"},
				"west": {"uv": [2, 11.25, 4, 10], "rotation": 270, "texture": "#0"},
				"up": {"uv": [2, 11.25, 4, 10], "texture": "#0"},
				"down": {"uv": [2, 11.25, 4, 10], "rotation": 180, "texture": "#0"}
			}
		},
		{
			"from": [8.85207, 11.74999, 9.13227],
			"to": [9.47557, 13.66974, 9.32577],
			"rotation": {"angle": 45, "axis": "y", "origin": [8.63707, 12.27499, 9.12152]},
			"faces": {
				"north": {"uv": [2, 11.25, 4, 10], "rotation": 270, "texture": "#0"},
				"east": {"uv": [2, 11.25, 4, 10], "rotation": 270, "texture": "#0"},
				"south": {"uv": [2, 11.25, 4, 10], "rotation": 270, "texture": "#0"},
				"west": {"uv": [2, 11.25, 4, 10], "rotation": 270, "texture": "#0"},
				"up": {"uv": [2, 11.25, 4, 10], "texture": "#0"},
				"down": {"uv": [2, 11.25, 4, 10], "rotation": 180, "texture": "#0"}
			}
		},
		{
			"from": [9.11418, 11.74999, 7.955],
			"to": [9.30768, 13.66974, 8.5785],
			"rotation": {"angle": -22.5, "axis": "y", "origin": [9.10343, 12.27499, 8.7935]},
			"faces": {
				"north": {"uv": [2, 11.25, 4, 10], "rotation": 270, "texture": "#0"},
				"east": {"uv": [2, 11.25, 4, 10], "rotation": 270, "texture": "#0"},
				"south": {"uv": [2, 11.25, 4, 10], "rotation": 270, "texture": "#0"},
				"west": {"uv": [2, 11.25, 4, 10], "rotation": 270, "texture": "#0"},
				"up": {"uv": [4, 10, 2, 11.25], "rotation": 90, "texture": "#0"},
				"down": {"uv": [4, 10, 2, 11.25], "rotation": 90, "texture": "#0"}
			}
		},
		{
			"from": [9.11418, 11.74999, 6.99198],
			"to": [9.30768, 13.66974, 7.61548],
			"rotation": {"angle": 22.5, "axis": "y", "origin": [9.10343, 12.27499, 6.77698]},
			"faces": {
				"north": {"uv": [2, 10, 4, 11.25], "rotation": 270, "texture": "#0"},
				"east": {"uv": [2, 10, 4, 11.25], "rotation": 270, "texture": "#0"},
				"south": {"uv": [2, 10, 4, 11.25], "rotation": 270, "texture": "#0"},
				"west": {"uv": [2, 10, 4, 11.25], "rotation": 270, "texture": "#0"},
				"up": {"uv": [2, 10, 4, 11.25], "rotation": 90, "texture": "#0"},
				"down": {"uv": [2, 10, 4, 11.25], "rotation": 90, "texture": "#0"}
			}
		},
		{
			"from": [8.85207, 11.74999, 6.24472],
			"to": [9.47557, 13.66974, 6.43822],
			"rotation": {"angle": -45, "axis": "y", "origin": [8.63707, 12.27499, 6.44897]},
			"faces": {
				"north": {"uv": [2, 10, 4, 11.25], "rotation": 270, "texture": "#0"},
				"east": {"uv": [2, 10, 4, 11.25], "rotation": 270, "texture": "#0"},
				"south": {"uv": [2, 10, 4, 11.25], "rotation": 270, "texture": "#0"},
				"west": {"uv": [2, 10, 4, 11.25], "rotation": 270, "texture": "#0"},
				"up": {"uv": [2, 10, 4, 11.25], "texture": "#0"},
				"down": {"uv": [2, 10, 4, 11.25], "rotation": 180, "texture": "#0"}
			}
		},
		{
			"from": [8.29569, 11.74999, 6.12015],
			"to": [8.91919, 13.66974, 6.31365],
			"rotation": {"angle": -22.5, "axis": "y", "origin": [8.08069, 12.27499, 6.3244]},
			"faces": {
				"north": {"uv": [2, 10, 4, 11.25], "rotation": 270, "texture": "#0"},
				"east": {"uv": [2, 10, 4, 11.25], "rotation": 270, "texture": "#0"},
				"south": {"uv": [2, 10, 4, 11.25], "rotation": 270, "texture": "#0"},
				"west": {"uv": [2, 10, 4, 11.25], "rotation": 270, "texture": "#0"},
				"up": {"uv": [2, 10, 4, 11.25], "texture": "#0"},
				"down": {"uv": [2, 10, 4, 11.25], "rotation": 180, "texture": "#0"}
			}
		},
		{
			"from": [7.73399, 11.74999, 6.21797],
			"to": [8.35749, 13.66974, 6.41147],
			"rotation": {"angle": 0, "axis": "y", "origin": [7.51899, 12.27499, 6.42222]},
			"faces": {
				"north": {"uv": [2, 10, 4, 11.25], "rotation": 270, "texture": "#0"},
				"east": {"uv": [2, 10, 4, 11.25], "rotation": 270, "texture": "#0"},
				"south": {"uv": [2, 10, 4, 11.25], "rotation": 270, "texture": "#0"},
				"west": {"uv": [2, 10, 4, 11.25], "rotation": 270, "texture": "#0"},
				"up": {"uv": [2, 10, 4, 11.25], "texture": "#0"},
				"down": {"uv": [2, 10, 4, 11.25], "rotation": 180, "texture": "#0"}
			}
		},
		{
			"from": [9.41951, 11.74999, 7.47349],
			"to": [9.61301, 13.66974, 8.09699],
			"rotation": {"angle": 0, "axis": "y", "origin": [9.40876, 12.27499, 8.31199]},
			"faces": {
				"north": {"uv": [2, 11.25, 4, 10], "rotation": 270, "texture": "#0"},
				"east": {"uv": [2, 11.25, 4, 10], "rotation": 270, "texture": "#0"},
				"south": {"uv": [2, 11.25, 4, 10], "rotation": 270, "texture": "#0"},
				"west": {"uv": [2, 11.25, 4, 10], "rotation": 270, "texture": "#0"},
				"up": {"uv": [4, 10, 2, 11.25], "rotation": 90, "texture": "#0"},
				"down": {"uv": [4, 10, 2, 11.25], "rotation": 90, "texture": "#0"}
			}
		},
		{
			"from": [6.47846, 11.74999, 7.47349],
			"to": [6.67196, 13.66974, 8.09699],
			"rotation": {"angle": 0, "axis": "y", "origin": [6.68271, 12.27499, 8.31199]},
			"faces": {
				"north": {"uv": [2, 10, 4, 11.25], "rotation": 270, "texture": "#0"},
				"east": {"uv": [2, 10, 4, 11.25], "rotation": 270, "texture": "#0"},
				"south": {"uv": [2, 10, 4, 11.25], "rotation": 270, "texture": "#0"},
				"west": {"uv": [2, 10, 4, 11.25], "rotation": 270, "texture": "#0"},
				"up": {"uv": [4, 11.25, 2, 10], "rotation": 90, "texture": "#0"},
				"down": {"uv": [4, 11.25, 2, 10], "rotation": 90, "texture": "#0"}
			}
		},
		{
			"from": [6.7838, 11.74999, 7.955],
			"to": [6.9773, 13.66974, 8.5785],
			"rotation": {"angle": 22.5, "axis": "y", "origin": [6.98805, 12.27499, 8.7935]},
			"faces": {
				"north": {"uv": [2, 10, 4, 11.25], "rotation": 270, "texture": "#0"},
				"east": {"uv": [2, 10, 4, 11.25], "rotation": 270, "texture": "#0"},
				"south": {"uv": [2, 10, 4, 11.25], "rotation": 270, "texture": "#0"},
				"west": {"uv": [2, 10, 4, 11.25], "rotation": 270, "texture": "#0"},
				"up": {"uv": [4, 11.25, 2, 10], "rotation": 90, "texture": "#0"},
				"down": {"uv": [4, 11.25, 2, 10], "rotation": 90, "texture": "#0"}
			}
		},
		{
			"from": [6.6159, 11.74999, 9.13227],
			"to": [7.2394, 13.66974, 9.32577],
			"rotation": {"angle": -45, "axis": "y", "origin": [7.4544, 12.27499, 9.12152]},
			"faces": {
				"north": {"uv": [2, 10, 4, 11.25], "rotation": 270, "texture": "#0"},
				"east": {"uv": [2, 10, 4, 11.25], "rotation": 270, "texture": "#0"},
				"south": {"uv": [2, 10, 4, 11.25], "rotation": 270, "texture": "#0"},
				"west": {"uv": [2, 10, 4, 11.25], "rotation": 270, "texture": "#0"},
				"up": {"uv": [4, 11.25, 2, 10], "texture": "#0"},
				"down": {"uv": [4, 11.25, 2, 10], "rotation": 180, "texture": "#0"}
			}
		},
		{
			"from": [7.17228, 11.74999, 9.25684],
			"to": [7.79578, 13.66974, 9.45034],
			"rotation": {"angle": -22.5, "axis": "y", "origin": [8.01078, 12.27499, 9.24609]},
			"faces": {
				"north": {"uv": [2, 10, 4, 11.25], "rotation": 270, "texture": "#0"},
				"east": {"uv": [2, 10, 4, 11.25], "rotation": 270, "texture": "#0"},
				"south": {"uv": [2, 10, 4, 11.25], "rotation": 270, "texture": "#0"},
				"west": {"uv": [2, 10, 4, 11.25], "rotation": 270, "texture": "#0"},
				"up": {"uv": [4, 11.25, 2, 10], "texture": "#0"},
				"down": {"uv": [4, 11.25, 2, 10], "rotation": 180, "texture": "#0"}
			}
		},
		{
			"from": [6.6159, 11.74999, 6.24472],
			"to": [7.2394, 13.66974, 6.43822],
			"rotation": {"angle": 45, "axis": "y", "origin": [7.4544, 12.27499, 6.44897]},
			"faces": {
				"north": {"uv": [2, 11.25, 4, 10], "rotation": 270, "texture": "#0"},
				"east": {"uv": [2, 11.25, 4, 10], "rotation": 270, "texture": "#0"},
				"south": {"uv": [2, 11.25, 4, 10], "rotation": 270, "texture": "#0"},
				"west": {"uv": [2, 11.25, 4, 10], "rotation": 270, "texture": "#0"},
				"up": {"uv": [4, 10, 2, 11.25], "texture": "#0"},
				"down": {"uv": [4, 10, 2, 11.25], "rotation": 180, "texture": "#0"}
			}
		},
		{
			"from": [6.7838, 11.74999, 6.99198],
			"to": [6.9773, 13.66974, 7.61548],
			"rotation": {"angle": -22.5, "axis": "y", "origin": [6.98805, 12.27499, 6.77698]},
			"faces": {
				"north": {"uv": [2, 11.25, 4, 10], "rotation": 270, "texture": "#0"},
				"east": {"uv": [2, 11.25, 4, 10], "rotation": 270, "texture": "#0"},
				"south": {"uv": [2, 11.25, 4, 10], "rotation": 270, "texture": "#0"},
				"west": {"uv": [2, 11.25, 4, 10], "rotation": 270, "texture": "#0"},
				"up": {"uv": [2, 11.25, 4, 10], "rotation": 90, "texture": "#0"},
				"down": {"uv": [2, 11.25, 4, 10], "rotation": 90, "texture": "#0"}
			}
		},
		{
			"from": [7.17228, 11.74999, 6.12015],
			"to": [7.79578, 13.66974, 6.31365],
			"rotation": {"angle": 22.5, "axis": "y", "origin": [8.01078, 12.27499, 6.3244]},
			"faces": {
				"north": {"uv": [2, 11.25, 4, 10], "rotation": 270, "texture": "#0"},
				"east": {"uv": [2, 11.25, 4, 10], "rotation": 270, "texture": "#0"},
				"south": {"uv": [2, 11.25, 4, 10], "rotation": 270, "texture": "#0"},
				"west": {"uv": [2, 11.25, 4, 10], "rotation": 270, "texture": "#0"},
				"up": {"uv": [4, 10, 2, 11.25], "texture": "#0"},
				"down": {"uv": [4, 10, 2, 11.25], "rotation": 180, "texture": "#0"}
			}
		},
		{
			"from": [5.79441, 16.78989, 4.3333],
			"to": [5.91245, 17.17023, 5.32935],
			"rotation": {"angle": 0, "axis": "y", "origin": [5.919, 16.65874, 4.47855]},
			"faces": {
				"north": {"uv": [2, 10, 4, 11.25], "rotation": 90, "texture": "#0"},
				"east": {"uv": [4, 11.25, 2, 10], "texture": "#0"},
				"south": {"uv": [2, 10, 4, 11.25], "rotation": 270, "texture": "#0"},
				"west": {"uv": [4, 11.25, 2, 10], "rotation": 180, "texture": "#0"},
				"up": {"uv": [4, 11.25, 2, 10], "rotation": 270, "texture": "#0"},
				"down": {"uv": [4, 11.25, 2, 10], "rotation": 90, "texture": "#0"}
			}
		},
		{
			"from": [5.73474, 16.44725, 4.3333],
			"to": [5.85277, 16.82759, 5.32935],
			"rotation": {"angle": 22.5, "axis": "z", "origin": [5.85933, 16.95874, 4.47855]},
			"faces": {
				"north": {"uv": [4, 10, 2, 11.25], "rotation": 90, "texture": "#0"},
				"east": {"uv": [4, 10, 2, 11.25], "texture": "#0"},
				"south": {"uv": [4, 10, 2, 11.25], "rotation": 270, "texture": "#0"},
				"west": {"uv": [4, 10, 2, 11.25], "rotation": 180, "texture": "#0"},
				"up": {"uv": [4, 10, 2, 11.25], "rotation": 270, "texture": "#0"},
				"down": {"uv": [4, 10, 2, 11.25], "rotation": 90, "texture": "#0"}
			}
		},
		{
			"from": [5.81073, 16.10786, 4.3333],
			"to": [5.92876, 16.48819, 5.32935],
			"rotation": {"angle": 45, "axis": "z", "origin": [5.93532, 16.61934, 4.47855]},
			"faces": {
				"north": {"uv": [4, 10, 2, 11.25], "rotation": 90, "texture": "#0"},
				"east": {"uv": [4, 10, 2, 11.25], "texture": "#0"},
				"south": {"uv": [4, 10, 2, 11.25], "rotation": 270, "texture": "#0"},
				"west": {"uv": [4, 10, 2, 11.25], "rotation": 180, "texture": "#0"},
				"up": {"uv": [4, 10, 2, 11.25], "rotation": 270, "texture": "#0"},
				"down": {"uv": [4, 10, 2, 11.25], "rotation": 90, "texture": "#0"}
			}
		},
		{
			"from": [6.26656, 16.21028, 4.3333],
			"to": [6.64689, 16.32831, 5.32935],
			"rotation": {"angle": -22.5, "axis": "z", "origin": [6.13541, 16.33487, 4.47855]},
			"faces": {
				"north": {"uv": [2, 11.25, 4, 10], "texture": "#0"},
				"east": {"uv": [4, 10, 2, 11.25], "texture": "#0"},
				"south": {"uv": [2, 11.25, 4, 10], "texture": "#0"},
				"west": {"uv": [4, 10, 2, 11.25], "rotation": 180, "texture": "#0"},
				"up": {"uv": [4, 10, 2, 11.25], "rotation": 270, "texture": "#0"},
				"down": {"uv": [4, 10, 2, 11.25], "rotation": 90, "texture": "#0"}
			}
		},
		{
			"from": [6.56028, 16.02402, 4.3333],
			"to": [6.94061, 16.14206, 5.32935],
			"rotation": {"angle": 0, "axis": "y", "origin": [7.07176, 16.14861, 4.47855]},
			"faces": {
				"north": {"uv": [4, 11.25, 2, 10], "texture": "#0"},
				"east": {"uv": [4, 11.25, 2, 10], "texture": "#0"},
				"south": {"uv": [4, 11.25, 2, 10], "texture": "#0"},
				"west": {"uv": [4, 11.25, 2, 10], "rotation": 180, "texture": "#0"},
				"up": {"uv": [4, 11.25, 2, 10], "rotation": 270, "texture": "#0"},
				"down": {"uv": [4, 11.25, 2, 10], "rotation": 90, "texture": "#0"}
			}
		},
		{
			"from": [6.854, 16.21028, 4.3333],
			"to": [7.23433, 16.32831, 5.32935],
			"rotation": {"angle": 22.5, "axis": "z", "origin": [7.36548, 16.33487, 4.47855]},
			"faces": {
				"north": {"uv": [4, 11.25, 2, 10], "texture": "#0"},
				"east": {"uv": [4, 11.25, 2, 10], "texture": "#0"},
				"south": {"uv": [4, 11.25, 2, 10], "texture": "#0"},
				"west": {"uv": [4, 11.25, 2, 10], "rotation": 180, "texture": "#0"},
				"up": {"uv": [4, 11.25, 2, 10], "rotation": 270, "texture": "#0"},
				"down": {"uv": [4, 11.25, 2, 10], "rotation": 90, "texture": "#0"}
			}
		},
		{
			"from": [7.57213, 16.10786, 4.3333],
			"to": [7.69017, 16.48819, 5.32935],
			"rotation": {"angle": -45, "axis": "z", "origin": [7.56558, 16.61934, 4.47855]},
			"faces": {
				"north": {"uv": [4, 11.25, 2, 10], "rotation": 90, "texture": "#0"},
				"east": {"uv": [4, 11.25, 2, 10], "texture": "#0"},
				"south": {"uv": [4, 11.25, 2, 10], "rotation": 270, "texture": "#0"},
				"west": {"uv": [4, 11.25, 2, 10], "rotation": 180, "texture": "#0"},
				"up": {"uv": [4, 11.25, 2, 10], "rotation": 270, "texture": "#0"},
				"down": {"uv": [4, 11.25, 2, 10], "rotation": 90, "texture": "#0"}
			}
		},
		{
			"from": [7.64812, 16.44725, 4.3333],
			"to": [7.76616, 16.82759, 5.32935],
			"rotation": {"angle": -22.5, "axis": "z", "origin": [7.64156, 16.95874, 4.47855]},
			"faces": {
				"north": {"uv": [4, 11.25, 2, 10], "rotation": 90, "texture": "#0"},
				"east": {"uv": [4, 11.25, 2, 10], "texture": "#0"},
				"south": {"uv": [4, 11.25, 2, 10], "rotation": 270, "texture": "#0"},
				"west": {"uv": [4, 11.25, 2, 10], "rotation": 180, "texture": "#0"},
				"up": {"uv": [4, 11.25, 2, 10], "rotation": 270, "texture": "#0"},
				"down": {"uv": [4, 11.25, 2, 10], "rotation": 90, "texture": "#0"}
			}
		},
		{
			"from": [7.58845, 16.78989, 4.3333],
			"to": [7.70649, 17.17023, 5.32935],
			"rotation": {"angle": 0, "axis": "y", "origin": [7.58189, 16.65874, 4.47855]},
			"faces": {
				"north": {"uv": [2, 11.25, 4, 10], "rotation": 90, "texture": "#0"},
				"east": {"uv": [4, 10, 2, 11.25], "texture": "#0"},
				"south": {"uv": [2, 11.25, 4, 10], "rotation": 270, "texture": "#0"},
				"west": {"uv": [4, 10, 2, 11.25], "rotation": 180, "texture": "#0"},
				"up": {"uv": [4, 10, 2, 11.25], "rotation": 270, "texture": "#0"},
				"down": {"uv": [4, 10, 2, 11.25], "rotation": 90, "texture": "#0"}
			}
		},
		{
			"from": [7.64812, 17.13253, 4.3333],
			"to": [7.76616, 17.51287, 5.32935],
			"rotation": {"angle": 22.5, "axis": "z", "origin": [7.64156, 17.00138, 4.47855]},
			"faces": {
				"north": {"uv": [2, 11.25, 4, 10], "rotation": 90, "texture": "#0"},
				"east": {"uv": [4, 10, 2, 11.25], "texture": "#0"},
				"south": {"uv": [2, 11.25, 4, 10], "rotation": 270, "texture": "#0"},
				"west": {"uv": [4, 10, 2, 11.25], "rotation": 180, "texture": "#0"},
				"up": {"uv": [4, 10, 2, 11.25], "rotation": 270, "texture": "#0"},
				"down": {"uv": [4, 10, 2, 11.25], "rotation": 90, "texture": "#0"}
			}
		},
		{
			"from": [7.57213, 17.47192, 4.3333],
			"to": [7.69017, 17.85226, 5.32935],
			"rotation": {"angle": 45, "axis": "z", "origin": [7.56558, 17.34077, 4.47855]},
			"faces": {
				"north": {"uv": [2, 11.25, 4, 10], "rotation": 90, "texture": "#0"},
				"east": {"uv": [4, 10, 2, 11.25], "texture": "#0"},
				"south": {"uv": [2, 11.25, 4, 10], "rotation": 270, "texture": "#0"},
				"west": {"uv": [4, 10, 2, 11.25], "rotation": 180, "texture": "#0"},
				"up": {"uv": [4, 10, 2, 11.25], "rotation": 270, "texture": "#0"},
				"down": {"uv": [4, 10, 2, 11.25], "rotation": 90, "texture": "#0"}
			}
		},
		{
			"from": [6.854, 17.63181, 4.3333],
			"to": [7.23433, 17.74984, 5.32935],
			"rotation": {"angle": -22.5, "axis": "z", "origin": [7.36548, 17.62525, 4.47855]},
			"faces": {
				"north": {"uv": [4, 10, 2, 11.25], "texture": "#0"},
				"east": {"uv": [4, 10, 2, 11.25], "texture": "#0"},
				"south": {"uv": [4, 10, 2, 11.25], "texture": "#0"},
				"west": {"uv": [4, 10, 2, 11.25], "rotation": 180, "texture": "#0"},
				"up": {"uv": [4, 10, 2, 11.25], "rotation": 270, "texture": "#0"},
				"down": {"uv": [4, 10, 2, 11.25], "rotation": 90, "texture": "#0"}
			}
		},
		{
			"from": [6.56028, 17.81806, 4.3333],
			"to": [6.94061, 17.9361, 5.32935],
			"rotation": {"angle": 0, "axis": "y", "origin": [7.07176, 17.8115, 4.47855]},
			"faces": {
				"north": {"uv": [4, 10, 2, 11.25], "texture": "#0"},
				"east": {"uv": [4, 10, 2, 11.25], "texture": "#0"},
				"south": {"uv": [4, 10, 2, 11.25], "texture": "#0"},
				"west": {"uv": [4, 10, 2, 11.25], "rotation": 180, "texture": "#0"},
				"up": {"uv": [4, 10, 2, 11.25], "rotation": 270, "texture": "#0"},
				"down": {"uv": [4, 10, 2, 11.25], "rotation": 90, "texture": "#0"}
			}
		},
		{
			"from": [6.26656, 17.63181, 4.3333],
			"to": [6.64689, 17.74984, 5.32935],
			"rotation": {"angle": 22.5, "axis": "z", "origin": [6.13541, 17.62525, 4.47855]},
			"faces": {
				"north": {"uv": [2, 10, 4, 11.25], "texture": "#0"},
				"east": {"uv": [4, 11.25, 2, 10], "texture": "#0"},
				"south": {"uv": [2, 10, 4, 11.25], "texture": "#0"},
				"west": {"uv": [4, 11.25, 2, 10], "rotation": 180, "texture": "#0"},
				"up": {"uv": [4, 11.25, 2, 10], "rotation": 270, "texture": "#0"},
				"down": {"uv": [4, 11.25, 2, 10], "rotation": 90, "texture": "#0"}
			}
		},
		{
			"from": [5.81073, 17.47192, 4.3333],
			"to": [5.92876, 17.85226, 5.32935],
			"rotation": {"angle": -45, "axis": "z", "origin": [5.93532, 17.34077, 4.47855]},
			"faces": {
				"north": {"uv": [2, 10, 4, 11.25], "rotation": 90, "texture": "#0"},
				"east": {"uv": [4, 11.25, 2, 10], "texture": "#0"},
				"south": {"uv": [2, 10, 4, 11.25], "rotation": 270, "texture": "#0"},
				"west": {"uv": [4, 11.25, 2, 10], "rotation": 180, "texture": "#0"},
				"up": {"uv": [4, 11.25, 2, 10], "rotation": 270, "texture": "#0"},
				"down": {"uv": [4, 11.25, 2, 10], "rotation": 90, "texture": "#0"}
			}
		},
		{
			"from": [5.73474, 17.13253, 4.3333],
			"to": [5.85277, 17.51287, 5.32935],
			"rotation": {"angle": -22.5, "axis": "z", "origin": [5.85933, 17.00138, 4.47855]},
			"faces": {
				"north": {"uv": [2, 10, 4, 11.25], "rotation": 90, "texture": "#0"},
				"east": {"uv": [4, 11.25, 2, 10], "texture": "#0"},
				"south": {"uv": [2, 10, 4, 11.25], "rotation": 270, "texture": "#0"},
				"west": {"uv": [4, 11.25, 2, 10], "rotation": 180, "texture": "#0"},
				"up": {"uv": [4, 11.25, 2, 10], "rotation": 270, "texture": "#0"},
				"down": {"uv": [4, 11.25, 2, 10], "rotation": 90, "texture": "#0"}
			}
		},
		{
			"from": [8.61941, 16.78989, 4.3333],
			"to": [8.73745, 17.17023, 5.32935],
			"rotation": {"angle": 0, "axis": "y", "origin": [8.744, 16.65874, 4.47855]},
			"faces": {
				"north": {"uv": [2, 10, 4, 11.25], "rotation": 90, "texture": "#0"},
				"east": {"uv": [4, 11.25, 2, 10], "texture": "#0"},
				"south": {"uv": [2, 10, 4, 11.25], "rotation": 270, "texture": "#0"},
				"west": {"uv": [4, 11.25, 2, 10], "rotation": 180, "texture": "#0"},
				"up": {"uv": [4, 11.25, 2, 10], "rotation": 270, "texture": "#0"},
				"down": {"uv": [4, 11.25, 2, 10], "rotation": 90, "texture": "#0"}
			}
		},
		{
			"from": [8.55974, 16.44725, 4.3333],
			"to": [8.67777, 16.82759, 5.32935],
			"rotation": {"angle": 22.5, "axis": "z", "origin": [8.68433, 16.95874, 4.47855]},
			"faces": {
				"north": {"uv": [4, 10, 2, 11.25], "rotation": 90, "texture": "#0"},
				"east": {"uv": [4, 10, 2, 11.25], "texture": "#0"},
				"south": {"uv": [4, 10, 2, 11.25], "rotation": 270, "texture": "#0"},
				"west": {"uv": [4, 10, 2, 11.25], "rotation": 180, "texture": "#0"},
				"up": {"uv": [4, 10, 2, 11.25], "rotation": 270, "texture": "#0"},
				"down": {"uv": [4, 10, 2, 11.25], "rotation": 90, "texture": "#0"}
			}
		},
		{
			"from": [8.63573, 16.10786, 4.3333],
			"to": [8.75376, 16.48819, 5.32935],
			"rotation": {"angle": 45, "axis": "z", "origin": [8.76032, 16.61934, 4.47855]},
			"faces": {
				"north": {"uv": [4, 10, 2, 11.25], "rotation": 90, "texture": "#0"},
				"east": {"uv": [4, 10, 2, 11.25], "texture": "#0"},
				"south": {"uv": [4, 10, 2, 11.25], "rotation": 270, "texture": "#0"},
				"west": {"uv": [4, 10, 2, 11.25], "rotation": 180, "texture": "#0"},
				"up": {"uv": [4, 10, 2, 11.25], "rotation": 270, "texture": "#0"},
				"down": {"uv": [4, 10, 2, 11.25], "rotation": 90, "texture": "#0"}
			}
		},
		{
			"from": [9.09156, 16.21028, 4.3333],
			"to": [9.47189, 16.32831, 5.32935],
			"rotation": {"angle": -22.5, "axis": "z", "origin": [8.96041, 16.33487, 4.47855]},
			"faces": {
				"north": {"uv": [2, 11.25, 4, 10], "texture": "#0"},
				"east": {"uv": [4, 10, 2, 11.25], "texture": "#0"},
				"south": {"uv": [2, 11.25, 4, 10], "texture": "#0"},
				"west": {"uv": [4, 10, 2, 11.25], "rotation": 180, "texture": "#0"},
				"up": {"uv": [4, 10, 2, 11.25], "rotation": 270, "texture": "#0"},
				"down": {"uv": [4, 10, 2, 11.25], "rotation": 90, "texture": "#0"}
			}
		},
		{
			"from": [9.38528, 16.02402, 4.3333],
			"to": [9.76561, 16.14206, 5.32935],
			"rotation": {"angle": 0, "axis": "y", "origin": [9.89676, 16.14861, 4.47855]},
			"faces": {
				"north": {"uv": [4, 11.25, 2, 10], "texture": "#0"},
				"east": {"uv": [4, 11.25, 2, 10], "texture": "#0"},
				"south": {"uv": [4, 11.25, 2, 10], "texture": "#0"},
				"west": {"uv": [4, 11.25, 2, 10], "rotation": 180, "texture": "#0"},
				"up": {"uv": [4, 11.25, 2, 10], "rotation": 270, "texture": "#0"},
				"down": {"uv": [4, 11.25, 2, 10], "rotation": 90, "texture": "#0"}
			}
		},
		{
			"from": [8.73528, 16.02402, 4.50335],
			"to": [10.41561, 17.84206, 4.50435],
			"rotation": {"angle": 0, "axis": "y", "origin": [9.89676, 16.14861, 4.62855]},
			"faces": {
				"north": {"uv": [6.5, 8, 0, 15.5], "texture": "#2"},
				"east": {"uv": [0, 0, 0, 7.5], "texture": "#2"},
				"south": {"uv": [6.5, 0, 0, 7.5], "texture": "#2"},
				"west": {"uv": [0, 0, 0, 7.5], "texture": "#2"},
				"up": {"uv": [0, 6.5, 0, 0], "rotation": 90, "texture": "#2"},
				"down": {"uv": [0, 0, 0, 6.5], "rotation": 270, "texture": "#2"}
			}
		},
		{
			"from": [5.93528, 16.02402, 4.50335],
			"to": [7.61561, 17.84206, 4.50435],
			"rotation": {"angle": 0, "axis": "y", "origin": [7.09676, 16.14861, 4.62855]},
			"faces": {
				"north": {"uv": [6.5, 0, 0, 7.5], "texture": "#2"},
				"east": {"uv": [0, 0, 0, 7.5], "texture": "#2"},
				"south": {"uv": [6.5, 8, 0, 15.5], "texture": "#2"},
				"west": {"uv": [0, 0, 0, 7.5], "texture": "#2"},
				"up": {"uv": [0, 6.5, 0, 0], "rotation": 90, "texture": "#2"},
				"down": {"uv": [0, 0, 0, 6.5], "rotation": 270, "texture": "#2"}
			}
		},
		{
			"from": [9.679, 16.21028, 4.3333],
			"to": [10.05933, 16.32831, 5.32935],
			"rotation": {"angle": 22.5, "axis": "z", "origin": [10.19048, 16.33487, 4.47855]},
			"faces": {
				"north": {"uv": [4, 11.25, 2, 10], "texture": "#0"},
				"east": {"uv": [4, 11.25, 2, 10], "texture": "#0"},
				"south": {"uv": [4, 11.25, 2, 10], "texture": "#0"},
				"west": {"uv": [4, 11.25, 2, 10], "rotation": 180, "texture": "#0"},
				"up": {"uv": [4, 11.25, 2, 10], "rotation": 270, "texture": "#0"},
				"down": {"uv": [4, 11.25, 2, 10], "rotation": 90, "texture": "#0"}
			}
		},
		{
			"from": [10.39713, 16.10786, 4.3333],
			"to": [10.51517, 16.48819, 5.32935],
			"rotation": {"angle": -45, "axis": "z", "origin": [10.39058, 16.61934, 4.47855]},
			"faces": {
				"north": {"uv": [4, 11.25, 2, 10], "rotation": 90, "texture": "#0"},
				"east": {"uv": [4, 11.25, 2, 10], "texture": "#0"},
				"south": {"uv": [4, 11.25, 2, 10], "rotation": 270, "texture": "#0"},
				"west": {"uv": [4, 11.25, 2, 10], "rotation": 180, "texture": "#0"},
				"up": {"uv": [4, 11.25, 2, 10], "rotation": 270, "texture": "#0"},
				"down": {"uv": [4, 11.25, 2, 10], "rotation": 90, "texture": "#0"}
			}
		},
		{
			"from": [10.47312, 16.44725, 4.3333],
			"to": [10.59116, 16.82759, 5.32935],
			"rotation": {"angle": -22.5, "axis": "z", "origin": [10.46656, 16.95874, 4.47855]},
			"faces": {
				"north": {"uv": [4, 11.25, 2, 10], "rotation": 90, "texture": "#0"},
				"east": {"uv": [4, 11.25, 2, 10], "texture": "#0"},
				"south": {"uv": [4, 11.25, 2, 10], "rotation": 270, "texture": "#0"},
				"west": {"uv": [4, 11.25, 2, 10], "rotation": 180, "texture": "#0"},
				"up": {"uv": [4, 11.25, 2, 10], "rotation": 270, "texture": "#0"},
				"down": {"uv": [4, 11.25, 2, 10], "rotation": 90, "texture": "#0"}
			}
		},
		{
			"from": [10.41345, 16.78989, 4.3333],
			"to": [10.53149, 17.17023, 5.32935],
			"rotation": {"angle": 0, "axis": "y", "origin": [10.40689, 16.65874, 4.47855]},
			"faces": {
				"north": {"uv": [2, 11.25, 4, 10], "rotation": 90, "texture": "#0"},
				"east": {"uv": [4, 10, 2, 11.25], "texture": "#0"},
				"south": {"uv": [2, 11.25, 4, 10], "rotation": 270, "texture": "#0"},
				"west": {"uv": [4, 10, 2, 11.25], "rotation": 180, "texture": "#0"},
				"up": {"uv": [4, 10, 2, 11.25], "rotation": 270, "texture": "#0"},
				"down": {"uv": [4, 10, 2, 11.25], "rotation": 90, "texture": "#0"}
			}
		},
		{
			"from": [10.47312, 17.13253, 4.3333],
			"to": [10.59116, 17.51287, 5.32935],
			"rotation": {"angle": 22.5, "axis": "z", "origin": [10.46656, 17.00138, 4.47855]},
			"faces": {
				"north": {"uv": [2, 11.25, 4, 10], "rotation": 90, "texture": "#0"},
				"east": {"uv": [4, 10, 2, 11.25], "texture": "#0"},
				"south": {"uv": [2, 11.25, 4, 10], "rotation": 270, "texture": "#0"},
				"west": {"uv": [4, 10, 2, 11.25], "rotation": 180, "texture": "#0"},
				"up": {"uv": [4, 10, 2, 11.25], "rotation": 270, "texture": "#0"},
				"down": {"uv": [4, 10, 2, 11.25], "rotation": 90, "texture": "#0"}
			}
		},
		{
			"from": [10.39713, 17.47192, 4.3333],
			"to": [10.51517, 17.85226, 5.32935],
			"rotation": {"angle": 45, "axis": "z", "origin": [10.39058, 17.34077, 4.47855]},
			"faces": {
				"north": {"uv": [2, 11.25, 4, 10], "rotation": 90, "texture": "#0"},
				"east": {"uv": [4, 10, 2, 11.25], "texture": "#0"},
				"south": {"uv": [2, 11.25, 4, 10], "rotation": 270, "texture": "#0"},
				"west": {"uv": [4, 10, 2, 11.25], "rotation": 180, "texture": "#0"},
				"up": {"uv": [4, 10, 2, 11.25], "rotation": 270, "texture": "#0"},
				"down": {"uv": [4, 10, 2, 11.25], "rotation": 90, "texture": "#0"}
			}
		},
		{
			"from": [9.679, 17.63181, 4.3333],
			"to": [10.05933, 17.74984, 5.32935],
			"rotation": {"angle": -22.5, "axis": "z", "origin": [10.19048, 17.62525, 4.47855]},
			"faces": {
				"north": {"uv": [4, 10, 2, 11.25], "texture": "#0"},
				"east": {"uv": [4, 10, 2, 11.25], "texture": "#0"},
				"south": {"uv": [4, 10, 2, 11.25], "texture": "#0"},
				"west": {"uv": [4, 10, 2, 11.25], "rotation": 180, "texture": "#0"},
				"up": {"uv": [4, 10, 2, 11.25], "rotation": 270, "texture": "#0"},
				"down": {"uv": [4, 10, 2, 11.25], "rotation": 90, "texture": "#0"}
			}
		},
		{
			"from": [9.38528, 17.81806, 4.3333],
			"to": [9.76561, 17.9361, 5.32935],
			"rotation": {"angle": 0, "axis": "y", "origin": [9.89676, 17.8115, 4.47855]},
			"faces": {
				"north": {"uv": [4, 10, 2, 11.25], "texture": "#0"},
				"east": {"uv": [4, 10, 2, 11.25], "texture": "#0"},
				"south": {"uv": [4, 10, 2, 11.25], "texture": "#0"},
				"west": {"uv": [4, 10, 2, 11.25], "rotation": 180, "texture": "#0"},
				"up": {"uv": [4, 10, 2, 11.25], "rotation": 270, "texture": "#0"},
				"down": {"uv": [4, 10, 2, 11.25], "rotation": 90, "texture": "#0"}
			}
		},
		{
			"from": [9.09156, 17.63181, 4.3333],
			"to": [9.47189, 17.74984, 5.32935],
			"rotation": {"angle": 22.5, "axis": "z", "origin": [8.96041, 17.62525, 4.47855]},
			"faces": {
				"north": {"uv": [2, 10, 4, 11.25], "texture": "#0"},
				"east": {"uv": [4, 11.25, 2, 10], "texture": "#0"},
				"south": {"uv": [2, 10, 4, 11.25], "texture": "#0"},
				"west": {"uv": [4, 11.25, 2, 10], "rotation": 180, "texture": "#0"},
				"up": {"uv": [4, 11.25, 2, 10], "rotation": 270, "texture": "#0"},
				"down": {"uv": [4, 11.25, 2, 10], "rotation": 90, "texture": "#0"}
			}
		},
		{
			"from": [8.63573, 17.47192, 4.3333],
			"to": [8.75376, 17.85226, 5.32935],
			"rotation": {"angle": -45, "axis": "z", "origin": [8.76032, 17.34077, 4.47855]},
			"faces": {
				"north": {"uv": [2, 10, 4, 11.25], "rotation": 90, "texture": "#0"},
				"east": {"uv": [4, 11.25, 2, 10], "texture": "#0"},
				"south": {"uv": [2, 10, 4, 11.25], "rotation": 270, "texture": "#0"},
				"west": {"uv": [4, 11.25, 2, 10], "rotation": 180, "texture": "#0"},
				"up": {"uv": [4, 11.25, 2, 10], "rotation": 270, "texture": "#0"},
				"down": {"uv": [4, 11.25, 2, 10], "rotation": 90, "texture": "#0"}
			}
		},
		{
			"from": [8.55974, 17.13253, 4.3333],
			"to": [8.67777, 17.51287, 5.32935],
			"rotation": {"angle": -22.5, "axis": "z", "origin": [8.68433, 17.00138, 4.47855]},
			"faces": {
				"north": {"uv": [2, 10, 4, 11.25], "rotation": 90, "texture": "#0"},
				"east": {"uv": [4, 11.25, 2, 10], "texture": "#0"},
				"south": {"uv": [2, 10, 4, 11.25], "rotation": 270, "texture": "#0"},
				"west": {"uv": [4, 11.25, 2, 10], "rotation": 180, "texture": "#0"},
				"up": {"uv": [4, 11.25, 2, 10], "rotation": 270, "texture": "#0"},
				"down": {"uv": [4, 11.25, 2, 10], "rotation": 90, "texture": "#0"}
			}
		},
		{
			"from": [6.67843, 12.69655, 7.52578],
			"to": [6.8482, 14.38094, 8.07284],
			"rotation": {"angle": 0, "axis": "y", "origin": [6.85764, 13.15719, 8.26148]},
			"faces": {
				"north": {"uv": [14, 9.75, 16, 8.5], "rotation": 270, "texture": "#0"},
				"east": {"uv": [14, 9.75, 16, 8.5], "rotation": 270, "texture": "#0"},
				"south": {"uv": [14, 9.75, 16, 8.5], "rotation": 270, "texture": "#0"},
				"west": {"uv": [14, 9.75, 16, 8.5], "rotation": 270, "texture": "#0"},
				"up": {"uv": [14, 9.75, 16, 8.5], "texture": "#0"},
				"down": {"uv": [14, 9.75, 16, 8.5], "rotation": 180, "texture": "#0"}
			}
		},
		{
			"from": [6.94633, 12.69655, 7.97326],
			"to": [7.1161, 14.38094, 8.49532],
			"rotation": {"angle": 22.5, "axis": "y", "origin": [7.12554, 13.15719, 8.68396]},
			"faces": {
				"north": {"uv": [14, 9.75, 16, 8.5], "rotation": 270, "texture": "#0"},
				"east": {"uv": [14, 9.75, 16, 8.5], "rotation": 270, "texture": "#0"},
				"south": {"uv": [14, 9.75, 16, 8.5], "rotation": 270, "texture": "#0"},
				"west": {"uv": [14, 9.75, 16, 8.5], "rotation": 270, "texture": "#0"},
				"up": {"uv": [14, 9.75, 16, 8.5], "texture": "#0"},
				"down": {"uv": [14, 9.75, 16, 8.5], "rotation": 180, "texture": "#0"}
			}
		},
		{
			"from": [6.79902, 12.69655, 9.15097],
			"to": [7.34608, 14.38094, 9.15097],
			"rotation": {"angle": -45, "axis": "y", "origin": [7.53472, 13.15719, 8.97176]},
			"faces": {
				"north": {"uv": [14, 9.75, 16, 8.5], "rotation": 270, "texture": "#0"},
				"east": {"uv": [14, 9.75, 16, 8.5], "rotation": 270, "texture": "#0"},
				"south": {"uv": [14, 9.75, 16, 8.5], "rotation": 270, "texture": "#0"},
				"west": {"uv": [14, 9.75, 16, 8.5], "rotation": 270, "texture": "#0"},
				"up": {"uv": [14, 9.75, 16, 8.5], "texture": "#0"},
				"down": {"uv": [14, 9.75, 16, 8.5], "rotation": 180, "texture": "#0"}
			}
		},
		{
			"from": [7.28719, 12.69655, 9.26027],
			"to": [7.83424, 14.38094, 9.26027],
			"rotation": {"angle": -22.5, "axis": "y", "origin": [8.02289, 13.15719, 9.08106]},
			"faces": {
				"north": {"uv": [14, 9.75, 16, 8.5], "rotation": 270, "texture": "#0"},
				"east": {"uv": [14, 9.75, 16, 8.5], "rotation": 270, "texture": "#0"},
				"south": {"uv": [14, 9.75, 16, 8.5], "rotation": 270, "texture": "#0"},
				"west": {"uv": [14, 9.75, 16, 8.5], "rotation": 270, "texture": "#0"},
				"up": {"uv": [14, 9.75, 16, 8.5], "texture": "#0"},
				"down": {"uv": [14, 9.75, 16, 8.5], "rotation": 180, "texture": "#0"}
			}
		},
		{
			"from": [7.78002, 12.69655, 9.17444],
			"to": [8.32708, 14.38094, 9.17444],
			"rotation": {"angle": 0, "axis": "y", "origin": [7.59138, 13.15719, 8.99523]},
			"faces": {
				"north": {"uv": [14, 9.75, 16, 8.5], "rotation": 270, "texture": "#0"},
				"east": {"uv": [14, 9.75, 16, 8.5], "rotation": 270, "texture": "#0"},
				"south": {"uv": [14, 9.75, 16, 8.5], "rotation": 270, "texture": "#0"},
				"west": {"uv": [14, 9.75, 16, 8.5], "rotation": 270, "texture": "#0"},
				"up": {"uv": [14, 9.75, 16, 8.5], "texture": "#0"},
				"down": {"uv": [14, 9.75, 16, 8.5], "rotation": 180, "texture": "#0"}
			}
		},
		{
			"from": [8.27286, 12.69655, 9.26027],
			"to": [8.81992, 14.38094, 9.26027],
			"rotation": {"angle": 22.5, "axis": "y", "origin": [8.08422, 13.15719, 9.08106]},
			"faces": {
				"north": {"uv": [14, 9.75, 16, 8.5], "rotation": 270, "texture": "#0"},
				"east": {"uv": [14, 9.75, 16, 8.5], "rotation": 270, "texture": "#0"},
				"south": {"uv": [14, 9.75, 16, 8.5], "rotation": 270, "texture": "#0"},
				"west": {"uv": [14, 9.75, 16, 8.5], "rotation": 270, "texture": "#0"},
				"up": {"uv": [14, 9.75, 16, 8.5], "texture": "#0"},
				"down": {"uv": [14, 9.75, 16, 8.5], "rotation": 180, "texture": "#0"}
			}
		},
		{
			"from": [8.76103, 12.69655, 9.15097],
			"to": [9.30809, 14.38094, 9.15097],
			"rotation": {"angle": 45, "axis": "y", "origin": [8.57239, 13.15719, 8.97176]},
			"faces": {
				"north": {"uv": [14, 9.75, 16, 8.5], "rotation": 270, "texture": "#0"},
				"east": {"uv": [14, 9.75, 16, 8.5], "rotation": 270, "texture": "#0"},
				"south": {"uv": [14, 9.75, 16, 8.5], "rotation": 270, "texture": "#0"},
				"west": {"uv": [14, 9.75, 16, 8.5], "rotation": 270, "texture": "#0"},
				"up": {"uv": [14, 9.75, 16, 8.5], "texture": "#0"},
				"down": {"uv": [14, 9.75, 16, 8.5], "rotation": 180, "texture": "#0"}
			}
		},
		{
			"from": [8.991, 12.69655, 7.94826],
			"to": [9.16078, 14.38094, 8.49532],
			"rotation": {"angle": -22.5, "axis": "y", "origin": [8.98157, 13.15719, 8.68396]},
			"faces": {
				"north": {"uv": [14, 9.75, 16, 8.5], "rotation": 270, "texture": "#0"},
				"east": {"uv": [14, 9.75, 16, 8.5], "rotation": 270, "texture": "#0"},
				"south": {"uv": [14, 9.75, 16, 8.5], "rotation": 270, "texture": "#0"},
				"west": {"uv": [14, 9.75, 16, 8.5], "rotation": 270, "texture": "#0"},
				"up": {"uv": [14, 9.75, 16, 8.5], "texture": "#0"},
				"down": {"uv": [14, 9.75, 16, 8.5], "rotation": 180, "texture": "#0"}
			}
		},
		{
			"from": [9.2589, 12.69655, 7.55078],
			"to": [9.42868, 14.38094, 8.07284],
			"rotation": {"angle": 0, "axis": "y", "origin": [9.24947, 13.15719, 8.26148]},
			"faces": {
				"north": {"uv": [14, 9.75, 16, 8.5], "rotation": 270, "texture": "#0"},
				"east": {"uv": [14, 9.75, 16, 8.5], "rotation": 270, "texture": "#0"},
				"south": {"uv": [14, 9.75, 16, 8.5], "rotation": 270, "texture": "#0"},
				"west": {"uv": [14, 9.75, 16, 8.5], "rotation": 270, "texture": "#0"},
				"up": {"uv": [14, 9.75, 16, 8.5], "texture": "#0"},
				"down": {"uv": [14, 9.75, 16, 8.5], "rotation": 180, "texture": "#0"}
			}
		},
		{
			"from": [8.991, 12.69655, 7.35331],
			"to": [9.16078, 14.38094, 7.67537],
			"rotation": {"angle": 22.5, "axis": "y", "origin": [8.98157, 13.15719, 6.91467]},
			"faces": {
				"north": {"uv": [14, 9.75, 16, 8.5], "rotation": 270, "texture": "#0"},
				"east": {"uv": [14, 9.75, 16, 8.5], "rotation": 270, "texture": "#0"},
				"south": {"uv": [14, 9.75, 16, 8.5], "rotation": 270, "texture": "#0"},
				"west": {"uv": [14, 9.75, 16, 8.5], "rotation": 270, "texture": "#0"},
				"up": {"uv": [14, 9.75, 16, 8.5], "texture": "#0"},
				"down": {"uv": [14, 9.75, 16, 8.5], "rotation": 180, "texture": "#0"}
			}
		},
		{
			"from": [8.76103, 12.69655, 6.61744],
			"to": [9.58309, 14.38094, 6.61744],
			"rotation": {"angle": -45, "axis": "y", "origin": [8.57239, 13.15719, 6.62687]},
			"faces": {
				"north": {"uv": [14, 9.75, 16, 8.5], "rotation": 270, "texture": "#0"},
				"east": {"uv": [14, 9.75, 16, 8.5], "rotation": 270, "texture": "#0"},
				"south": {"uv": [14, 9.75, 16, 8.5], "rotation": 270, "texture": "#0"},
				"west": {"uv": [14, 9.75, 16, 8.5], "rotation": 270, "texture": "#0"},
				"up": {"uv": [14, 9.75, 16, 8.5], "texture": "#0"},
				"down": {"uv": [14, 9.75, 16, 8.5], "rotation": 180, "texture": "#0"}
			}
		},
		{
			"from": [8.27286, 12.69655, 6.50813],
			"to": [8.81992, 14.38094, 6.50813],
			"rotation": {"angle": -22.5, "axis": "y", "origin": [8.08422, 13.15719, 6.51757]},
			"faces": {
				"north": {"uv": [14, 9.75, 16, 8.5], "rotation": 270, "texture": "#0"},
				"east": {"uv": [14, 9.75, 16, 8.5], "rotation": 270, "texture": "#0"},
				"south": {"uv": [14, 9.75, 16, 8.5], "rotation": 270, "texture": "#0"},
				"west": {"uv": [14, 9.75, 16, 8.5], "rotation": 270, "texture": "#0"},
				"up": {"uv": [14, 9.75, 16, 8.5], "texture": "#0"},
				"down": {"uv": [14, 9.75, 16, 8.5], "rotation": 180, "texture": "#0"}
			}
		},
		{
			"from": [7.28719, 12.69655, 6.50813],
			"to": [7.83424, 14.38094, 6.50813],
			"rotation": {"angle": 22.5, "axis": "y", "origin": [8.02289, 13.15719, 6.51757]},
			"faces": {
				"north": {"uv": [14, 9.75, 16, 8.5], "rotation": 270, "texture": "#0"},
				"east": {"uv": [14, 9.75, 16, 8.5], "rotation": 270, "texture": "#0"},
				"south": {"uv": [14, 9.75, 16, 8.5], "rotation": 270, "texture": "#0"},
				"west": {"uv": [14, 9.75, 16, 8.5], "rotation": 270, "texture": "#0"},
				"up": {"uv": [14, 9.75, 16, 8.5], "texture": "#0"},
				"down": {"uv": [14, 9.75, 16, 8.5], "rotation": 180, "texture": "#0"}
			}
		},
		{
			"from": [7.78002, 12.69655, 6.59396],
			"to": [8.32708, 14.38094, 6.59396],
			"rotation": {"angle": 0, "axis": "y", "origin": [7.59138, 13.15719, 6.6034]},
			"faces": {
				"north": {"uv": [14, 9.75, 16, 8.5], "rotation": 270, "texture": "#0"},
				"east": {"uv": [14, 9.75, 16, 8.5], "rotation": 270, "texture": "#0"},
				"south": {"uv": [14, 9.75, 16, 8.5], "rotation": 270, "texture": "#0"},
				"west": {"uv": [14, 9.75, 16, 8.5], "rotation": 270, "texture": "#0"},
				"up": {"uv": [14, 9.75, 16, 8.5], "texture": "#0"},
				"down": {"uv": [14, 9.75, 16, 8.5], "rotation": 180, "texture": "#0"}
			}
		},
		{
			"from": [6.74902, 12.69655, 6.61744],
			"to": [7.34608, 14.38094, 6.61744],
			"rotation": {"angle": 45, "axis": "y", "origin": [7.53472, 13.15719, 6.62687]},
			"faces": {
				"north": {"uv": [14, 9.75, 16, 8.5], "rotation": 270, "texture": "#0"},
				"east": {"uv": [14, 9.75, 16, 8.5], "rotation": 270, "texture": "#0"},
				"south": {"uv": [14, 9.75, 16, 8.5], "rotation": 270, "texture": "#0"},
				"west": {"uv": [14, 9.75, 16, 8.5], "rotation": 270, "texture": "#0"},
				"up": {"uv": [14, 9.75, 16, 8.5], "texture": "#0"},
				"down": {"uv": [14, 9.75, 16, 8.5], "rotation": 180, "texture": "#0"}
			}
		},
		{
			"from": [6.94633, 12.69655, 7.17831],
			"to": [7.1161, 14.38094, 7.65037],
			"rotation": {"angle": -22.5, "axis": "y", "origin": [7.12554, 13.15719, 6.91467]},
			"faces": {
				"north": {"uv": [14, 9.75, 16, 8.5], "rotation": 270, "texture": "#0"},
				"east": {"uv": [14, 9.75, 16, 8.5], "rotation": 270, "texture": "#0"},
				"south": {"uv": [14, 9.75, 16, 8.5], "rotation": 270, "texture": "#0"},
				"west": {"uv": [14, 9.75, 16, 8.5], "rotation": 270, "texture": "#0"},
				"up": {"uv": [14, 9.75, 16, 8.5], "texture": "#0"},
				"down": {"uv": [14, 9.75, 16, 8.5], "rotation": 180, "texture": "#0"}
			}
		},
		{
			"name": "kaf",
			"from": [0, 0.04317, -1],
			"to": [16, 0.04317, 16.93],
			"rotation": {"angle": 0, "axis": "y", "origin": [-5, 0, 1]},
			"faces": {
				"north": {"uv": [40, 59.2, 67.2, 80.4], "rotation": 180, "texture": "#missing"},
				"east": {"uv": [40, 59.2, 67.2, 80.4], "rotation": 180, "texture": "#missing"},
				"south": {"uv": [40, 59.2, 67.2, 80.4], "rotation": 180, "texture": "#missing"},
				"west": {"uv": [40, 59.2, 67.2, 80.4], "rotation": 180, "texture": "#missing"},
				"up": {"uv": [7.75, 2.5, 9.75, 0], "rotation": 90, "texture": "#0"},
				"down": {"uv": [7.75, 2.5, 9.75, 0], "rotation": 90, "texture": "#0"}
			}
		}
	]
}