{
	"format_version": "1.21.6",
	"credit": "Made with Blockbench",
	"texture_size": [128, 128],
	"textures": {
		"0": "block/crafter",
		"particle": "block/crafter"
	},
	"elements": [
		{
			"from": [2, 2, -1],
			"to": [14, 12, 0],
			"faces": {
				"north": {"uv": [6.625, 4.5, 8.125, 5.75], "texture": "#0"},
				"east": {"uv": [6.5, 4.5, 6.625, 5.75], "texture": "#0"},
				"south": {"uv": [8.25, 4.5, 9.75, 5.75], "texture": "#0"},
				"west": {"uv": [8.125, 4.5, 8.25, 5.75], "texture": "#0"},
				"up": {"uv": [8.125, 4.5, 6.625, 4.375], "texture": "#0"},
				"down": {"uv": [9.625, 4.375, 8.125, 4.5], "texture": "#0"}
			}
		},
		{
			"from": [0, 0, 0],
			"to": [16, 16, 16],
			"faces": {
				"north": {"uv": [2, 2, 4, 4], "texture": "#0"},
				"east": {"uv": [0, 2, 2, 4], "texture": "#0"},
				"south": {"uv": [6, 2, 8, 4], "texture": "#0"},
				"west": {"uv": [4, 2, 6, 4], "texture": "#0"},
				"up": {"uv": [4, 2, 2, 0], "texture": "#0"},
				"down": {"uv": [6, 0, 4, 2], "texture": "#0"}
			}
		},
		{
			"from": [9, 21, 2],
			"to": [16, 27, 7],
			"faces": {
				"north": {"uv": [0.625, 8, 1.5, 8.75], "texture": "#0"},
				"east": {"uv": [0, 8, 0.625, 8.75], "texture": "#0"},
				"south": {"uv": [2.125, 8, 3, 8.75], "texture": "#0"},
				"west": {"uv": [1.5, 8, 2.125, 8.75], "texture": "#0"},
				"up": {"uv": [1.5, 8, 0.625, 7.375], "texture": "#0"},
				"down": {"uv": [2.375, 7.375, 1.5, 8], "texture": "#0"}
			}
		},
		{
			"from": [0, 21, 2],
			"to": [7, 27, 7],
			"faces": {
				"north": {"uv": [7.125, 6.375, 8, 7.125], "texture": "#0"},
				"east": {"uv": [6.5, 6.375, 7.125, 7.125], "texture": "#0"},
				"south": {"uv": [8.625, 6.375, 9.5, 7.125], "texture": "#0"},
				"west": {"uv": [8, 6.375, 8.625, 7.125], "texture": "#0"},
				"up": {"uv": [8, 6.375, 7.125, 5.75], "texture": "#0"},
				"down": {"uv": [8.875, 5.75, 8, 6.375], "texture": "#0"}
			}
		},
		{
			"from": [-3, 11.5, -3],
			"to": [0, 14.5, 9],
			"rotation": {"angle": -22.5, "axis": "x", "origin": [0, 12, 9]},
			"faces": {
				"north": {"uv": [8, 4, 8.375, 4.375], "texture": "#0"},
				"east": {"uv": [6.5, 4, 8, 4.375], "texture": "#0"},
				"south": {"uv": [9.875, 4, 10.25, 4.375], "texture": "#0"},
				"west": {"uv": [8.375, 4, 9.875, 4.375], "texture": "#0"},
				"up": {"uv": [8.375, 4, 8, 2.5], "texture": "#0"},
				"down": {"uv": [8.75, 2.5, 8.375, 4], "texture": "#0"}
			}
		},
		{
			"from": [-3, 14.35, -5.05],
			"to": [0, 15.35, -2.05],
			"rotation": {"angle": -22.5, "axis": "x", "origin": [0, 12, 9]},
			"faces": {
				"north": {"uv": [0.375, 1.625, 0.75, 1.75], "texture": "#0"},
				"east": {"uv": [0, 1.625, 0.375, 1.75], "texture": "#0"},
				"south": {"uv": [1.125, 1.625, 1.5, 1.75], "texture": "#0"},
				"west": {"uv": [0.75, 1.625, 1.125, 1.75], "texture": "#0"},
				"up": {"uv": [0.75, 1.625, 0.375, 1.25], "texture": "#0"},
				"down": {"uv": [1.125, 1.25, 0.75, 1.625], "texture": "#0"}
			}
		},
		{
			"from": [-2.5, 10.575, -4.9],
			"to": [-0.5, 11.575, -1.9],
			"rotation": {"angle": -22.5, "axis": "x", "origin": [0, 12, 9]},
			"faces": {
				"north": {"uv": [4.75, 4.5, 5, 4.625], "texture": "#0"},
				"east": {"uv": [4.375, 4.5, 4.75, 4.625], "texture": "#0"},
				"south": {"uv": [5.375, 4.5, 5.625, 4.625], "texture": "#0"},
				"west": {"uv": [5, 4.5, 5.375, 4.625], "texture": "#0"},
				"up": {"uv": [5, 4.5, 4.75, 4.125], "texture": "#0"},
				"down": {"uv": [5.25, 4.125, 5, 4.5], "texture": "#0"}
			}
		},
		{
			"from": [-3, 0, -2],
			"to": [0, 7, 18],
			"faces": {
				"north": {"uv": [2.5, 6.5, 2.875, 7.375], "texture": "#0"},
				"east": {"uv": [0, 6.5, 2.5, 7.375], "texture": "#0"},
				"south": {"uv": [5.375, 6.5, 5.75, 7.375], "texture": "#0"},
				"west": {"uv": [2.875, 6.5, 5.375, 7.375], "texture": "#0"},
				"up": {"uv": [2.875, 6.5, 2.5, 4], "texture": "#0"},
				"down": {"uv": [3.25, 4, 2.875, 6.5], "texture": "#0"}
			}
		},
		{
			"from": [16, 0, -2],
			"to": [19, 7, 17],
			"faces": {
				"north": {"uv": [5.75, 7.375, 6.125, 8.25], "texture": "#0"},
				"east": {"uv": [3.375, 7.375, 5.75, 8.25], "texture": "#0"},
				"south": {"uv": [8.5, 7.375, 8.875, 8.25], "texture": "#0"},
				"west": {"uv": [6.125, 7.375, 8.5, 8.25], "texture": "#0"},
				"up": {"uv": [6.125, 7.375, 5.75, 5], "texture": "#0"},
				"down": {"uv": [6.5, 5, 6.125, 7.375], "texture": "#0"}
			}
		},
		{
			"from": [6, 16, 7],
			"to": [10, 21, 11],
			"faces": {
				"north": {"uv": [0.5, 4.5, 1, 5.125], "texture": "#0"},
				"east": {"uv": [0, 4.5, 0.5, 5.125], "texture": "#0"},
				"south": {"uv": [1.5, 4.5, 2, 5.125], "texture": "#0"},
				"west": {"uv": [1, 4.5, 1.5, 5.125], "texture": "#0"},
				"up": {"uv": [1, 4.5, 0.5, 4], "texture": "#0"},
				"down": {"uv": [1.5, 4, 1, 4.5], "texture": "#0"}
			}
		},
		{
			"from": [5.9, 7.05, 18.5],
			"to": [10.1, 13.25, 22.7],
			"rotation": {"angle": -45, "axis": "x", "origin": [0, 0, 0]},
			"faces": {
				"north": {"uv": [0.5, 0.5, 1, 1.25], "texture": "#0"},
				"east": {"uv": [0, 0.5, 0.5, 1.25], "texture": "#0"},
				"south": {"uv": [1.5, 0.5, 2, 1.25], "texture": "#0"},
				"west": {"uv": [1, 0.5, 1.5, 1.25], "texture": "#0"},
				"up": {"uv": [1, 0.5, 0.5, 0], "texture": "#0"},
				"down": {"uv": [1.5, 0, 1, 0.5], "texture": "#0"}
			}
		},
		{
			"from": [16, 11.5, -3],
			"to": [19, 14.5, 9],
			"rotation": {"angle": -22.5, "axis": "x", "origin": [16, 13, 9]},
			"faces": {
				"north": {"uv": [7.5, 1.5, 7.875, 1.875], "texture": "#0"},
				"east": {"uv": [6, 1.5, 7.5, 1.875], "texture": "#0"},
				"south": {"uv": [9.375, 1.5, 9.75, 1.875], "texture": "#0"},
				"west": {"uv": [7.875, 1.5, 9.375, 1.875], "texture": "#0"},
				"up": {"uv": [7.875, 1.5, 7.5, 0], "texture": "#0"},
				"down": {"uv": [8.25, 0, 7.875, 1.5], "texture": "#0"}
			}
		},
		{
			"from": [16, 14.35, -5.05],
			"to": [19, 15.35, -2.05],
			"rotation": {"angle": -22.5, "axis": "x", "origin": [16, 13, 9]},
			"faces": {
				"north": {"uv": [3.625, 4.375, 4, 4.5], "texture": "#0"},
				"east": {"uv": [3.25, 4.375, 3.625, 4.5], "texture": "#0"},
				"south": {"uv": [4.375, 4.375, 4.75, 4.5], "texture": "#0"},
				"west": {"uv": [4, 4.375, 4.375, 4.5], "texture": "#0"},
				"up": {"uv": [4, 4.375, 3.625, 4], "texture": "#0"},
				"down": {"uv": [4.375, 4, 4, 4.375], "texture": "#0"}
			}
		},
		{
			"from": [16.5, 10.575, -4.9],
			"to": [18.5, 11.575, -1.9],
			"rotation": {"angle": -22.5, "axis": "x", "origin": [16, 13, 9]},
			"faces": {
				"north": {"uv": [3.625, 4.875, 3.875, 5], "texture": "#0"},
				"east": {"uv": [3.25, 4.875, 3.625, 5], "texture": "#0"},
				"south": {"uv": [4.25, 4.875, 4.5, 5], "texture": "#0"},
				"west": {"uv": [3.875, 4.875, 4.25, 5], "texture": "#0"},
				"up": {"uv": [3.875, 4.875, 3.625, 4.5], "texture": "#0"},
				"down": {"uv": [4.125, 4.5, 3.875, 4.875], "texture": "#0"}
			}
		}
	],
	"gui_light": "front",
	"display": {
		"thirdperson_righthand": {
			"rotation": [60, 0, 0],
			"scale": [0.6, 0.6, 0.6]
		},
		"thirdperson_lefthand": {
			"rotation": [60, 0, 0],
			"scale": [0.6, 0.6, 0.6]
		},
		"firstperson_righthand": {
			"scale": [0.4, 0.4, 0.4]
		},
		"firstperson_lefthand": {
			"scale": [0.4, 0.4, 0.4]
		},
		"ground": {
			"translation": [0, 5.25, 0],
			"scale": [0.6, 0.6, 0.6]
		},
		"gui": {
			"rotation": [17, 144, 0],
			"translation": [0, -2, 0],
			"scale": [0.5, 0.5, 0.5]
		}
	},
	"groups": [
		{
			"name": "group",
			"origin": [8, 8, 8],
			"color": 0,
			"children": [
				0,
				1,
				2,
				3,
				{
					"name": "arm1",
					"origin": [0, 0, 0],
					"color": 0,
					"children": [4, 5, 6]
				},
				7,
				8,
				9,
				10,
				{
					"name": "arm2",
					"origin": [8, 8, 8],
					"color": 0,
					"children": [11, 12, 13]
				}
			]
		}
	]
}