{
	"credit": "Made with Blockbench",
	"textures": {
		"0": "block/colah_postchi_texture",
		"particle": "block/colah_postchi_texture"
	},
	"elements": [
		{
			"from": [1.9, 0, 2],
			"to": [14.9, 1, 15],
			"rotation": {"angle": 0, "axis": "y", "origin": [2, 0, 2]},
			"faces": {
				"north": {"uv": [0, 0, 13, 1], "texture": "#0"},
				"east": {"uv": [0, 0, 13, 1], "texture": "#0"},
				"south": {"uv": [0, 0, 13, 1], "texture": "#0"},
				"west": {"uv": [0, 0, 13, 1], "texture": "#0"},
				"up": {"uv": [0, 0, 13, 13], "texture": "#0"},
				"down": {"uv": [0, 0, 13, 13], "texture": "#0"}
			}
		},
		{
			"from": [2.4, 1, 6],
			"to": [14.4, 3, 14.7],
			"rotation": {"angle": 0, "axis": "y", "origin": [3, 1, 2]},
			"faces": {
				"north": {"uv": [0, 0, 11, 2], "texture": "#0"},
				"east": {"uv": [0, 0, 8.7, 2], "texture": "#0"},
				"south": {"uv": [0, 0, 11, 2], "texture": "#0"},
				"west": {"uv": [0, 0, 8.7, 2], "texture": "#0"},
				"up": {"uv": [0, 0, 11, 8.7], "texture": "#0"},
				"down": {"uv": [0, 0, 11, 8.7], "texture": "#0"}
			}
		}
	],
	"display": {
		"thirdperson_righthand": {
			"translation": [0, 7, 0],
			"scale": [0.5, 1, 0.5]
		},
		"thirdperson_lefthand": {
			"translation": [0, 4.5, 0],
			"scale": [0.48828, 0.54883, 0.43555]
		},
		"firstperson_righthand": {
			"translation": [-0.5, 6.25, 0],
			"scale": [0.6, 0.6, 0.6]
		},
		"firstperson_lefthand": {
			"translation": [0, 6.5, 0],
			"scale": [0.6, 0.6, 0.6]
		},
		"ground": {
			"translation": [0, 5, 0]
		},
		"gui": {
			"rotation": [35, 129, 0],
			"translation": [-0.5, 3, 0],
			"scale": [0.8, 0.8, 0.8]
		},
		"head": {
			"translation": [-0.5, 13.5, -3.5],
			"scale": [1.08984, 1, 1.45508]
		},
		"fixed": {
			"translation": [0, 4.25, -6.5]
		}
	}
}