{
	"credit": "Made with Blockbench",
	"textures": {
		"0": "block/taxi_texture",
		"1": "block/logo_taxi",
		"particle": "block/taxi_texture"
	},
	"elements": [
		{
			"from": [0.9, 0, 1],
			"to": [13.9, 1, 14],
			"rotation": {"angle": 0, "axis": "y", "origin": [1, 0, 1]},
			"faces": {
				"north": {"uv": [0, 0, 13, 1], "texture": "#0"},
				"east": {"uv": [0, 0, 13, 1], "texture": "#0"},
				"south": {"uv": [0, 0, 13, 1], "texture": "#0"},
				"west": {"uv": [0, 0, 13, 1], "texture": "#0"},
				"up": {"uv": [0, 0, 13, 13], "texture": "#0"},
				"down": {"uv": [0, 0, 13, 13], "texture": "#0"}
			}
		},
		{
			"from": [1.4, 1, 5],
			"to": [5.9, 4, 13.7],
			"rotation": {"angle": 0, "axis": "y", "origin": [2, 1, 1]},
			"faces": {
				"north": {"uv": [0, 0, 11, 2], "texture": "#0"},
				"east": {"uv": [0, 0, 8.7, 2], "texture": "#0"},
				"south": {"uv": [0, 0, 11, 2], "texture": "#0"},
				"west": {"uv": [0, 0, 8.7, 2], "texture": "#0"},
				"up": {"uv": [0, 0, 11, 8.7], "texture": "#0"},
				"down": {"uv": [0, 0, 11, 8.7], "texture": "#0"}
			}
		},
		{
			"from": [8.9, 1, 5],
			"to": [13.4, 4, 13.7],
			"rotation": {"angle": 0, "axis": "y", "origin": [9, 1, 1]},
			"faces": {
				"north": {"uv": [0, 0, 11, 2], "texture": "#0"},
				"east": {"uv": [0, 0, 8.7, 2], "texture": "#0"},
				"south": {"uv": [0, 0, 11, 2], "texture": "#0"},
				"west": {"uv": [0, 0, 8.7, 2], "texture": "#0"},
				"up": {"uv": [0, 0, 11, 8.7], "texture": "#0"},
				"down": {"uv": [0, 0, 11, 8.7], "texture": "#0"}
			}
		},
		{
			"from": [5.9, 1, 5],
			"to": [8.9, 4, 13.7],
			"rotation": {"angle": 0, "axis": "y", "origin": [7, 1, 1]},
			"faces": {
				"north": {"uv": [1.36533, 4.72178, 14.22133, 11.55733], "texture": "#1"},
				"east": {"uv": [0, 0, 8.7, 2], "texture": "#0"},
				"south": {"uv": [0, 0, 11, 2], "texture": "#0"},
				"west": {"uv": [0, 0, 8.7, 2], "texture": "#0"},
				"up": {"uv": [0, 0, 11, 8.7], "texture": "#0"},
				"down": {"uv": [0, 0, 11, 8.7], "texture": "#0"}
			}
		}
	],
	"display": {
		"thirdperson_righthand": {
			"translation": [-0.25, 7.75, 0],
			"scale": [0.5, 1, 0.5]
		},
		"thirdperson_lefthand": {
			"translation": [2.25, 5.5, 0],
			"scale": [0.48828, 0.54883, 0.43555]
		},
		"firstperson_righthand": {
			"translation": [0, 6.5, 0],
			"scale": [0.7, 0.7, 0.7]
		},
		"firstperson_lefthand": {
			"translation": [-2, 7.25, -0.25],
			"scale": [0.7, 0.7, 0.7]
		},
		"ground": {
			"translation": [0, 6, 0]
		},
		"gui": {
			"rotation": [24, 154, 0],
			"translation": [-0.5, 4.25, 0],
			"scale": [0.9, 0.9, 0.9]
		},
		"head": {
			"translation": [0.75, 13.5, -1.5],
			"scale": [1.08984, 1, 1.45508]
		},
		"fixed": {
			"translation": [0, 4.25, 0]
		}
	}
}