{
	"credit": "Made with Blockbench",
	"parent": "block/block",
	"textures": {
		"particle": "block/acacia_leaves",
		"block": "block/acacia_leaves",
		"cross": "block/bushy_leaves/acacia_leaves_cross"
	},
	"elements": [
		{
			"name": "block",
			"from": [0, 0, 0],
			"to": [16, 16, 16],
			"faces": {
				"north": {"uv": [0, 0, 16, 16], "texture": "#block", "cullface": "north", "tintindex": 0},
				"east": {"uv": [0, 0, 16, 16], "texture": "#block", "cullface": "east", "tintindex": 0},
				"south": {"uv": [0, 0, 16, 16], "texture": "#block", "cullface": "south", "tintindex": 0},
				"west": {"uv": [0, 0, 16, 16], "texture": "#block", "cullface": "west", "tintindex": 0},
				"up": {"uv": [0, 0, 16, 16], "texture": "#block", "cullface": "up", "tintindex": 0},
				"down": {"uv": [0, 0, 16, 16], "texture": "#block", "cullface": "down", "tintindex": 0}
			}
		},
		{
			"name": "cross",
			"from": [8, -5, -6.75],
			"to": [8, 21, 23.25],
			"rotation": {"angle": 45, "axis": "y", "origin": [8, 8, 8]},
			"faces": {
				"east": {"uv": [0, 0, 16, 16], "texture": "#cross", "tintindex": 0},
				"west": {"uv": [16, 0, 0, 16], "texture": "#cross", "tintindex": 0}
			}
		},
		{
			"name": "cross",
			"from": [-6.75, -5, 8],
			"to": [23.25, 21, 8],
			"rotation": {"angle": 45, "axis": "y", "origin": [8, 8, 8]},
			"faces": {
				"north": {"uv": [0, 0, 16, 16], "texture": "#cross", "tintindex": 0},
				"south": {"uv": [16, 0, 0, 16], "texture": "#cross", "tintindex": 0}
			}
		},
		{
			"from": [0, 9, -5],
			"to": [16, 9, 1],
			"rotation": {"angle": 22.5, "axis": "x", "origin": [8, 9, -0.5]},
			"faces": {
				"up": {"uv": [3.5, 12.5, 11.5, 15.5], "rotation": 180, "texture": "#cross", "tintindex": 0},
				"down": {"uv": [11.5, 12.5, 3.5, 15.5], "texture": "#cross", "tintindex": 0}
			}
		},
		{
			"from": [0, 9, 15],
			"to": [16, 9, 21],
			"rotation": {"angle": -22.5, "axis": "x", "origin": [8, 9, 16.5]},
			"faces": {
				"up": {"uv": [3.5, 12.5, 11.5, 15.5], "texture": "#cross", "tintindex": 0},
				"down": {"uv": [11.5, 12.5, 3.5, 15.5], "rotation": 180, "texture": "#cross", "tintindex": 0}
			}
		},
		{
			"from": [15, 9, -0.5],
			"to": [21, 9, 15.5],
			"rotation": {"angle": 22.5, "axis": "z", "origin": [16.5, 9, 7.5]},
			"faces": {
				"up": {"uv": [3.5, 12.5, 11.5, 15.5], "rotation": 270, "texture": "#cross", "tintindex": 0},
				"down": {"uv": [11.5, 12.5, 3.5, 15.5], "rotation": 270, "texture": "#cross", "tintindex": 0}
			}
		},
		{
			"from": [-5, 9, -0.5],
			"to": [1, 9, 15.5],
			"rotation": {"angle": -22.5, "axis": "z", "origin": [-0.5, 9, 7.5]},
			"faces": {
				"up": {"uv": [3.5, 12.5, 11.5, 15.5], "rotation": 90, "texture": "#cross", "tintindex": 0},
				"down": {"uv": [11.5, 12.5, 3.5, 15.5], "rotation": 90, "texture": "#cross", "tintindex": 0}
			}
		}
	]
}