{
	"credit": "www.sebxter.pl",
	"texture_size": [256, 256],
	"textures": {
		"1": "block/seats",
		"5": "block/fire_engine",
		"particle": "block/tire_1",
		"1_2": "block/tire_1",
		"2_1": "block/tire_template"
	},
	"elements": [
		{
			"from": [15, 4, -6.5],
			"to": [17, 7, -0.5],
			"rotation": {"angle": 0, "axis": "y", "origin": [8, 4.5, -6]},
			"faces": {
				"east": {"uv": [5.8125, 6.6875, 6.1875, 6.875], "texture": "#5"},
				"west": {"uv": [0.5, 6.75, 0.875, 6.9375], "texture": "#5"},
				"up": {"uv": [0.125, 7.4375, 0, 7.0625], "texture": "#5"}
			}
		},
		{
			"from": [0, 0, -6.5],
			"to": [1, 4, -0.5],
			"rotation": {"angle": 0, "axis": "y", "origin": [8, 2, 8.5]},
			"faces": {
				"down": {"uv": [4.875, 7.0625, 4.8125, 7.4375], "texture": "#5"}
			}
		},
		{
			"from": [15, 0, -6.5],
			"to": [16, 4, -0.5],
			"rotation": {"angle": 0, "axis": "y", "origin": [8, 2, 8.5]},
			"faces": {
				"down": {"uv": [6.0625, 7.4375, 6, 7.8125], "texture": "#5"}
			}
		},
		{
			"from": [15, 0, -8.5],
			"to": [17, 7, -6.5],
			"rotation": {"angle": 0, "axis": "y", "origin": [8, 4.5, -6]},
			"faces": {
				"east": {"uv": [2.625, 6.9375, 2.75, 7.375], "texture": "#5"},
				"west": {"uv": [6.625, 6.9375, 6.75, 7.375], "texture": "#5"},
				"up": {"uv": [5.25, 3.6875, 5.125, 3.5625], "texture": "#5"},
				"down": {"uv": [5.4375, 4.1875, 5.3125, 4.3125], "texture": "#5"}
			}
		},
		{
			"from": [15, 0, -0.5],
			"to": [17, 7, 3.5],
			"rotation": {"angle": 0, "axis": "y", "origin": [8, 4.5, -6]},
			"faces": {
				"east": {"uv": [0.5625, 3.375, 0.8125, 3.8125], "texture": "#5"},
				"west": {"uv": [3.375, 6.125, 3.625, 6.5625], "texture": "#5"},
				"up": {"uv": [2.75, 7.6875, 2.625, 7.4375], "texture": "#5"},
				"down": {"uv": [5.9375, 7.4375, 5.8125, 7.6875], "texture": "#5"}
			}
		},
		{
			"from": [-1, 0, -0.5],
			"to": [1, 7, 3.5],
			"shade": false,
			"rotation": {"angle": 0, "axis": "y", "origin": [8, 4.5, -6]},
			"faces": {
				"east": {"uv": [3.6875, 6.125, 3.9375, 6.5625], "texture": "#5"},
				"west": {"uv": [4, 6.125, 4.25, 6.5625], "texture": "#5"},
				"up": {"uv": [6.4375, 7.6875, 6.3125, 7.4375], "texture": "#5"},
				"down": {"uv": [6.625, 7.4375, 6.5, 7.6875], "texture": "#5"}
			}
		},
		{
			"from": [-1, 4, -6.5],
			"to": [1, 7, -0.5],
			"shade": false,
			"rotation": {"angle": 0, "axis": "y", "origin": [8, 4.5, -6]},
			"faces": {
				"east": {"uv": [0.9375, 6.75, 1.3125, 6.9375], "texture": "#5"},
				"west": {"uv": [2.8125, 6.75, 3.1875, 6.9375], "texture": "#5"},
				"up": {"uv": [4, 7.4375, 3.875, 7.0625], "texture": "#5"}
			}
		},
		{
			"from": [-1, 0, -8.5],
			"to": [1, 7, -6.5],
			"shade": false,
			"rotation": {"angle": 0, "axis": "y", "origin": [8, 4.5, -6]},
			"faces": {
				"east": {"uv": [1.5625, 7, 1.6875, 7.4375], "texture": "#5"},
				"west": {"uv": [2.8125, 7, 2.9375, 7.4375], "texture": "#5"},
				"up": {"uv": [7.8125, 5.6875, 7.6875, 5.5625], "texture": "#5"},
				"down": {"uv": [7.875, 3.1875, 7.75, 3.3125], "texture": "#5"}
			}
		},
		{
			"from": [-1, 0, -10.5],
			"to": [17, 7, -8.5],
			"rotation": {"angle": 0, "axis": "y", "origin": [8, 4.5, -6]},
			"faces": {
				"north": {"uv": [3.375, 1.5, 4.5, 1.9375], "texture": "#5"},
				"east": {"uv": [3, 7, 3.125, 7.4375], "texture": "#5"},
				"south": {"uv": [0.5625, 3.9375, 1.6875, 4.375], "texture": "#5"},
				"west": {"uv": [3.1875, 7, 3.3125, 7.4375], "texture": "#5"},
				"up": {"uv": [7, 2.0625, 5.875, 1.9375], "texture": "#5"},
				"down": {"uv": [7, 2.125, 5.875, 2.25], "texture": "#5"}
			}
		},
		{
			"from": [14, 4.6, -11.25],
			"to": [16, 6.6, -9.25],
			"rotation": {"angle": -22.5, "axis": "y", "origin": [15, 5.6, -10.25]},
			"faces": {
				"north": {"uv": [7.75, 4.3125, 7.875, 4.4375], "texture": "#5"},
				"east": {"uv": [5.8125, 7.75, 5.9375, 7.875], "texture": "#5"},
				"west": {"uv": [6.4375, 7.75, 6.5625, 7.875], "texture": "#5"},
				"up": {"uv": [6.75, 7.875, 6.625, 7.75], "texture": "#5"},
				"down": {"uv": [7.875, 6.9375, 7.75, 7.0625], "texture": "#5"}
			}
		},
		{
			"from": [0, 4.6, -11.25],
			"to": [2, 6.6, -9.25],
			"rotation": {"angle": 22.5, "axis": "y", "origin": [1, 5.6, -10.25]},
			"faces": {
				"north": {"uv": [7.125, 7.75, 7.25, 7.875], "texture": "#5"},
				"east": {"uv": [7.3125, 7.75, 7.4375, 7.875], "texture": "#5"},
				"west": {"uv": [0, 7.8125, 0.125, 7.9375], "texture": "#5"},
				"up": {"uv": [0.3125, 7.9375, 0.1875, 7.8125], "texture": "#5"},
				"down": {"uv": [0.625, 7.8125, 0.5, 7.9375], "texture": "#5"}
			}
		},
		{
			"from": [12.8033, -4.3033, -12],
			"to": [13.8033, -3.3033, -10],
			"rotation": {"angle": 45, "axis": "z", "origin": [8, 1.5, -10.91667]},
			"faces": {
				"north": {"uv": [3.375, 6, 3.4375, 6.0625], "texture": "#5"},
				"east": {"uv": [7.875, 7.125, 8, 7.1875], "texture": "#5"},
				"south": {"uv": [2.8125, 6.625, 2.875, 6.6875], "texture": "#5"},
				"west": {"uv": [7.9375, 1.0625, 8.0625, 1.125], "texture": "#5"},
				"up": {"uv": [4.0625, 3.875, 4, 3.75], "texture": "#5"},
				"down": {"uv": [5.25, 0.3125, 5.1875, 0.4375], "texture": "#5"}
			}
		},
		{
			"from": [13, 1, -12],
			"to": [14, 2, -10],
			"rotation": {"angle": 45, "axis": "z", "origin": [13.5, 1.5, -11]},
			"faces": {
				"north": {"uv": [2.25, 6.8125, 2.3125, 6.875], "texture": "#5"},
				"east": {"uv": [7.9375, 5.75, 8.0625, 5.8125], "texture": "#5"},
				"south": {"uv": [6.125, 7.1875, 6.1875, 7.25], "texture": "#5"},
				"west": {"uv": [6.625, 7.9375, 6.75, 8], "texture": "#5"},
				"up": {"uv": [4.25, 6.75, 4.1875, 6.625], "texture": "#5"},
				"down": {"uv": [8, 6.875, 7.9375, 7], "texture": "#5"}
			}
		},
		{
			"from": [2.1967, -4.3033, -12],
			"to": [3.1967, -3.3033, -10],
			"rotation": {"angle": -45, "axis": "z", "origin": [8, 1.5, -10.91667]},
			"faces": {
				"north": {"uv": [6.3125, 7.3125, 6.375, 7.375], "texture": "#5"},
				"east": {"uv": [7.125, 7.9375, 7.25, 8], "texture": "#5"},
				"south": {"uv": [1.4375, 7.375, 1.5, 7.4375], "texture": "#5"},
				"west": {"uv": [7.3125, 7.9375, 7.4375, 8], "texture": "#5"},
				"up": {"uv": [8, 7.75, 7.9375, 7.625], "texture": "#5"},
				"down": {"uv": [8, 7.8125, 7.9375, 7.9375], "texture": "#5"}
			}
		},
		{
			"from": [2, 1, -12],
			"to": [3, 2, -10],
			"rotation": {"angle": -45, "axis": "z", "origin": [2.5, 1.5, -11]},
			"faces": {
				"north": {"uv": [7.8125, 2.9375, 7.875, 3], "texture": "#5"},
				"east": {"uv": [0, 8, 0.125, 8.0625], "texture": "#5"},
				"south": {"uv": [2.5, 8.0625, 2.5625, 8.125], "texture": "#5"},
				"west": {"uv": [8, 0, 8.125, 0.0625], "texture": "#5"},
				"up": {"uv": [0.25, 8.125, 0.1875, 8], "texture": "#5"},
				"down": {"uv": [8.0625, 0.3125, 8, 0.4375], "texture": "#5"}
			}
		},
		{
			"from": [0.5, 2.5, -12.25],
			"to": [15.5, 3.5, -11.25],
			"rotation": {"angle": 45, "axis": "x", "origin": [8, 3, -11.75]},
			"faces": {
				"north": {"uv": [2.375, 1.5, 3.3125, 1.5625], "texture": "#5"},
				"east": {"uv": [4.3125, 8.0625, 4.375, 8.125], "texture": "#5"},
				"south": {"uv": [6.9375, 1.3125, 7.875, 1.375], "texture": "#5"},
				"west": {"uv": [4.4375, 8.0625, 4.5, 8.125], "texture": "#5"},
				"up": {"uv": [7.875, 1.5, 6.9375, 1.4375], "texture": "#5"},
				"down": {"uv": [7.875, 1.5625, 6.9375, 1.625], "texture": "#5"}
			}
		},
		{
			"from": [-1.5, 2, -11.5],
			"to": [17.5, 4, -7.5],
			"rotation": {"angle": 0, "axis": "y", "origin": [8.5, 3, -9.5]},
			"faces": {
				"north": {"uv": [5.6875, 1.5625, 6.875, 1.6875], "texture": "#5"},
				"east": {"uv": [7.3125, 4.75, 7.5625, 4.875], "texture": "#5"},
				"south": {"uv": [5.875, 1.75, 7.0625, 1.875], "texture": "#5"},
				"west": {"uv": [7.375, 2.875, 7.625, 3], "texture": "#5"},
				"up": {"uv": [5.8125, 2, 4.625, 1.75], "texture": "#5"},
				"down": {"uv": [5.8125, 2.0625, 4.625, 2.3125], "texture": "#5"}
			}
		},
		{
			"from": [0.5, 1, -11.5],
			"to": [15.5, 2, -7.5],
			"rotation": {"angle": 0, "axis": "y", "origin": [8.5, 3, -9.5]},
			"faces": {
				"north": {"uv": [3.875, 6.9375, 4.8125, 7], "texture": "#5"},
				"south": {"uv": [6.9375, 5.8125, 7.875, 5.875], "texture": "#5"},
				"down": {"uv": [6.25, 0.3125, 5.3125, 0.5625], "texture": "#5"}
			}
		},
		{
			"from": [12, 4, -11.5],
			"to": [13, 7, -10.5],
			"rotation": {"angle": 0, "axis": "y", "origin": [8, 3, -9.5]},
			"faces": {
				"north": {"uv": [1.6875, 5.9375, 1.75, 6.125], "texture": "#5"},
				"east": {"uv": [0.375, 7.875, 0.4375, 8.0625], "texture": "#5"},
				"west": {"uv": [6, 7.875, 6.0625, 8.0625], "texture": "#5"},
				"up": {"uv": [4.625, 8.125, 4.5625, 8.0625], "texture": "#5"}
			}
		},
		{
			"from": [3, 4, -11.5],
			"to": [4, 7, -10.5],
			"rotation": {"angle": 0, "axis": "y", "origin": [8, 3, -9.5]},
			"faces": {
				"north": {"uv": [0.875, 7.9375, 0.9375, 8.125], "texture": "#5"},
				"east": {"uv": [4.875, 7.9375, 4.9375, 8.125], "texture": "#5"},
				"west": {"uv": [5, 7.9375, 5.0625, 8.125], "texture": "#5"},
				"up": {"uv": [8.125, 4.875, 8.0625, 4.8125], "texture": "#5"}
			}
		},
		{
			"from": [4.5, 3.84672, -11.7294],
			"to": [5.5, 6.84672, -9.7294],
			"rotation": {"angle": -22.5, "axis": "z", "origin": [5, 4.84672, -10.7294]},
			"faces": {
				"north": {"uv": [5.8125, 7.9375, 5.875, 8.125], "texture": "#5"},
				"east": {"uv": [3.8125, 7.5, 3.9375, 7.6875], "texture": "#5"},
				"south": {"uv": [6.25, 7.9375, 6.3125, 8.125], "texture": "#5"},
				"west": {"uv": [7.5, 3.8125, 7.625, 4], "texture": "#5"},
				"up": {"uv": [0.5625, 8.125, 0.5, 8], "texture": "#5"},
				"down": {"uv": [1.0625, 8, 1, 8.125], "texture": "#5"}
			}
		},
		{
			"from": [6.5, 4, -11.5],
			"to": [7.5, 6, -9.5],
			"rotation": {"angle": 22.5, "axis": "x", "origin": [8, 5.5, -11]},
			"faces": {
				"north": {"uv": [1.125, 8, 1.1875, 8.125], "texture": "#5"},
				"east": {"uv": [1, 7.8125, 1.125, 7.9375], "texture": "#5"},
				"west": {"uv": [1.375, 7.8125, 1.5, 7.9375], "texture": "#5"},
				"up": {"uv": [1.5625, 8.125, 1.5, 8], "texture": "#5"},
				"down": {"uv": [1.6875, 8, 1.625, 8.125], "texture": "#5"}
			}
		},
		{
			"from": [8.5, 4, -11.5],
			"to": [9.5, 6, -9.5],
			"rotation": {"angle": 22.5, "axis": "x", "origin": [8, 5.5, -11]},
			"faces": {
				"north": {"uv": [1.9375, 8, 2, 8.125], "texture": "#5"},
				"east": {"uv": [1.5625, 7.8125, 1.6875, 7.9375], "texture": "#5"},
				"west": {"uv": [1.9375, 7.8125, 2.0625, 7.9375], "texture": "#5"},
				"up": {"uv": [8.0625, 2.375, 8, 2.25], "texture": "#5"},
				"down": {"uv": [2.4375, 8, 2.375, 8.125], "texture": "#5"}
			}
		},
		{
			"from": [10.5, 3.84672, -11.7294],
			"to": [11.5, 6.84672, -9.7294],
			"rotation": {"angle": 22.5, "axis": "z", "origin": [11, 4.84672, -10.7294]},
			"faces": {
				"north": {"uv": [6.375, 7.9375, 6.4375, 8.125], "texture": "#5"},
				"east": {"uv": [4, 7.5, 4.125, 7.6875], "texture": "#5"},
				"south": {"uv": [6.5, 7.9375, 6.5625, 8.125], "texture": "#5"},
				"west": {"uv": [7.5, 4.0625, 7.625, 4.25], "texture": "#5"},
				"up": {"uv": [8.0625, 2.875, 8, 2.75], "texture": "#5"},
				"down": {"uv": [8.0625, 3.5, 8, 3.625], "texture": "#5"}
			}
		},
		{
			"from": [4, 6, -11.5],
			"to": [12, 7, -10.5],
			"rotation": {"angle": 45, "axis": "x", "origin": [8, 6.5, -11]},
			"faces": {
				"north": {"uv": [7.4375, 0, 7.9375, 0.0625], "texture": "#5"},
				"east": {"uv": [8.0625, 5.0625, 8.125, 5.125], "texture": "#5"},
				"south": {"uv": [0.5, 7.5, 1, 7.5625], "texture": "#5"},
				"west": {"uv": [8.0625, 5.1875, 8.125, 5.25], "texture": "#5"},
				"up": {"uv": [8, 1.75, 7.5, 1.6875], "texture": "#5"},
				"down": {"uv": [8, 1.8125, 7.5, 1.875], "texture": "#5"}
			}
		},
		{
			"from": [-1, 0, 3.5],
			"to": [17, 13, 5.5],
			"rotation": {"angle": 0, "axis": "y", "origin": [8, 3.5, 11.33333]},
			"faces": {
				"north": {"uv": [0, 0, 1.125, 0.8125], "texture": "#5"},
				"east": {"uv": [0, 6.1875, 0.125, 7], "texture": "#5"},
				"south": {"uv": [0, 0.875, 1.125, 1.6875], "texture": "#5"},
				"west": {"uv": [0.1875, 6.1875, 0.3125, 7], "texture": "#5"},
				"up": {"uv": [6.875, 6, 5.75, 5.875], "texture": "#5"},
				"down": {"uv": [1.625, 5.9375, 0.5, 6.0625], "texture": "#5"}
			}
		},
		{
			"from": [-0.5, 1, 1.5],
			"to": [16.5, 2, 11.5],
			"rotation": {"angle": 0, "axis": "y", "origin": [7.5, 3.5, 11.33333]},
			"faces": {
				"north": {"uv": [6.875, 2.3125, 7.9375, 2.375], "texture": "#5"},
				"east": {"uv": [4.75, 4.375, 5.375, 4.4375], "texture": "#5"},
				"west": {"uv": [7.1875, 7.125, 7.8125, 7.1875], "texture": "#5"},
				"up": {"uv": [3.4375, 1.4375, 2.375, 0.8125], "texture": "#5"},
				"down": {"uv": [2.1875, 2.4375, 1.125, 3.0625], "texture": "#5"}
			}
		},
		{
			"from": [0, 2, 1.5],
			"to": [16, 6, 11.5],
			"rotation": {"angle": 0, "axis": "y", "origin": [8, 3.5, 11.33333]},
			"faces": {
				"north": {"uv": [5.125, 3.25, 6.125, 3.5], "texture": "#5"},
				"east": {"uv": [5.75, 3.875, 6.375, 4.125], "texture": "#5"},
				"west": {"uv": [5.75, 5.5625, 6.375, 5.8125], "texture": "#5"},
				"up": {"uv": [2.875, 3.875, 1.875, 3.25], "texture": "#5"}
			}
		},
		{
			"from": [-2, 5, 5.5],
			"to": [4, 16, 14.5],
			"rotation": {"angle": 0, "axis": "y", "origin": [8, 3.5, 11.33333]},
			"faces": {
				"north": {"uv": [4.75, 4.9375, 5.125, 5.625], "texture": "#5"},
				"east": {"uv": [4.125, 3.75, 4.6875, 4.4375], "texture": "#5"},
				"south": {"uv": [0.5, 5.1875, 0.875, 5.875], "texture": "#5"},
				"west": {"uv": [0.5625, 4.4375, 1.125, 5.125], "texture": "#5"},
				"up": {"uv": [2.1875, 5.75, 1.8125, 5.1875], "texture": "#5"},
				"down": {"uv": [5.6875, 3.5625, 5.3125, 4.125], "texture": "#5"}
			}
		},
		{
			"from": [12, 5, 5.5],
			"to": [18, 16, 14.5],
			"shade": false,
			"rotation": {"angle": 0, "axis": "y", "origin": [8, 3.5, 11.33333]},
			"faces": {
				"north": {"uv": [0.9375, 5.1875, 1.3125, 5.875], "texture": "#5"},
				"east": {"uv": [1.1875, 4.4375, 1.75, 5.125], "texture": "#5"},
				"south": {"uv": [1.375, 5.1875, 1.75, 5.875], "texture": "#5"},
				"west": {"uv": [1.8125, 4.4375, 2.375, 5.125], "texture": "#5"},
				"up": {"uv": [3.875, 6.0625, 3.5, 5.5], "texture": "#5"},
				"down": {"uv": [4.3125, 5.5, 3.9375, 6.0625], "texture": "#5"}
			}
		},
		{
			"from": [4, 5, 5.5],
			"to": [12, 10, 22.5],
			"rotation": {"angle": 0, "axis": "y", "origin": [8, 3.5, 11.33333]},
			"faces": {
				"east": {"uv": [4.125, 2.875, 5.1875, 3.1875], "texture": "#5"},
				"south": {"uv": [1.8125, 5.8125, 2.3125, 6.125], "texture": "#5"},
				"west": {"uv": [4.5625, 1.375, 5.625, 1.6875], "texture": "#5"},
				"up": {"uv": [0.5, 4.4375, 0, 3.375], "texture": "#5"}
			}
		},
		{
			"from": [-1.5, 6, 15],
			"to": [17.5, 12, 21],
			"rotation": {"angle": 45, "axis": "x", "origin": [8, 9, 18]},
			"faces": {
				"north": {"uv": [3.375, 2, 4.5625, 2.375], "texture": "#5"},
				"east": {"uv": [6, 2.3125, 6.375, 2.6875], "texture": "#5"},
				"south": {"uv": [4.0625, 0.5, 5.25, 0.875], "texture": "#5"},
				"west": {"uv": [2.9375, 6, 3.3125, 6.375], "texture": "#5"},
				"up": {"uv": [5.25, 1.3125, 4.0625, 0.9375], "texture": "#5"},
				"down": {"uv": [5.3125, 2.4375, 4.125, 2.8125], "texture": "#5"}
			}
		},
		{
			"from": [2, 16, 7.5],
			"to": [14, 19, 10.5],
			"rotation": {"angle": 45, "axis": "x", "origin": [8, 17.5, 9]},
			"faces": {
				"north": {"uv": [4.375, 6, 5.125, 6.1875], "texture": "#5"},
				"east": {"uv": [7.375, 5.1875, 7.5625, 5.375], "texture": "#5"},
				"south": {"uv": [5.1875, 6.0625, 5.9375, 6.25], "texture": "#5"},
				"west": {"uv": [3.5625, 7.4375, 3.75, 7.625], "texture": "#5"},
				"up": {"uv": [6.75, 6.25, 6, 6.0625], "texture": "#5"},
				"down": {"uv": [1.25, 6.125, 0.5, 6.3125], "texture": "#5"}
			}
		},
		{
			"from": [4, 10, 5.5],
			"to": [12, 16, 14.5],
			"rotation": {"angle": 22.5, "axis": "x", "origin": [7, 10.5, 10]},
			"faces": {
				"north": {"uv": [2.9375, 5.5625, 3.4375, 5.9375], "texture": "#5"},
				"east": {"uv": [5.375, 2.375, 5.9375, 2.75], "texture": "#5"},
				"south": {"uv": [5.1875, 5.5625, 5.6875, 5.9375], "texture": "#5"},
				"west": {"uv": [5.5, 4.1875, 6.0625, 4.5625], "texture": "#5"},
				"up": {"uv": [5.25, 4.3125, 4.75, 3.75], "texture": "#5"},
				"down": {"uv": [3.4375, 4.9375, 2.9375, 5.5], "texture": "#5"}
			}
		},
		{
			"from": [3.5, 9, 21.5],
			"to": [5.5, 11, 30.5],
			"rotation": {"angle": 0, "axis": "y", "origin": [8, 10, 26]},
			"faces": {
				"north": {"uv": [2.25, 7.8125, 2.375, 7.9375], "texture": "#5"},
				"east": {"uv": [6.6875, 4.75, 7.25, 4.875], "texture": "#5"},
				"south": {"uv": [7.8125, 2.75, 7.9375, 2.875], "texture": "#5"},
				"west": {"uv": [6.75, 2.875, 7.3125, 3], "texture": "#5"},
				"up": {"uv": [2.375, 5.75, 2.25, 5.1875], "texture": "#5"},
				"down": {"uv": [6.375, 6.6875, 6.25, 7.25], "texture": "#5"}
			}
		},
		{
			"from": [3.5, 6, 21.5],
			"to": [12.5, 9, 29.5],
			"rotation": {"angle": 0, "axis": "y", "origin": [8, 10, 26]},
			"faces": {
				"north": {"uv": [6.25, 0.8125, 6.8125, 1], "texture": "#5"},
				"east": {"uv": [6.4375, 3.875, 6.9375, 4.0625], "texture": "#5"},
				"south": {"uv": [4.3125, 6.25, 4.875, 6.4375], "texture": "#5"},
				"west": {"uv": [6.4375, 5.5625, 6.9375, 5.75], "texture": "#5"},
				"up": {"uv": [4.0625, 5.4375, 3.5, 4.9375], "texture": "#5"}
			}
		},
		{
			"from": [10.505, 8.505, 24.46947],
			"to": [12.495, 13.495, 29.45947],
			"rotation": {"angle": 45, "axis": "x", "origin": [11.5, 11, 26.96447]},
			"faces": {
				"north": {"uv": [7.1875, 7.25, 7.3125, 7.5625], "texture": "#5"},
				"east": {"uv": [6.3125, 4.5625, 6.625, 4.875], "texture": "#5"},
				"west": {"uv": [5.8125, 6.3125, 6.125, 6.625], "texture": "#5"},
				"up": {"uv": [7.4375, 4.4375, 7.3125, 4.125], "texture": "#5"}
			}
		},
		{
			"from": [5.5, 10.91421, 4.87868],
			"to": [6.5, 11.91421, 30.87868],
			"rotation": {"angle": 22.5, "axis": "x", "origin": [7, 12.41421, 28.37868]},
			"faces": {
				"north": {"uv": [8.0625, 5.3125, 8.125, 5.375], "texture": "#5"},
				"east": {"uv": [6, 2.75, 7.625, 2.8125], "texture": "#5"},
				"south": {"uv": [8.0625, 5.4375, 8.125, 5.5], "texture": "#5"},
				"west": {"uv": [6.1875, 5.4375, 7.8125, 5.5], "texture": "#5"},
				"up": {"uv": [0.4375, 7.8125, 0.375, 6.1875], "texture": "#5"},
				"down": {"uv": [5, 6.25, 4.9375, 7.875], "texture": "#5"}
			}
		},
		{
			"from": [9.5, 10.91421, 4.87868],
			"to": [10.5, 11.91421, 30.87868],
			"rotation": {"angle": 22.5, "axis": "x", "origin": [7, 12.41421, 28.37868]},
			"faces": {
				"north": {"uv": [8.0625, 5.5625, 8.125, 5.625], "texture": "#5"},
				"east": {"uv": [6.25, 0.1875, 7.875, 0.25], "texture": "#5"},
				"south": {"uv": [8.0625, 5.875, 8.125, 5.9375], "texture": "#5"},
				"west": {"uv": [6.25, 1.0625, 7.875, 1.125], "texture": "#5"},
				"up": {"uv": [5.125, 7.875, 5.0625, 6.25], "texture": "#5"},
				"down": {"uv": [5.25, 6.3125, 5.1875, 7.9375], "texture": "#5"}
			}
		},
		{
			"from": [6.5, 11.41421, 4.87868],
			"to": [9.5, 11.41421, 30.87868],
			"rotation": {"angle": 22.5, "axis": "x", "origin": [7, 12.41421, 28.37868]},
			"faces": {
				"up": {"uv": [0.1875, 6.125, 0, 4.5], "texture": "#5"},
				"down": {"uv": [0.4375, 4.5, 0.25, 6.125], "texture": "#5"}
			}
		},
		{
			"from": [6.5, 12.41421, -0.12132],
			"to": [9.5, 12.41421, 25.87868],
			"rotation": {"angle": 22.5, "axis": "x", "origin": [7, 12.41421, 28.37868]},
			"faces": {
				"up": {"uv": [2.625, 6.5625, 2.4375, 4.9375], "texture": "#5"},
				"down": {"uv": [2.875, 4.9375, 2.6875, 6.5625], "texture": "#5"}
			}
		},
		{
			"from": [9.5, 11.91421, -0.12132],
			"to": [10.5, 12.91421, 25.87868],
			"rotation": {"angle": 22.5, "axis": "x", "origin": [7, 12.41421, 28.37868]},
			"faces": {
				"north": {"uv": [6.125, 8.0625, 6.1875, 8.125], "texture": "#5"},
				"east": {"uv": [6.25, 4.9375, 7.875, 5], "texture": "#5"},
				"south": {"uv": [6.625, 8.0625, 6.6875, 8.125], "texture": "#5"},
				"west": {"uv": [6.25, 5.0625, 7.875, 5.125], "texture": "#5"},
				"up": {"uv": [5.375, 7.9375, 5.3125, 6.3125], "texture": "#5"},
				"down": {"uv": [5.5, 6.3125, 5.4375, 7.9375], "texture": "#5"}
			}
		},
		{
			"from": [5.5, 11.91421, -0.12132],
			"to": [6.5, 12.91421, 25.87868],
			"rotation": {"angle": 22.5, "axis": "x", "origin": [7, 12.41421, 28.37868]},
			"faces": {
				"north": {"uv": [8.0625, 6.625, 8.125, 6.6875], "texture": "#5"},
				"east": {"uv": [6.3125, 0.3125, 7.9375, 0.375], "texture": "#5"},
				"south": {"uv": [6.75, 8.0625, 6.8125, 8.125], "texture": "#5"},
				"west": {"uv": [6.3125, 0.4375, 7.9375, 0.5], "texture": "#5"},
				"up": {"uv": [5.625, 7.9375, 5.5625, 6.3125], "texture": "#5"},
				"down": {"uv": [5.75, 6.3125, 5.6875, 7.9375], "texture": "#5"}
			}
		},
		{
			"from": [3.505, 8.505, 24.46947],
			"to": [5.495, 13.495, 29.45947],
			"rotation": {"angle": 45, "axis": "x", "origin": [11.5, 11, 26.96447]},
			"faces": {
				"north": {"uv": [1.25, 7.375, 1.375, 7.6875], "texture": "#5"},
				"east": {"uv": [6.1875, 6.3125, 6.5, 6.625], "texture": "#5"},
				"west": {"uv": [0.5, 6.375, 0.8125, 6.6875], "texture": "#5"},
				"up": {"uv": [7.5, 7.5625, 7.375, 7.25], "texture": "#5"}
			}
		},
		{
			"from": [10.5, 9, 21.5],
			"to": [12.5, 11, 30.5],
			"rotation": {"angle": 0, "axis": "y", "origin": [8, 10, 26]},
			"faces": {
				"north": {"uv": [7.8125, 3.5625, 7.9375, 3.6875], "texture": "#5"},
				"east": {"uv": [6.4375, 6.75, 7, 6.875], "texture": "#5"},
				"south": {"uv": [7.8125, 3.75, 7.9375, 3.875], "texture": "#5"},
				"west": {"uv": [3.25, 6.8125, 3.8125, 6.9375], "texture": "#5"},
				"up": {"uv": [1.5, 7.3125, 1.375, 6.75], "texture": "#5"},
				"down": {"uv": [2.1875, 6.8125, 2.0625, 7.375], "texture": "#5"}
			}
		},
		{
			"from": [5.5, 10.47487, 28.11091],
			"to": [10.5, 12.47487, 31.11091],
			"rotation": {"angle": 45, "axis": "x", "origin": [6.5, 11.47487, 26.61091]},
			"faces": {
				"north": {"uv": [4.375, 5.5, 4.6875, 5.625], "texture": "#5"},
				"east": {"uv": [4.1875, 7.5, 4.375, 7.625], "texture": "#5"},
				"south": {"uv": [7.3125, 0.5625, 7.625, 0.6875], "texture": "#5"},
				"west": {"uv": [7.5, 4.3125, 7.6875, 4.4375], "texture": "#5"},
				"up": {"uv": [2.5625, 7.125, 2.25, 6.9375], "texture": "#5"},
				"down": {"uv": [6.125, 6.9375, 5.8125, 7.125], "texture": "#5"}
			}
		},
		{
			"from": [0.75, 6, 18.5],
			"to": [2.75, 12, 22.5],
			"rotation": {"angle": 0, "axis": "y", "origin": [8, 3.5, 11.33333]},
			"faces": {
				"east": {"uv": [2.0625, 6.375, 2.3125, 6.75], "texture": "#5"},
				"south": {"uv": [4.4375, 7.0625, 4.5625, 7.4375], "texture": "#5"},
				"west": {"uv": [4.3125, 6.5, 4.5625, 6.875], "texture": "#5"},
				"up": {"uv": [6.8125, 7.6875, 6.6875, 7.4375], "texture": "#5"}
			}
		},
		{
			"from": [13.25, 6, 18.5],
			"to": [15.25, 12, 22.5],
			"rotation": {"angle": 0, "axis": "y", "origin": [8, 3.5, 11.33333]},
			"faces": {
				"east": {"uv": [4.625, 6.5, 4.875, 6.875], "texture": "#5"},
				"south": {"uv": [7.125, 1.6875, 7.25, 2.0625], "texture": "#5"},
				"west": {"uv": [6.5625, 6.3125, 6.8125, 6.6875], "texture": "#5"},
				"up": {"uv": [0.3125, 7.75, 0.1875, 7.5], "texture": "#5"}
			}
		},
		{
			"from": [0, 2, 23.5],
			"to": [16, 6, 29.5],
			"rotation": {"angle": 0, "axis": "y", "origin": [8, 3.5, 11.33333]},
			"faces": {
				"east": {"uv": [6.5, 1.1875, 6.875, 1.4375], "texture": "#5"},
				"south": {"uv": [5.25, 2.875, 6.25, 3.125], "texture": "#5"},
				"west": {"uv": [6.5625, 3.5625, 6.9375, 3.8125], "texture": "#5"},
				"up": {"uv": [4.375, 4.875, 3.375, 4.5], "texture": "#5"}
			}
		},
		{
			"from": [-1, 2, 24.25],
			"to": [17, 4, 31.25],
			"rotation": {"angle": 0, "axis": "y", "origin": [8, 3.5, 11.33333]},
			"faces": {
				"north": {"uv": [6.125, 4.1875, 7.25, 4.3125], "texture": "#5"},
				"east": {"uv": [3.375, 7, 3.8125, 7.125], "texture": "#5"},
				"south": {"uv": [6.125, 4.375, 7.25, 4.5], "texture": "#5"},
				"west": {"uv": [7, 3.5625, 7.4375, 3.6875], "texture": "#5"},
				"up": {"uv": [2.875, 4.375, 1.75, 3.9375], "texture": "#5"},
				"down": {"uv": [4.0625, 3.9375, 2.9375, 4.375], "texture": "#5"}
			}
		},
		{
			"from": [0, 4, 11.5],
			"to": [16, 6, 23.5],
			"rotation": {"angle": 0, "axis": "y", "origin": [8, 3.5, 11.33333]},
			"faces": {
				"east": {"uv": [3.375, 6.625, 4.125, 6.75], "texture": "#5"},
				"west": {"uv": [6.6875, 4.5625, 7.4375, 4.6875], "texture": "#5"},
				"up": {"uv": [3.3125, 2.375, 2.3125, 1.625], "texture": "#5"}
			}
		},
		{
			"from": [-0.5, 1, 23.5],
			"to": [16.5, 2, 30.5],
			"rotation": {"angle": 0, "axis": "y", "origin": [7.5, 3.5, 11.33333]},
			"faces": {
				"east": {"uv": [4.0625, 1.375, 4.5, 1.4375], "texture": "#5"},
				"south": {"uv": [6.875, 6.4375, 7.9375, 6.5], "texture": "#5"},
				"west": {"uv": [7.5, 1.9375, 7.9375, 2], "texture": "#5"},
				"up": {"uv": [5.0625, 3.6875, 4, 3.25], "texture": "#5"},
				"down": {"uv": [5.125, 0, 4.0625, 0.4375], "texture": "#5"}
			}
		},
		{
			"from": [1, 0, -8.5],
			"to": [15, 1, 3.5],
			"rotation": {"angle": 0, "axis": "y", "origin": [8, 3.5, 11.33333]},
			"faces": {
				"up": {"uv": [3.125, 3.1875, 2.25, 2.4375], "texture": "#5"},
				"down": {"uv": [0.875, 2.5625, 0, 3.3125], "texture": "#5"}
			}
		},
		{
			"from": [1, 0.03702, -8.31389],
			"to": [15, 7.03702, -7.31389],
			"rotation": {"angle": -22.5, "axis": "x", "origin": [6, 4.03702, -7.81389]},
			"faces": {
				"south": {"uv": [2.4375, 4.4375, 3.3125, 4.875], "texture": "#5"}
			}
		},
		{
			"from": [-2, 2.9, -1.5],
			"to": [0, 4.9, -0.5],
			"rotation": {"angle": -22.5, "axis": "x", "origin": [-1.5, 4.9, 0]},
			"faces": {
				"north": {"uv": [7.8125, 3.9375, 7.9375, 4.0625], "texture": "#5"},
				"east": {"uv": [8, 3.6875, 8.0625, 3.8125], "texture": "#5"},
				"south": {"uv": [7.8125, 4.125, 7.9375, 4.25], "texture": "#5"},
				"west": {"uv": [8, 3.875, 8.0625, 4], "texture": "#5"},
				"up": {"uv": [8.125, 2, 8, 1.9375], "texture": "#5"},
				"down": {"uv": [8.125, 2.4375, 8, 2.5], "texture": "#5"}
			}
		},
		{
			"from": [-2, 1.75195, -6.65224],
			"to": [0, 3.75195, -5.65224],
			"rotation": {"angle": 22.5, "axis": "x", "origin": [-1.5, 3.75195, -4.15224]},
			"faces": {
				"north": {"uv": [4.6875, 7.8125, 4.8125, 7.9375], "texture": "#5"},
				"east": {"uv": [8, 4.0625, 8.0625, 4.1875], "texture": "#5"},
				"south": {"uv": [7.8125, 7.25, 7.9375, 7.375], "texture": "#5"},
				"west": {"uv": [4.6875, 8, 4.75, 8.125], "texture": "#5"},
				"up": {"uv": [5.25, 8.0625, 5.125, 8], "texture": "#5"},
				"down": {"uv": [5.4375, 8, 5.3125, 8.0625], "texture": "#5"}
			}
		},
		{
			"from": [-1.995, 3.71366, -6.45694],
			"to": [-0.005, 4.70366, -0.46694],
			"rotation": {"angle": 0, "axis": "y", "origin": [-1.5, 5.20866, -2.46194]},
			"faces": {
				"west": {"uv": [4.4375, 7.5, 4.8125, 7.5625], "texture": "#5"},
				"up": {"uv": [7.125, 7.5, 7, 7.125], "texture": "#5"},
				"down": {"uv": [2.375, 7.1875, 2.25, 7.5625], "texture": "#5"}
			}
		},
		{
			"from": [16, 1.75195, -6.65224],
			"to": [18, 3.75195, -5.65224],
			"rotation": {"angle": 22.5, "axis": "x", "origin": [17.5, 3.75195, -4.15224]},
			"faces": {
				"north": {"uv": [7.8125, 7.4375, 7.9375, 7.5625], "texture": "#5"},
				"east": {"uv": [5.6875, 8, 5.75, 8.125], "texture": "#5"},
				"south": {"uv": [7.75, 7.8125, 7.875, 7.9375], "texture": "#5"},
				"west": {"uv": [8, 6.1875, 8.0625, 6.3125], "texture": "#5"},
				"down": {"uv": [8.125, 6.5, 8, 6.5625], "texture": "#5"}
			}
		},
		{
			"from": [16, 3.70866, -6.46194],
			"to": [18, 4.70866, -0.46194],
			"rotation": {"angle": 0, "axis": "y", "origin": [17.5, 5.20866, -2.46194]},
			"faces": {
				"east": {"uv": [7.5, 4.5, 7.875, 4.5625], "texture": "#5"},
				"up": {"uv": [2.5625, 7.5625, 2.4375, 7.1875], "texture": "#5"},
				"down": {"uv": [3.5, 7.1875, 3.375, 7.5625], "texture": "#5"}
			}
		},
		{
			"from": [16, 2.9, -1.5],
			"to": [18, 4.9, -0.5],
			"rotation": {"angle": -22.5, "axis": "x", "origin": [17.5, 4.9, 0]},
			"faces": {
				"north": {"uv": [7.875, 2.0625, 8, 2.1875], "texture": "#5"},
				"east": {"uv": [7, 8, 7.0625, 8.125], "texture": "#5"},
				"south": {"uv": [7.875, 2.5625, 8, 2.6875], "texture": "#5"},
				"west": {"uv": [7.75, 8, 7.8125, 8.125], "texture": "#5"},
				"down": {"uv": [8, 8, 7.875, 8.0625], "texture": "#5"}
			}
		},
		{
			"from": [-1, 1.75195, 11.34776],
			"to": [17, 3.75195, 12.34776],
			"rotation": {"angle": 22.5, "axis": "x", "origin": [-1.5, 3.75195, 13.84776]},
			"faces": {
				"north": {"uv": [6.1875, 3.1875, 7.3125, 3.3125], "texture": "#5"},
				"east": {"uv": [8.0625, 0.5, 8.125, 0.625], "texture": "#5"},
				"south": {"uv": [6.1875, 3.375, 7.3125, 3.5], "texture": "#5"},
				"west": {"uv": [8.0625, 0.6875, 8.125, 0.8125], "texture": "#5"},
				"up": {"uv": [7.5625, 2.6875, 6.4375, 2.625], "texture": "#5"},
				"down": {"uv": [7.875, 3.0625, 6.75, 3.125], "texture": "#5"}
			}
		},
		{
			"from": [-0.995, 3.71366, 11.54306],
			"to": [16.995, 4.70366, 23.53306],
			"rotation": {"angle": 0, "axis": "y", "origin": [-1.5, 5.20866, 21.53806]},
			"faces": {
				"east": {"uv": [6.9375, 5.9375, 7.6875, 6], "texture": "#5"},
				"west": {"uv": [7.0625, 2.125, 7.8125, 2.1875], "texture": "#5"},
				"up": {"uv": [2.3125, 0.75, 1.1875, 0], "texture": "#5"},
				"down": {"uv": [2.3125, 0.8125, 1.1875, 1.5625], "texture": "#5"}
			}
		},
		{
			"from": [-1, 2.9, 22.5],
			"to": [17, 4.9, 23.5],
			"rotation": {"angle": -22.5, "axis": "x", "origin": [-1.5, 4.9, 24]},
			"faces": {
				"north": {"uv": [6.1875, 5.25, 7.3125, 5.375], "texture": "#5"},
				"east": {"uv": [8.0625, 0.875, 8.125, 1], "texture": "#5"},
				"south": {"uv": [6.25, 0, 7.375, 0.125], "texture": "#5"},
				"west": {"uv": [8.0625, 1.6875, 8.125, 1.8125], "texture": "#5"},
				"up": {"uv": [8, 0.875, 6.875, 0.8125], "texture": "#5"},
				"down": {"uv": [8, 0.9375, 6.875, 1], "texture": "#5"}
			}
		},
		{
			"from": [1, 0, 11.5],
			"to": [15, 4, 23.5],
			"rotation": {"angle": 0, "axis": "y", "origin": [8, 2, 32.5]},
			"faces": {
				"north": {"uv": [5.3125, 0.625, 6.1875, 0.875], "texture": "#5"},
				"south": {"uv": [5.3125, 0.9375, 6.1875, 1.1875], "texture": "#5"},
				"down": {"uv": [4.0625, 2.4375, 3.1875, 3.1875], "texture": "#5"}
			}
		},
		{
			"from": [-0.5, 6.5803, -9.39001],
			"to": [0.5, 12.5803, -8.39001],
			"rotation": {"angle": 22.5, "axis": "x", "origin": [8, 9.5803, -8.89001]},
			"faces": {
				"north": {"uv": [6.875, 7.4375, 6.9375, 7.8125], "texture": "#5"},
				"east": {"uv": [1.8125, 7.5, 1.875, 7.875], "texture": "#5"},
				"south": {"uv": [7, 7.5625, 7.0625, 7.9375], "texture": "#5"},
				"west": {"uv": [7.5625, 7.25, 7.625, 7.625], "texture": "#5"},
				"up": {"uv": [8.125, 6.8125, 8.0625, 6.75], "texture": "#5"}
			}
		},
		{
			"from": [-0.495, 11.54828, -8.1989],
			"to": [16.495, 12.53828, 3.7911],
			"rotation": {"angle": 0, "axis": "y", "origin": [8, 12.04328, 0.2961]},
			"faces": {
				"north": {"uv": [6.875, 6.5625, 7.9375, 6.625], "texture": "#5"},
				"east": {"uv": [7.0625, 6.6875, 7.8125, 6.75], "texture": "#5"},
				"west": {"uv": [7.0625, 6.8125, 7.8125, 6.875], "texture": "#5"},
				"up": {"uv": [2.25, 2.375, 1.1875, 1.625], "texture": "#5"},
				"down": {"uv": [1.0625, 1.75, 0, 2.5], "texture": "#5"}
			}
		},
		{
			"from": [5.5, 12.54328, -1.2039],
			"to": [10.5, 13.54328, 3.7961],
			"rotation": {"angle": 0, "axis": "y", "origin": [12, 12.04328, 0.2961]},
			"faces": {
				"north": {"uv": [1.875, 3.125, 2.1875, 3.1875], "texture": "#5"},
				"east": {"uv": [5.3125, 1.25, 5.625, 1.3125], "texture": "#5"},
				"south": {"uv": [7.5625, 3.4375, 7.875, 3.5], "texture": "#5"},
				"west": {"uv": [7.125, 7.625, 7.4375, 7.6875], "texture": "#5"},
				"up": {"uv": [1.1875, 6.6875, 0.875, 6.375], "texture": "#5"},
				"down": {"uv": [1.5625, 6.375, 1.25, 6.6875], "texture": "#5"}
			}
		},
		{
			"from": [7, 12.54328, -2.2039],
			"to": [9, 15.54328, 1.7961],
			"rotation": {"angle": 0, "axis": "y", "origin": [12, 12.04328, 0.2961]},
			"faces": {
				"north": {"uv": [7.5, 5.5625, 7.625, 5.75], "texture": "#5"},
				"east": {"uv": [3.5625, 7.1875, 3.8125, 7.375], "texture": "#5"},
				"south": {"uv": [7.5625, 3.1875, 7.6875, 3.375], "texture": "#5"},
				"west": {"uv": [5.8125, 7.1875, 6.0625, 7.375], "texture": "#5"},
				"up": {"uv": [1.5625, 7.75, 1.4375, 7.5], "texture": "#5"},
				"down": {"uv": [1.75, 7.5, 1.625, 7.75], "texture": "#5"}
			}
		},
		{
			"from": [6.5, 14.54328, -2.2039],
			"to": [9.5, 16.54328, -0.2039],
			"rotation": {"angle": -45, "axis": "x", "origin": [8, 15.54328, -1.2039]},
			"faces": {
				"north": {"uv": [7.5, 6.9375, 7.6875, 7.0625], "texture": "#5"},
				"east": {"uv": [7.875, 4.75, 8, 4.875], "texture": "#5"},
				"south": {"uv": [0.5, 7.625, 0.6875, 7.75], "texture": "#5"},
				"west": {"uv": [7.875, 5.1875, 8, 5.3125], "texture": "#5"},
				"up": {"uv": [0.9375, 7.75, 0.75, 7.625], "texture": "#5"},
				"down": {"uv": [2.4375, 7.625, 2.25, 7.75], "texture": "#5"}
			}
		},
		{
			"from": [7.5, 15.60394, -6.47167],
			"to": [8.5, 16.60394, -1.47167],
			"rotation": {"angle": 45, "axis": "z", "origin": [8, 16.10394, -2.47167]},
			"faces": {
				"north": {"uv": [8.0625, 6.875, 8.125, 6.9375], "texture": "#5"},
				"east": {"uv": [7.6875, 0.5625, 8, 0.625], "texture": "#5"},
				"south": {"uv": [8.0625, 7, 8.125, 7.0625], "texture": "#5"},
				"west": {"uv": [7.6875, 0.6875, 8, 0.75], "texture": "#5"},
				"up": {"uv": [1.3125, 7.3125, 1.25, 7], "texture": "#5"},
				"down": {"uv": [3.5625, 7.6875, 3.5, 8], "texture": "#5"}
			}
		},
		{
			"from": [15.5, 6.56828, 2.5461],
			"to": [16.5, 11.56828, 3.5461],
			"rotation": {"angle": 0, "axis": "y", "origin": [8, 12.04328, 0.2961]},
			"faces": {
				"north": {"uv": [7.6875, 3.5625, 7.75, 3.875], "texture": "#5"},
				"east": {"uv": [3.625, 7.6875, 3.6875, 8], "texture": "#5"},
				"west": {"uv": [4.1875, 7.6875, 4.25, 8], "texture": "#5"},
				"up": {"uv": [7.1875, 8.125, 7.125, 8.0625], "texture": "#5"}
			}
		},
		{
			"from": [-0.5, 6.56828, 2.5461],
			"to": [0.5, 11.56828, 3.5461],
			"rotation": {"angle": 0, "axis": "y", "origin": [8, 12.04328, 0.2961]},
			"faces": {
				"north": {"uv": [4.3125, 7.6875, 4.375, 8], "texture": "#5"},
				"east": {"uv": [6.125, 7.6875, 6.1875, 8], "texture": "#5"},
				"west": {"uv": [7.5, 7.6875, 7.5625, 8], "texture": "#5"},
				"up": {"uv": [7.3125, 8.125, 7.25, 8.0625], "texture": "#5"}
			}
		},
		{
			"from": [-0.5, 6.56828, -3.4539],
			"to": [0.5, 11.56828, -2.4539],
			"rotation": {"angle": 0, "axis": "y", "origin": [8, 12.04328, 0.2961]},
			"faces": {
				"north": {"uv": [7.625, 7.6875, 7.6875, 8], "texture": "#5"},
				"east": {"uv": [1.25, 7.75, 1.3125, 8.0625], "texture": "#5"},
				"south": {"uv": [2.625, 7.75, 2.6875, 8.0625], "texture": "#5"},
				"west": {"uv": [2.75, 7.75, 2.8125, 8.0625], "texture": "#5"},
				"up": {"uv": [7.5625, 8.125, 7.5, 8.0625], "texture": "#5"}
			}
		},
		{
			"from": [15.5, 6.56828, -3.4539],
			"to": [16.5, 11.56828, -2.4539],
			"rotation": {"angle": 0, "axis": "y", "origin": [8, 12.04328, 0.2961]},
			"faces": {
				"north": {"uv": [2.875, 7.75, 2.9375, 8.0625], "texture": "#5"},
				"east": {"uv": [3, 7.75, 3.0625, 8.0625], "texture": "#5"},
				"south": {"uv": [3.125, 7.75, 3.1875, 8.0625], "texture": "#5"},
				"west": {"uv": [3.25, 7.75, 3.3125, 8.0625], "texture": "#5"},
				"up": {"uv": [8.125, 7.6875, 8.0625, 7.625], "texture": "#5"}
			}
		},
		{
			"from": [13.5, 12.54328, -7.2039],
			"to": [15.5, 14.54328, -5.2039],
			"rotation": {"angle": 0, "axis": "y", "origin": [8, 12.04328, 0.2961]},
			"faces": {
				"north": {"uv": [7.875, 5.375, 8, 5.5], "texture": "#5"},
				"east": {"uv": [7.875, 5.5625, 8, 5.6875], "texture": "#5"},
				"south": {"uv": [7.875, 6.6875, 8, 6.8125], "texture": "#5"},
				"west": {"uv": [6.8125, 7.875, 6.9375, 8], "texture": "#5"},
				"up": {"uv": [8.0625, 0.25, 7.9375, 0.125], "texture": "#5"},
				"down": {"uv": [0.8125, 7.9375, 0.6875, 8.0625], "texture": "#5"}
			}
		},
		{
			"from": [4.5, 12.54328, -5.2039],
			"to": [11.5, 14.54328, -3.2039],
			"rotation": {"angle": 0, "axis": "y", "origin": [8, 12.04328, 0.2961]},
			"faces": {
				"north": {"uv": [7, 3.75, 7.4375, 3.875], "texture": "#5"},
				"east": {"uv": [7.9375, 1.3125, 8.0625, 1.4375], "texture": "#5"},
				"south": {"uv": [7, 3.9375, 7.4375, 4.0625], "texture": "#5"},
				"west": {"uv": [7.9375, 1.5, 8.0625, 1.625], "texture": "#5"},
				"up": {"uv": [7.4375, 5.6875, 7, 5.5625], "texture": "#5"},
				"down": {"uv": [7.4375, 6.9375, 7, 7.0625], "texture": "#5"}
			}
		},
		{
			"from": [0.5, 12.54328, -7.2039],
			"to": [2.5, 14.54328, -5.2039],
			"rotation": {"angle": 0, "axis": "y", "origin": [8, 12.04328, 0.2961]},
			"faces": {
				"north": {"uv": [1.75, 7.9375, 1.875, 8.0625], "texture": "#5"},
				"east": {"uv": [7.9375, 2.9375, 8.0625, 3.0625], "texture": "#5"},
				"south": {"uv": [7.9375, 3.125, 8.0625, 3.25], "texture": "#5"},
				"west": {"uv": [7.9375, 3.3125, 8.0625, 3.4375], "texture": "#5"},
				"up": {"uv": [8.0625, 4.4375, 7.9375, 4.3125], "texture": "#5"},
				"down": {"uv": [8.0625, 4.5, 7.9375, 4.625], "texture": "#5"}
			}
		},
		{
			"from": [15.5, 6.5803, -9.39001],
			"to": [16.5, 12.5803, -8.39001],
			"rotation": {"angle": 22.5, "axis": "x", "origin": [8, 9.5803, -8.89001]},
			"faces": {
				"north": {"uv": [2.5, 7.625, 2.5625, 8], "texture": "#5"},
				"east": {"uv": [3.375, 7.625, 3.4375, 8], "texture": "#5"},
				"south": {"uv": [4.4375, 7.625, 4.5, 8], "texture": "#5"},
				"west": {"uv": [4.5625, 7.625, 4.625, 8], "texture": "#5"},
				"up": {"uv": [8.125, 7.9375, 8.0625, 7.875], "texture": "#5"}
			}
		},
		{
			"from": [-4.3, 7, -9.4],
			"to": [-1.3, 9, -9.4],
			"rotation": {"angle": 22.5, "axis": "y", "origin": [-2.8, 8, -9.75]},
			"faces": {
				"north": {"uv": [7.625, 2.5625, 7.8125, 2.6875], "texture": "#5"},
				"south": {"uv": [4.6875, 7.625, 4.875, 7.75], "texture": "#5"}
			}
		},
		{
			"from": [-5.475, 7.475, -10.25],
			"to": [-3.475, 8.475, -9.25],
			"rotation": {"angle": -45, "axis": "z", "origin": [-3.9, 3.35, -8.5]},
			"faces": {
				"north": {"uv": [8.0625, 1.1875, 8.1875, 1.25], "texture": "#5"},
				"south": {"uv": [8.0625, 2.0625, 8.1875, 2.125], "texture": "#5"},
				"west": {"uv": [8.125, 0.125, 8.1875, 0.1875], "texture": "#5"},
				"up": {"uv": [8.1875, 2.625, 8.0625, 2.5625], "texture": "#5"},
				"down": {"uv": [3.5, 8.0625, 3.375, 8.125], "texture": "#5"}
			}
		},
		{
			"from": [19.475, 7.475, -10.25],
			"to": [21.475, 8.475, -9.25],
			"rotation": {"angle": 45, "axis": "z", "origin": [19.9, 3.35, -8.5]},
			"faces": {
				"north": {"uv": [3.5625, 8.0625, 3.6875, 8.125], "texture": "#5"},
				"east": {"uv": [8.125, 0.25, 8.1875, 0.3125], "texture": "#5"},
				"south": {"uv": [3.75, 8.0625, 3.875, 8.125], "texture": "#5"},
				"up": {"uv": [4.0625, 8.125, 3.9375, 8.0625], "texture": "#5"},
				"down": {"uv": [4.25, 8.0625, 4.125, 8.125], "texture": "#5"}
			}
		},
		{
			"from": [17.3, 7, -9.4],
			"to": [20.3, 9, -9.4],
			"rotation": {"angle": -22.5, "axis": "y", "origin": [18.8, 8, -9.75]},
			"faces": {
				"north": {"uv": [7.625, 4.75, 7.8125, 4.875], "texture": "#5"},
				"south": {"uv": [7.625, 5.1875, 7.8125, 5.3125], "texture": "#5"}
			}
		},
		{
			"from": [-1, 0, -6.5],
			"to": [17, 4, -0.5],
			"faces": {
				"east": {"uv": [2.375, 6.625, 2.75, 6.875], "texture": "#5"},
				"west": {"uv": [1.625, 6.6875, 2, 6.9375], "texture": "#5"}
			}
		},
		{
			"from": [-0.5, 0, 11.5],
			"to": [16.5, 4, 23.5],
			"rotation": {"angle": 0, "axis": "y", "origin": [-0.5, 0, 0]},
			"faces": {
				"east": {"uv": [4.375, 5.6875, 5.125, 5.9375], "texture": "#5"},
				"west": {"uv": [5.75, 3.5625, 6.5, 3.8125], "texture": "#5"}
			}
		},
		{
			"from": [0.5, 6.96134, -9.17723],
			"to": [15.5, 12.96134, -8.67723],
			"rotation": {"angle": 22.5, "axis": "x", "origin": [8.5, 9.46134, -10.17723]},
			"faces": {
				"north": {"uv": [0, 8.53125, 0.9375, 8.90625], "texture": "#5"},
				"south": {"uv": [0.9375, 8.53125, 0, 8.90625], "texture": "#5"}
			}
		},
		{
			"from": [-0.25, 6.96134, -9.92723],
			"to": [0.25, 11.96134, 3.07277],
			"rotation": {"angle": 0, "axis": "y", "origin": [0, -0.51366, -8.67723]},
			"faces": {
				"east": {"uv": [3.40625, 10.375, 2.59375, 10.6875], "texture": "#5"},
				"west": {"uv": [2.59375, 10.375, 3.40625, 10.6875], "texture": "#5"}
			}
		},
		{
			"from": [15.75, 6.96134, -9.92723],
			"to": [16.25, 11.96134, 3.07277],
			"rotation": {"angle": 0, "axis": "y", "origin": [16, -0.51366, -8.67723]},
			"faces": {
				"east": {"uv": [3.40625, 10.375, 2.59375, 10.6875], "texture": "#5"},
				"west": {"uv": [2.59375, 10.375, 3.40625, 10.6875], "texture": "#5"}
			}
		},
		{
			"from": [9, 0.87026, -0.58849],
			"to": [14.5, 7.87026, 1.41151],
			"rotation": {"angle": 22.5, "axis": "x", "origin": [11.75, 4.37026, 0.41151]},
			"faces": {
				"north": {"uv": [3.5, 3, 4.875, 4.75], "texture": "#1"},
				"east": {"uv": [3.5, 7, 4, 8.75], "texture": "#1"},
				"south": {"uv": [0, 4, 1.375, 5.75], "texture": "#1"},
				"west": {"uv": [7, 4, 7.5, 5.75], "texture": "#1"},
				"up": {"uv": [7.625, 8, 6.25, 7.5], "texture": "#1"}
			}
		},
		{
			"from": [9.004, 0.754, -5],
			"to": [14.5, 2.75, -0.004],
			"rotation": {"angle": 0, "axis": "y", "origin": [11.752, 3.002, -2.502]},
			"faces": {
				"east": {"uv": [6.25, 8.25, 7.5, 8.75], "texture": "#1"},
				"west": {"uv": [7.75, 8.25, 9, 8.75], "texture": "#1"}
			}
		},
		{
			"from": [1.5, 0.754, -5],
			"to": [6.996, 2.75, -0.004],
			"rotation": {"angle": 0, "axis": "y", "origin": [4.248, 3.002, -2.502]},
			"faces": {
				"east": {"uv": [8.5, 1.5, 9.75, 2], "texture": "#1"},
				"west": {"uv": [8.5, 2.25, 9.75, 2.75], "texture": "#1"}
			}
		},
		{
			"from": [1.496, 0.87026, -0.58849],
			"to": [6.996, 7.87026, 1.41151],
			"rotation": {"angle": 22.5, "axis": "x", "origin": [4.246, 4.37026, 0.41151]},
			"faces": {
				"north": {"uv": [1.75, 4, 3.125, 5.75], "texture": "#1"},
				"east": {"uv": [4.25, 7, 4.75, 8.75], "texture": "#1"},
				"south": {"uv": [3.5, 5, 4.875, 6.75], "texture": "#1"},
				"west": {"uv": [0, 7.5, 0.5, 9.25], "texture": "#1"},
				"up": {"uv": [9.375, 8, 8, 7.5], "texture": "#1"}
			}
		},
		{
			"from": [2, 3.625, -8.5],
			"to": [7, 7.625, -7],
			"rotation": {"angle": 0, "axis": "y", "origin": [0, 1, -9]},
			"faces": {
				"north": {"uv": [7, 1.5, 8.25, 2.5], "texture": "#1"},
				"east": {"uv": [5, 8.75, 5.375, 9.75], "texture": "#1"},
				"south": {"uv": [7, 2.75, 8.25, 3.75], "texture": "#1"},
				"west": {"uv": [3.75, 9, 4.125, 10], "texture": "#1"},
				"up": {"uv": [10, 6.625, 8.75, 6.25], "texture": "#1"},
				"down": {"uv": [3.5, 9, 2.25, 9.375], "texture": "#1"}
			}
		},
		{
			"from": [4.25, 6.375, -7.725],
			"to": [4.75, 6.875, -6.225],
			"rotation": {"angle": -22.5, "axis": "x", "origin": [4.5, 6.25, -7.75]},
			"faces": {
				"east": {"uv": [7.75, 5.5, 8.125, 5.625], "texture": "#1"},
				"south": {"uv": [6.75, 9, 6.875, 9.125], "texture": "#1"},
				"west": {"uv": [8.75, 7, 9.125, 7.125], "texture": "#1"},
				"up": {"uv": [5.875, 9.125, 5.75, 8.75], "texture": "#1"},
				"down": {"uv": [4.625, 9, 4.5, 9.375], "texture": "#1"}
			}
		},
		{
			"from": [2.75, 4.875, -6.175],
			"to": [6.25, 8.375, -6.175],
			"rotation": {"angle": -22.5, "axis": "x", "origin": [4.5, 6.25, -7.75]},
			"faces": {
				"north": {"uv": [2.25, 7.5, 3.125, 8.375], "texture": "#1"},
				"south": {"uv": [5, 7.5, 5.875, 8.375], "texture": "#1"}
			}
		},
		{
			"name": "octagon",
			"from": [-0.848, -1.748, -4.53353],
			"to": [1.148, 3.248, -2.46647],
			"rotation": {"angle": 45, "axis": "x", "origin": [8, 0.75, -3.5]},
			"faces": {
				"east": {"uv": [0, 0, 2.5, 1], "rotation": 90, "texture": "#2_1"},
				"west": {"uv": [0, 1.5, 2.5, 2.5], "rotation": 270, "texture": "#2_1"},
				"down": {"uv": [7.5, 3, 8.5, 4], "rotation": 180, "texture": "#2_1"}
			}
		},
		{
			"name": "octagon",
			"from": [-0.85, -1.75, -4.53553],
			"to": [1.15, 3.25, -2.46447],
			"rotation": {"angle": 0, "axis": "x", "origin": [8, 0.75, -3.5]},
			"faces": {
				"north": {"uv": [2.5, 7, 1.5, 4.5], "rotation": 180, "texture": "#2_1"},
				"east": {"uv": [1.5, 3, 4, 4], "rotation": 90, "texture": "#2_1"},
				"south": {"uv": [5.5, 1.5, 4.5, 4], "texture": "#2_1"},
				"west": {"uv": [4.5, 0, 7, 1], "rotation": 270, "texture": "#2_1"},
				"down": {"uv": [7.5, 4.5, 8.5, 5.5], "rotation": 180, "texture": "#2_1"}
			}
		},
		{
			"name": "octagon",
			"from": [-0.848, -0.28353, -5.998],
			"to": [1.148, 1.78353, -1.002],
			"rotation": {"angle": 45, "axis": "x", "origin": [8, 0.75, -3.5]},
			"faces": {
				"east": {"uv": [4.5, 4.5, 5.5, 7], "rotation": 90, "texture": "#2_1"},
				"south": {"uv": [8.5, 7.5, 7.5, 8.5], "texture": "#2_1"},
				"west": {"uv": [6, 1.5, 7, 4], "rotation": 270, "texture": "#2_1"}
			}
		},
		{
			"name": "octagon",
			"from": [-0.85, -0.28553, -6],
			"to": [1.15, 1.78553, -1],
			"rotation": {"angle": 0, "axis": "x", "origin": [8, 0.75, -3.5]},
			"faces": {
				"north": {"uv": [1, 10, 0, 9], "rotation": 180, "texture": "#2_1"},
				"east": {"uv": [7.5, 0, 8.5, 2.5], "rotation": 90, "texture": "#2_1"},
				"south": {"uv": [10, 0, 9, 1], "texture": "#2_1"},
				"west": {"uv": [3, 7.5, 4, 10], "rotation": 270, "texture": "#2_1"},
				"down": {"uv": [6, 4.5, 7, 7], "rotation": 180, "texture": "#2_1"}
			}
		},
		{
			"name": "octagon",
			"from": [14.852, -1.748, -4.53353],
			"to": [16.848, 3.248, -2.46647],
			"rotation": {"angle": 45, "axis": "x", "origin": [8, 0.75, -3.5]},
			"faces": {
				"east": {"uv": [0, 2.5, 2.5, 1.5], "rotation": 270, "texture": "#2_1"},
				"west": {"uv": [0, 1, 2.5, 0], "rotation": 90, "texture": "#2_1"},
				"down": {"uv": [8.5, 3, 7.5, 4], "rotation": 180, "texture": "#2_1"}
			}
		},
		{
			"name": "octagon",
			"from": [14.85, -1.75, -4.53553],
			"to": [16.85, 3.25, -2.46447],
			"rotation": {"angle": 0, "axis": "x", "origin": [8, 0.75, -3.5]},
			"faces": {
				"north": {"uv": [1.5, 7, 2.5, 4.5], "rotation": 180, "texture": "#2_1"},
				"east": {"uv": [4.5, 1, 7, 0], "rotation": 270, "texture": "#2_1"},
				"south": {"uv": [4.5, 1.5, 5.5, 4], "texture": "#2_1"},
				"west": {"uv": [1.5, 4, 4, 3], "rotation": 90, "texture": "#2_1"},
				"down": {"uv": [8.5, 4.5, 7.5, 5.5], "rotation": 180, "texture": "#2_1"}
			}
		},
		{
			"name": "octagon",
			"from": [14.852, -0.28353, -5.998],
			"to": [16.848, 1.78353, -1.002],
			"rotation": {"angle": 45, "axis": "x", "origin": [8, 0.75, -3.5]},
			"faces": {
				"east": {"uv": [6, 4, 7, 1.5], "rotation": 270, "texture": "#2_1"},
				"south": {"uv": [7.5, 7.5, 8.5, 8.5], "texture": "#2_1"},
				"west": {"uv": [4.5, 7, 5.5, 4.5], "rotation": 90, "texture": "#2_1"}
			}
		},
		{
			"name": "octagon",
			"from": [14.85, -0.28553, -6],
			"to": [16.85, 1.78553, -1],
			"rotation": {"angle": 0, "axis": "x", "origin": [8, 0.75, -3.5]},
			"faces": {
				"north": {"uv": [0, 10, 1, 9], "rotation": 180, "texture": "#2_1"},
				"east": {"uv": [3, 10, 4, 7.5], "rotation": 270, "texture": "#2_1"},
				"south": {"uv": [9, 0, 10, 1], "texture": "#2_1"},
				"west": {"uv": [7.5, 2.5, 8.5, 0], "rotation": 90, "texture": "#2_1"},
				"down": {"uv": [7, 4.5, 6, 7], "rotation": 180, "texture": "#2_1"}
			}
		},
		{
			"from": [-0.9, -1.375, -5.625],
			"to": [-0.9, 2.875, -1.375],
			"rotation": {"angle": -22.5, "axis": "x", "origin": [8, 0.75, -3.5]},
			"faces": {
				"west": {"uv": [0, 0, 16, 16], "texture": "#1_2"}
			}
		},
		{
			"from": [16.9, -1.375, -5.625],
			"to": [16.9, 2.875, -1.375],
			"rotation": {"angle": -22.5, "axis": "x", "origin": [8, 0.75, -3.5]},
			"faces": {
				"east": {"uv": [0, 16, 16, 0], "rotation": 180, "texture": "#1_2"}
			}
		},
		{
			"name": "octagon",
			"from": [-0.848, -1.748, 19.46647],
			"to": [1.148, 3.248, 21.53353],
			"rotation": {"angle": 0, "axis": "x", "origin": [-0.375, 0.75, 20.5]},
			"faces": {
				"east": {"uv": [0, 0, 2.5, 1], "rotation": 90, "texture": "#2_1"},
				"west": {"uv": [0, 1.5, 2.5, 2.5], "rotation": 270, "texture": "#2_1"},
				"up": {"uv": [4.5, 7.5, 5.5, 8.5], "texture": "#2_1"},
				"down": {"uv": [7.5, 3, 8.5, 4], "rotation": 180, "texture": "#2_1"}
			}
		},
		{
			"name": "octagon",
			"from": [-0.85, -1.75, 19.46447],
			"to": [1.15, 3.25, 21.53553],
			"rotation": {"angle": -45, "axis": "x", "origin": [-0.375, 0.75, 20.5]},
			"faces": {
				"north": {"uv": [2.5, 7, 1.5, 4.5], "rotation": 180, "texture": "#2_1"},
				"east": {"uv": [1.5, 3, 4, 4], "rotation": 90, "texture": "#2_1"},
				"south": {"uv": [5.5, 1.5, 4.5, 4], "texture": "#2_1"},
				"west": {"uv": [4.5, 0, 7, 1], "rotation": 270, "texture": "#2_1"},
				"up": {"uv": [6, 7.5, 7, 8.5], "texture": "#2_1"},
				"down": {"uv": [7.5, 4.5, 8.5, 5.5], "rotation": 180, "texture": "#2_1"}
			}
		},
		{
			"name": "octagon",
			"from": [-0.848, -0.28353, 18.002],
			"to": [1.148, 1.78353, 22.998],
			"rotation": {"angle": 0, "axis": "x", "origin": [-0.375, 0.75, 20.5]},
			"faces": {
				"north": {"uv": [8.5, 7, 7.5, 6], "rotation": 180, "texture": "#2_1"},
				"east": {"uv": [4.5, 4.5, 5.5, 7], "rotation": 90, "texture": "#2_1"},
				"south": {"uv": [8.5, 7.5, 7.5, 8.5], "texture": "#2_1"},
				"west": {"uv": [6, 1.5, 7, 4], "rotation": 270, "texture": "#2_1"}
			}
		},
		{
			"name": "octagon",
			"from": [-0.85, -0.28553, 18],
			"to": [1.15, 1.78553, 23],
			"rotation": {"angle": -45, "axis": "x", "origin": [-0.375, 0.75, 20.5]},
			"faces": {
				"north": {"uv": [1, 10, 0, 9], "rotation": 180, "texture": "#2_1"},
				"east": {"uv": [7.5, 0, 8.5, 2.5], "rotation": 90, "texture": "#2_1"},
				"south": {"uv": [10, 0, 9, 1], "texture": "#2_1"},
				"west": {"uv": [3, 7.5, 4, 10], "rotation": 270, "texture": "#2_1"},
				"up": {"uv": [1.5, 7.5, 2.5, 10], "texture": "#2_1"},
				"down": {"uv": [6, 4.5, 7, 7], "rotation": 180, "texture": "#2_1"}
			}
		},
		{
			"name": "octagon",
			"from": [14.852, -1.748, 19.46647],
			"to": [16.848, 3.248, 21.53353],
			"rotation": {"angle": 0, "axis": "x", "origin": [16.375, 0.75, 20.5]},
			"faces": {
				"east": {"uv": [0, 2.5, 2.5, 1.5], "rotation": 270, "texture": "#2_1"},
				"west": {"uv": [0, 1, 2.5, 0], "rotation": 90, "texture": "#2_1"},
				"up": {"uv": [5.5, 7.5, 4.5, 8.5], "texture": "#2_1"},
				"down": {"uv": [8.5, 3, 7.5, 4], "rotation": 180, "texture": "#2_1"}
			}
		},
		{
			"name": "octagon",
			"from": [14.85, -1.75, 19.46447],
			"to": [16.85, 3.25, 21.53553],
			"rotation": {"angle": -45, "axis": "x", "origin": [16.375, 0.75, 20.5]},
			"faces": {
				"north": {"uv": [1.5, 7, 2.5, 4.5], "rotation": 180, "texture": "#2_1"},
				"east": {"uv": [4.5, 1, 7, 0], "rotation": 270, "texture": "#2_1"},
				"south": {"uv": [4.5, 1.5, 5.5, 4], "texture": "#2_1"},
				"west": {"uv": [1.5, 4, 4, 3], "rotation": 90, "texture": "#2_1"},
				"up": {"uv": [7, 7.5, 6, 8.5], "texture": "#2_1"},
				"down": {"uv": [8.5, 4.5, 7.5, 5.5], "rotation": 180, "texture": "#2_1"}
			}
		},
		{
			"name": "octagon",
			"from": [14.852, -0.28353, 18.002],
			"to": [16.848, 1.78353, 22.998],
			"rotation": {"angle": 0, "axis": "x", "origin": [16.375, 0.75, 20.5]},
			"faces": {
				"north": {"uv": [7.5, 7, 8.5, 6], "rotation": 180, "texture": "#2_1"},
				"east": {"uv": [6, 4, 7, 1.5], "rotation": 270, "texture": "#2_1"},
				"south": {"uv": [7.5, 7.5, 8.5, 8.5], "texture": "#2_1"},
				"west": {"uv": [4.5, 7, 5.5, 4.5], "rotation": 90, "texture": "#2_1"}
			}
		},
		{
			"name": "octagon",
			"from": [14.85, -0.28553, 18],
			"to": [16.85, 1.78553, 23],
			"rotation": {"angle": -45, "axis": "x", "origin": [16.375, 0.75, 20.5]},
			"faces": {
				"north": {"uv": [0, 10, 1, 9], "rotation": 180, "texture": "#2_1"},
				"east": {"uv": [3, 10, 4, 7.5], "rotation": 270, "texture": "#2_1"},
				"south": {"uv": [9, 0, 10, 1], "texture": "#2_1"},
				"west": {"uv": [7.5, 2.5, 8.5, 0], "rotation": 90, "texture": "#2_1"},
				"up": {"uv": [2.5, 7.5, 1.5, 10], "texture": "#2_1"},
				"down": {"uv": [7, 4.5, 6, 7], "rotation": 180, "texture": "#2_1"}
			}
		},
		{
			"from": [-0.9, -1.375, 18.375],
			"to": [-0.9, 2.875, 22.625],
			"rotation": {"angle": 22.5, "axis": "x", "origin": [-0.375, 0.75, 20.5]},
			"faces": {
				"west": {"uv": [0, 0, 16, 16], "rotation": 270, "texture": "#1_2"}
			}
		},
		{
			"from": [16.9, -1.375, 18.375],
			"to": [16.9, 2.875, 22.625],
			"rotation": {"angle": 22.5, "axis": "x", "origin": [16.375, 0.75, 20.5]},
			"faces": {
				"east": {"uv": [0, 16, 16, 0], "rotation": 270, "texture": "#1_2"}
			}
		},
		{
			"name": "octagon",
			"from": [-0.848, -1.748, 13.46647],
			"to": [1.148, 3.248, 15.53353],
			"rotation": {"angle": 0, "axis": "x", "origin": [-0.375, 0.75, 14.5]},
			"faces": {
				"east": {"uv": [0, 0, 2.5, 1], "rotation": 90, "texture": "#2_1"},
				"west": {"uv": [0, 1.5, 2.5, 2.5], "rotation": 270, "texture": "#2_1"},
				"up": {"uv": [4.5, 7.5, 5.5, 8.5], "texture": "#2_1"},
				"down": {"uv": [7.5, 3, 8.5, 4], "rotation": 180, "texture": "#2_1"}
			}
		},
		{
			"name": "octagon",
			"from": [-0.85, -1.75, 13.46447],
			"to": [1.15, 3.25, 15.53553],
			"rotation": {"angle": -45, "axis": "x", "origin": [-0.375, 0.75, 14.5]},
			"faces": {
				"north": {"uv": [2.5, 7, 1.5, 4.5], "rotation": 180, "texture": "#2_1"},
				"east": {"uv": [1.5, 3, 4, 4], "rotation": 90, "texture": "#2_1"},
				"south": {"uv": [5.5, 1.5, 4.5, 4], "texture": "#2_1"},
				"west": {"uv": [4.5, 0, 7, 1], "rotation": 270, "texture": "#2_1"},
				"up": {"uv": [6, 7.5, 7, 8.5], "texture": "#2_1"},
				"down": {"uv": [7.5, 4.5, 8.5, 5.5], "rotation": 180, "texture": "#2_1"}
			}
		},
		{
			"name": "octagon",
			"from": [-0.848, -0.28353, 12.002],
			"to": [1.148, 1.78353, 16.998],
			"rotation": {"angle": 0, "axis": "x", "origin": [-0.375, 0.75, 14.5]},
			"faces": {
				"north": {"uv": [8.5, 7, 7.5, 6], "rotation": 180, "texture": "#2_1"},
				"east": {"uv": [4.5, 4.5, 5.5, 7], "rotation": 90, "texture": "#2_1"},
				"south": {"uv": [8.5, 7.5, 7.5, 8.5], "texture": "#2_1"},
				"west": {"uv": [6, 1.5, 7, 4], "rotation": 270, "texture": "#2_1"}
			}
		},
		{
			"name": "octagon",
			"from": [-0.85, -0.28553, 12],
			"to": [1.15, 1.78553, 17],
			"rotation": {"angle": -45, "axis": "x", "origin": [-0.375, 0.75, 14.5]},
			"faces": {
				"north": {"uv": [1, 10, 0, 9], "rotation": 180, "texture": "#2_1"},
				"east": {"uv": [7.5, 0, 8.5, 2.5], "rotation": 90, "texture": "#2_1"},
				"south": {"uv": [10, 0, 9, 1], "texture": "#2_1"},
				"west": {"uv": [3, 7.5, 4, 10], "rotation": 270, "texture": "#2_1"},
				"up": {"uv": [1.5, 7.5, 2.5, 10], "texture": "#2_1"},
				"down": {"uv": [6, 4.5, 7, 7], "rotation": 180, "texture": "#2_1"}
			}
		},
		{
			"name": "octagon",
			"from": [14.852, -1.748, 13.46647],
			"to": [16.848, 3.248, 15.53353],
			"rotation": {"angle": 0, "axis": "x", "origin": [16.375, 0.75, 14.5]},
			"faces": {
				"east": {"uv": [0, 2.5, 2.5, 1.5], "rotation": 270, "texture": "#2_1"},
				"west": {"uv": [0, 1, 2.5, 0], "rotation": 90, "texture": "#2_1"},
				"up": {"uv": [5.5, 7.5, 4.5, 8.5], "texture": "#2_1"},
				"down": {"uv": [8.5, 3, 7.5, 4], "rotation": 180, "texture": "#2_1"}
			}
		},
		{
			"name": "octagon",
			"from": [14.85, -1.75, 13.46447],
			"to": [16.85, 3.25, 15.53553],
			"rotation": {"angle": -45, "axis": "x", "origin": [16.375, 0.75, 14.5]},
			"faces": {
				"north": {"uv": [1.5, 7, 2.5, 4.5], "rotation": 180, "texture": "#2_1"},
				"east": {"uv": [4.5, 1, 7, 0], "rotation": 270, "texture": "#2_1"},
				"south": {"uv": [4.5, 1.5, 5.5, 4], "texture": "#2_1"},
				"west": {"uv": [1.5, 4, 4, 3], "rotation": 90, "texture": "#2_1"},
				"up": {"uv": [7, 7.5, 6, 8.5], "texture": "#2_1"},
				"down": {"uv": [8.5, 4.5, 7.5, 5.5], "rotation": 180, "texture": "#2_1"}
			}
		},
		{
			"name": "octagon",
			"from": [14.852, -0.28353, 12.002],
			"to": [16.848, 1.78353, 16.998],
			"rotation": {"angle": 0, "axis": "x", "origin": [16.375, 0.75, 14.5]},
			"faces": {
				"north": {"uv": [7.5, 7, 8.5, 6], "rotation": 180, "texture": "#2_1"},
				"east": {"uv": [6, 4, 7, 1.5], "rotation": 270, "texture": "#2_1"},
				"south": {"uv": [7.5, 7.5, 8.5, 8.5], "texture": "#2_1"},
				"west": {"uv": [4.5, 7, 5.5, 4.5], "rotation": 90, "texture": "#2_1"}
			}
		},
		{
			"name": "octagon",
			"from": [14.85, -0.28553, 12],
			"to": [16.85, 1.78553, 17],
			"rotation": {"angle": -45, "axis": "x", "origin": [16.375, 0.75, 14.5]},
			"faces": {
				"north": {"uv": [0, 10, 1, 9], "rotation": 180, "texture": "#2_1"},
				"east": {"uv": [3, 10, 4, 7.5], "rotation": 270, "texture": "#2_1"},
				"south": {"uv": [9, 0, 10, 1], "texture": "#2_1"},
				"west": {"uv": [7.5, 2.5, 8.5, 0], "rotation": 90, "texture": "#2_1"},
				"up": {"uv": [2.5, 7.5, 1.5, 10], "texture": "#2_1"},
				"down": {"uv": [7, 4.5, 6, 7], "rotation": 180, "texture": "#2_1"}
			}
		},
		{
			"from": [-0.9, -1.375, 12.375],
			"to": [-0.9, 2.875, 16.625],
			"rotation": {"angle": 22.5, "axis": "x", "origin": [-0.375, 0.75, 14.5]},
			"faces": {
				"west": {"uv": [0, 0, 16, 16], "rotation": 270, "texture": "#1_2"}
			}
		},
		{
			"from": [16.9, -1.375, 12.375],
			"to": [16.9, 2.875, 16.625],
			"rotation": {"angle": 22.5, "axis": "x", "origin": [16.375, 0.75, 14.5]},
			"faces": {
				"east": {"uv": [0, 16, 16, 0], "rotation": 270, "texture": "#1_2"}
			}
		}
	],
	"display": {
		"thirdperson_righthand": {
			"rotation": [75, 45, 0],
			"translation": [0, 2.5, 0],
			"scale": [0.375, 0.375, 0.375]
		},
		"thirdperson_lefthand": {
			"rotation": [75, 45, 0],
			"translation": [0, 2.5, 0],
			"scale": [0.375, 0.375, 0.375]
		},
		"firstperson_righthand": {
			"rotation": [0, 45, 0],
			"scale": [0.4, 0.4, 0.4]
		},
		"firstperson_lefthand": {
			"rotation": [0, 225, 0],
			"scale": [0.4, 0.4, 0.4]
		},
		"ground": {
			"translation": [0, 3, 0],
			"scale": [0.25, 0.25, 0.25]
		},
		"gui": {
			"rotation": [30, 225, 0],
			"translation": [0.25, 1, 0],
			"scale": [0.36, 0.36, 0.36]
		},
		"head": {
			"translation": [0, -5.5, 40.5],
			"scale": [4, 4, 4]
		}
	},
	"groups": [
		{
			"name": "group",
			"origin": [3, 6, -6.5],
			"color": 0,
			"children": [
				0,
				1,
				2,
				3,
				4,
				5,
				6,
				7,
				8,
				9,
				10,
				11,
				12,
				13,
				14,
				15,
				16,
				17,
				18,
				19,
				20,
				21,
				22,
				23,
				24,
				25,
				26,
				27,
				28,
				29,
				30,
				31,
				32,
				33,
				34,
				35,
				36,
				37,
				38,
				39,
				40,
				41,
				42,
				43,
				44,
				45,
				46,
				47,
				48,
				49,
				50,
				51,
				52,
				53,
				54,
				55,
				56,
				57,
				58,
				59,
				60,
				61,
				62,
				63,
				64,
				65,
				66,
				67,
				68,
				69,
				70,
				71,
				72,
				73,
				74,
				75,
				76,
				77
			]
		},
		{
			"name": "seats",
			"origin": [8, 8, 8],
			"color": 0,
			"children": [
				{
					"name": "group",
					"origin": [8.5, 3, -9.5],
					"color": 0,
					"children": [78, 79, 80, 81]
				}
			]
		},
		82,
		83,
		{
			"name": "group",
			"origin": [0, -0.51366, 0.32277],
			"color": 0,
			"children": [84, 85, 86]
		},
		{
			"name": "lp_seats",
			"origin": [8, 8, 8],
			"color": 0,
			"children": [
				{
					"name": "group",
					"origin": [4.5, 6.25, 0.25],
					"color": 0,
					"children": [
						{
							"name": "group",
							"origin": [11.752, 3.002, 5.498],
							"color": 0,
							"children": [87, 88, 89, 90]
						},
						91,
						92,
						93
					]
				}
			]
		},
		{
			"name": "tires_temp2",
			"origin": [8, 8, 8],
			"color": 0,
			"children": [
				{
					"name": "tires_temp",
					"origin": [8, 8, 8],
					"color": 0,
					"children": [
						{
							"name": "tire_template",
							"origin": [8, 8, 8],
							"color": 0,
							"children": [
								{
									"name": "octagon",
									"origin": [8, 8, 8],
									"color": 0,
									"children": [94, 95, 96, 97, 98, 99, 100, 101]
								},
								102,
								103
							]
						},
						{
							"name": "tire_template",
							"origin": [8, 8, 8],
							"color": 0,
							"children": [
								{
									"name": "octagon",
									"origin": [8, 8, 8],
									"color": 0,
									"children": [104, 105, 106, 107, 108, 109, 110, 111]
								},
								112,
								113
							]
						},
						{
							"name": "tire_template",
							"origin": [8, 8, 8],
							"color": 0,
							"children": [
								{
									"name": "octagon",
									"origin": [8, 8, 8],
									"color": 0,
									"children": [114, 115, 116, 117, 118, 119, 120, 121]
								},
								122,
								123
							]
						}
					]
				}
			]
		}
	]
}