{
	"credit": "Made with Blockbench",
	"textures": {
		"0": "block/rgbsheet1",
		"1": "block/glasspanetexture",
		"2": "block/qavassets1",
		"3": "block/qavlicenseplates",
		"5": "block/PeakCraftChannel",
		"6": "block/texturedmaterials1",
		"particle": "block/rgbsheet1"
	},
	"elements": [
		{
			"from": [0, 0.5, 32],
			"to": [0.75, 4.25, 32],
			"faces": {
				"north": {"uv": [4, 6, 5, 7], "texture": "#0"},
				"east": {"uv": [4, 6, 5, 7], "texture": "#0"},
				"south": {"uv": [4, 6, 5, 7], "texture": "#0"},
				"west": {"uv": [4, 6, 5, 7], "texture": "#0"},
				"up": {"uv": [4, 6, 5, 7], "texture": "#0"},
				"down": {"uv": [4, 6, 5, 7], "texture": "#0"}
			}
		},
		{
			"from": [15.25, 0.5, 32],
			"to": [16, 4.25, 32],
			"faces": {
				"north": {"uv": [4, 6, 5, 7], "texture": "#0"},
				"east": {"uv": [4, 6, 5, 7], "texture": "#0"},
				"south": {"uv": [4, 6, 5, 7], "texture": "#0"},
				"west": {"uv": [4, 6, 5, 7], "texture": "#0"},
				"up": {"uv": [4, 6, 5, 7], "texture": "#0"},
				"down": {"uv": [4, 6, 5, 7], "texture": "#0"}
			}
		},
		{
			"from": [-0.01, -1, 19.5],
			"to": [0.74, 8, 31.99],
			"faces": {
				"north": {"uv": [8, 8, 16, 12], "texture": "#6"},
				"east": {"uv": [8, 8, 16, 12], "texture": "#6"},
				"south": {"uv": [8, 8, 16, 12], "texture": "#6"},
				"west": {"uv": [8, 8, 16, 12], "texture": "#6"},
				"up": {"uv": [8, 8, 16, 12], "texture": "#6"},
				"down": {"uv": [8, 8, 16, 12], "texture": "#6"}
			}
		},
		{
			"from": [14.25, -1, 19.5],
			"to": [15, 8, 31.99],
			"faces": {
				"north": {"uv": [8, 8, 16, 12], "texture": "#6"},
				"east": {"uv": [8, 8, 16, 12], "texture": "#6"},
				"south": {"uv": [8, 8, 16, 12], "texture": "#6"},
				"west": {"uv": [8, 8, 16, 12], "texture": "#6"},
				"up": {"uv": [8, 8, 16, 12], "texture": "#6"},
				"down": {"uv": [8, 8, 16, 12], "texture": "#6"}
			}
		},
		{
			"from": [-0.01, -1, 15],
			"to": [0.24, 8, 19.5],
			"faces": {
				"north": {"uv": [8, 8, 16, 12], "texture": "#6"},
				"east": {"uv": [8, 8, 16, 12], "texture": "#6"},
				"south": {"uv": [8, 8, 16, 12], "texture": "#6"},
				"west": {"uv": [8, 8, 16, 12], "texture": "#6"},
				"up": {"uv": [8, 8, 16, 12], "texture": "#6"},
				"down": {"uv": [8, 8, 16, 12], "texture": "#6"}
			}
		},
		{
			"from": [0.5, 6, 27.5],
			"to": [14.75, 15.25, 27.6],
			"rotation": {"angle": -22.5, "axis": "x", "origin": [7.48179, 11.34136, 26.73179]},
			"faces": {
				"north": {"uv": [0, 0, 16, 16], "texture": "#1"},
				"east": {"uv": [0, 0, 16, 16], "texture": "#1"},
				"south": {"uv": [0, 0, 16, 16], "texture": "#1"},
				"west": {"uv": [0, 0, 16, 16], "texture": "#1"},
				"up": {"uv": [0, 0, 16, 16], "texture": "#1"},
				"down": {"uv": [0, 0, 16, 16], "texture": "#1"}
			}
		},
		{
			"from": [14.75, -1, 15],
			"to": [15, 8, 19.5],
			"faces": {
				"north": {"uv": [8, 8, 16, 12], "texture": "#6"},
				"east": {"uv": [8, 8, 16, 12], "texture": "#6"},
				"south": {"uv": [8, 8, 16, 12], "texture": "#6"},
				"west": {"uv": [8, 8, 16, 12], "texture": "#6"},
				"up": {"uv": [8, 8, 16, 12], "texture": "#6"},
				"down": {"uv": [8, 8, 16, 12], "texture": "#6"}
			}
		},
		{
			"from": [14.74, 8, 9.25],
			"to": [14.99, 15, 15.25],
			"faces": {
				"north": {"uv": [0, 0, 16, 16], "texture": "#1"},
				"east": {"uv": [0, 0, 16, 16], "texture": "#1"},
				"south": {"uv": [0, 0, 16, 16], "texture": "#1"},
				"west": {"uv": [0, 0, 16, 16], "texture": "#1"},
				"up": {"uv": [0, 0, 16, 16], "texture": "#1"},
				"down": {"uv": [0, 0, 16, 16], "texture": "#1"}
			}
		},
		{
			"from": [14.74, 8, 16.75],
			"to": [14.99, 15, 22.75],
			"faces": {
				"north": {"uv": [0, 0, 16, 16], "texture": "#1"},
				"east": {"uv": [0, 0, 16, 16], "texture": "#1"},
				"south": {"uv": [0, 0, 16, 16], "texture": "#1"},
				"west": {"uv": [0, 0, 16, 16], "texture": "#1"},
				"up": {"uv": [0, 0, 16, 16], "texture": "#1"},
				"down": {"uv": [0, 0, 16, 16], "texture": "#1"}
			}
		},
		{
			"from": [-0.01, 7.75, -3.5],
			"to": [0.24, 10.5, 4.75],
			"faces": {
				"north": {"uv": [0, 0, 16, 4], "texture": "#1"},
				"east": {"uv": [0, 0, 16, 4], "texture": "#1"},
				"south": {"uv": [0, 0, 16, 4], "texture": "#1"},
				"west": {"uv": [0, 0, 16, 4], "texture": "#1"},
				"up": {"uv": [0, 0, 16, 4], "texture": "#1"},
				"down": {"uv": [0, 0, 16, 4], "texture": "#1"}
			}
		},
		{
			"from": [14.74, 7.75, -3.5],
			"to": [14.99, 11.5, 4.75],
			"faces": {
				"north": {"uv": [0, 0, 16, 3], "texture": "#1"},
				"east": {"uv": [0, 0, 16, 3], "texture": "#1"},
				"south": {"uv": [0, 0, 16, 3], "texture": "#1"},
				"west": {"uv": [0, 0, 16, 3], "texture": "#1"},
				"up": {"uv": [0, 0, 16, 3], "texture": "#1"},
				"down": {"uv": [0, 0, 16, 3], "texture": "#1"}
			}
		},
		{
			"from": [-0.01, 8, 9.25],
			"to": [0.24, 15, 15.25],
			"faces": {
				"north": {"uv": [0, 0, 16, 16], "texture": "#1"},
				"east": {"uv": [0, 0, 16, 16], "texture": "#1"},
				"south": {"uv": [0, 0, 16, 16], "texture": "#1"},
				"west": {"uv": [0, 0, 16, 16], "texture": "#1"},
				"up": {"uv": [0, 0, 16, 16], "texture": "#1"},
				"down": {"uv": [0, 0, 16, 16], "texture": "#1"}
			}
		},
		{
			"from": [-0.01, 8, 16.75],
			"to": [0.24, 15, 22.75],
			"faces": {
				"north": {"uv": [0, 0, 16, 16], "texture": "#1"},
				"east": {"uv": [0, 0, 16, 16], "texture": "#1"},
				"south": {"uv": [0, 0, 16, 16], "texture": "#1"},
				"west": {"uv": [0, 0, 16, 16], "texture": "#1"},
				"up": {"uv": [0, 0, 16, 16], "texture": "#1"},
				"down": {"uv": [0, 0, 16, 16], "texture": "#1"}
			}
		},
		{
			"from": [-0.01, -1, 5.5],
			"to": [0.24, 8, 15],
			"faces": {
				"north": {"uv": [8, 8, 16, 12], "texture": "#6"},
				"east": {"uv": [8, 8, 16, 12], "texture": "#6"},
				"south": {"uv": [8, 8, 16, 12], "texture": "#6"},
				"west": {"uv": [8, 8, 16, 12], "texture": "#6"},
				"up": {"uv": [8, 8, 16, 12], "texture": "#6"},
				"down": {"uv": [8, 8, 16, 12], "texture": "#6"}
			}
		},
		{
			"from": [14.75, -1, 5.5],
			"to": [15, 8, 15],
			"faces": {
				"north": {"uv": [8, 8, 16, 12], "texture": "#6"},
				"east": {"uv": [8, 8, 16, 12], "texture": "#6"},
				"south": {"uv": [8, 8, 16, 12], "texture": "#6"},
				"west": {"uv": [8, 8, 16, 12], "texture": "#6"},
				"up": {"uv": [8, 8, 16, 12], "texture": "#6"},
				"down": {"uv": [8, 8, 16, 12], "texture": "#6"}
			}
		},
		{
			"from": [-0.01, -1, 4.75],
			"to": [0.24, 7.5, 5.5],
			"faces": {
				"north": {"uv": [8, 8, 16, 12], "texture": "#6"},
				"east": {"uv": [8, 8, 16, 12], "texture": "#6"},
				"south": {"uv": [8, 8, 16, 12], "texture": "#6"},
				"west": {"uv": [8, 8, 16, 12], "texture": "#6"},
				"up": {"uv": [8, 8, 16, 12], "texture": "#6"},
				"down": {"uv": [8, 8, 16, 12], "texture": "#6"}
			}
		},
		{
			"from": [14.75, -1, 4.75],
			"to": [15, 7.75, 5.5],
			"faces": {
				"north": {"uv": [8, 8, 16, 12], "texture": "#6"},
				"east": {"uv": [8, 8, 16, 12], "texture": "#6"},
				"south": {"uv": [8, 8, 16, 12], "texture": "#6"},
				"west": {"uv": [8, 8, 16, 12], "texture": "#6"},
				"up": {"uv": [8, 8, 16, 12], "texture": "#6"},
				"down": {"uv": [8, 8, 16, 12], "texture": "#6"}
			}
		},
		{
			"from": [-0.01, -1, -5.5],
			"to": [0.24, 7.75, 4.75],
			"faces": {
				"north": {"uv": [8, 8, 16, 12], "texture": "#6"},
				"east": {"uv": [8, 8, 16, 12], "texture": "#6"},
				"south": {"uv": [8, 8, 16, 12], "texture": "#6"},
				"west": {"uv": [8, 8, 16, 12], "texture": "#6"},
				"up": {"uv": [8, 8, 16, 12], "texture": "#6"},
				"down": {"uv": [8, 8, 16, 12], "texture": "#6"}
			}
		},
		{
			"from": [14.75, -1, -5.5],
			"to": [15, 7.75, 4.75],
			"faces": {
				"north": {"uv": [8, 8, 16, 12], "texture": "#6"},
				"east": {"uv": [8, 8, 16, 12], "texture": "#6"},
				"south": {"uv": [8, 8, 16, 12], "texture": "#6"},
				"west": {"uv": [8, 8, 16, 12], "texture": "#6"},
				"up": {"uv": [8, 8, 16, 12], "texture": "#6"},
				"down": {"uv": [8, 8, 16, 12], "texture": "#6"}
			}
		},
		{
			"from": [13, 2.5, -4.25],
			"to": [15, 16, -3.75],
			"rotation": {"angle": 22.5, "axis": "x", "origin": [21, 8.5, -4]},
			"faces": {
				"north": {"uv": [8, 8, 16, 12], "rotation": 180, "texture": "#6"},
				"east": {"uv": [8, 8, 16, 12], "rotation": 180, "texture": "#6"},
				"south": {"uv": [8, 8, 16, 12], "rotation": 180, "texture": "#6"},
				"west": {"uv": [8, 8, 16, 12], "rotation": 180, "texture": "#6"},
				"up": {"uv": [8, 8, 16, 12], "rotation": 180, "texture": "#6"},
				"down": {"uv": [8, 8, 16, 12], "rotation": 180, "texture": "#6"}
			}
		},
		{
			"name": "glass",
			"from": [2, 5.5, -4],
			"to": [13, 16, -3.8],
			"rotation": {"angle": 22.5, "axis": "x", "origin": [22, 8.5, -4]},
			"faces": {
				"north": {"uv": [0, 0, 16, 16], "rotation": 180, "texture": "#1"},
				"east": {"uv": [0, 0, 16, 16], "rotation": 180, "texture": "#1"},
				"south": {"uv": [0, 0, 16, 16], "rotation": 180, "texture": "#1"},
				"west": {"uv": [0, 0, 16, 16], "rotation": 180, "texture": "#1"},
				"up": {"uv": [0, 0, 16, 16], "rotation": 180, "texture": "#1"},
				"down": {"uv": [0, 0, 16, 16], "rotation": 180, "texture": "#1"}
			}
		},
		{
			"from": [0, 2.5, -4.25],
			"to": [2, 16, -3.75],
			"rotation": {"angle": 22.5, "axis": "x", "origin": [8, 8.5, -4]},
			"faces": {
				"north": {"uv": [8, 8, 16, 12], "rotation": 180, "texture": "#6"},
				"east": {"uv": [8, 8, 16, 12], "rotation": 180, "texture": "#6"},
				"south": {"uv": [8, 8, 16, 12], "rotation": 180, "texture": "#6"},
				"west": {"uv": [8, 8, 16, 12], "rotation": 180, "texture": "#6"},
				"up": {"uv": [8, 8, 16, 12], "rotation": 180, "texture": "#6"},
				"down": {"uv": [8, 8, 16, 12], "rotation": 180, "texture": "#6"}
			}
		},
		{
			"from": [0, -2.75, 31.5],
			"to": [15.75, -1, 32],
			"faces": {
				"north": {"uv": [7, 15, 8, 16], "texture": "#0"},
				"east": {"uv": [7, 15, 8, 16], "texture": "#0"},
				"south": {"uv": [7, 15, 8, 16], "texture": "#0"},
				"west": {"uv": [7, 15, 8, 16], "texture": "#0"},
				"up": {"uv": [7, 15, 8, 16], "texture": "#0"},
				"down": {"uv": [7, 15, 8, 16], "texture": "#0"}
			}
		},
		{
			"from": [0, 0, 7],
			"to": [14.75, 2.25, 30.5],
			"faces": {
				"north": {"uv": [6, 15, 7, 16], "texture": "#0"},
				"east": {"uv": [6, 15, 7, 16], "texture": "#0"},
				"south": {"uv": [6, 15, 7, 16], "texture": "#0"},
				"west": {"uv": [6, 15, 7, 16], "texture": "#0"},
				"up": {"uv": [6, 15, 7, 16], "texture": "#0"},
				"down": {"uv": [6, 15, 7, 16], "texture": "#0"}
			}
		},
		{
			"from": [0, -1.25, 27],
			"to": [15.75, 7, 31.75],
			"faces": {
				"north": {"uv": [8, 8, 16, 12], "texture": "#6"},
				"east": {"uv": [8, 8, 16, 12], "texture": "#6"},
				"south": {"uv": [8, 8, 16, 12], "texture": "#6"},
				"west": {"uv": [8, 8, 16, 12], "texture": "#6"},
				"up": {"uv": [8, 8, 16, 12], "texture": "#6"},
				"down": {"uv": [8, 8, 16, 12], "texture": "#6"}
			}
		},
		{
			"from": [1.75, 2.5, -6.25],
			"to": [14.25, 5, -4],
			"faces": {
				"north": {"uv": [6, 15, 7, 16], "texture": "#0"},
				"east": {"uv": [6, 15, 7, 16], "texture": "#0"},
				"south": {"uv": [6, 15, 7, 16], "texture": "#0"},
				"west": {"uv": [6, 15, 7, 16], "texture": "#0"},
				"up": {"uv": [6, 15, 7, 16], "texture": "#0"},
				"down": {"uv": [6, 15, 7, 16], "texture": "#0"}
			}
		},
		{
			"from": [5.25, 2.75, -4.75],
			"to": [9, 4.25, -3.25],
			"faces": {
				"north": {"uv": [6, 15, 7, 16], "texture": "#0"},
				"east": {"uv": [6, 15, 7, 16], "texture": "#0"},
				"south": {"uv": [6, 15, 7, 16], "texture": "#0"},
				"west": {"uv": [6, 15, 7, 16], "texture": "#0"},
				"up": {"uv": [6, 15, 7, 16], "texture": "#0"},
				"down": {"uv": [6, 15, 7, 16], "texture": "#0"}
			}
		},
		{
			"from": [11.75, 5.25, -15.25],
			"to": [14.25, 6.75, -3.75],
			"faces": {
				"north": {"uv": [8, 8, 16, 12], "texture": "#6"},
				"east": {"uv": [8, 8, 16, 12], "texture": "#6"},
				"south": {"uv": [8, 8, 16, 12], "texture": "#6"},
				"west": {"uv": [8, 8, 16, 12], "texture": "#6"},
				"up": {"uv": [8, 8, 16, 12], "texture": "#6"},
				"down": {"uv": [8, 8, 16, 12], "texture": "#6"}
			}
		},
		{
			"from": [0.75, 5.25, -15.25],
			"to": [3.25, 6.75, -3.75],
			"faces": {
				"north": {"uv": [8, 8, 16, 12], "texture": "#6"},
				"east": {"uv": [8, 8, 16, 12], "texture": "#6"},
				"south": {"uv": [8, 8, 16, 12], "texture": "#6"},
				"west": {"uv": [8, 8, 16, 12], "texture": "#6"},
				"up": {"uv": [8, 8, 16, 12], "texture": "#6"},
				"down": {"uv": [8, 8, 16, 12], "texture": "#6"}
			}
		},
		{
			"from": [1, 5.25, -14.5],
			"to": [1.25, 10, -14.25],
			"faces": {
				"north": {"uv": [6, 15, 7, 16], "texture": "#0"},
				"east": {"uv": [6, 15, 7, 16], "texture": "#0"},
				"south": {"uv": [6, 15, 7, 16], "texture": "#0"},
				"west": {"uv": [6, 15, 7, 16], "texture": "#0"},
				"up": {"uv": [6, 15, 7, 16], "texture": "#0"},
				"down": {"uv": [6, 15, 7, 16], "texture": "#0"}
			}
		},
		{
			"from": [13.25, 5.25, -14.5],
			"to": [13.5, 10, -14.25],
			"faces": {
				"north": {"uv": [6, 15, 7, 16], "texture": "#0"},
				"east": {"uv": [6, 15, 7, 16], "texture": "#0"},
				"south": {"uv": [6, 15, 7, 16], "texture": "#0"},
				"west": {"uv": [6, 15, 7, 16], "texture": "#0"},
				"up": {"uv": [6, 15, 7, 16], "texture": "#0"},
				"down": {"uv": [6, 15, 7, 16], "texture": "#0"}
			}
		},
		{
			"from": [1, 8.25, -14.25],
			"to": [1.25, 10, -10.75],
			"faces": {
				"north": {"uv": [0, 0, 16, 16], "texture": "#missing"},
				"east": {"uv": [0, 0, 16, 16], "texture": "#5"},
				"south": {"uv": [0, 14.875, 16, 16], "texture": "#5"},
				"west": {"uv": [0, 0, 16, 16], "texture": "#5"},
				"up": {"uv": [0, 14.75, 16, 16], "texture": "#5"},
				"down": {"uv": [0, 15, 16, 16], "texture": "#5"}
			}
		},
		{
			"from": [13.25, 8.25, -14.25],
			"to": [13.5, 10, -10.75],
			"faces": {
				"north": {"uv": [0, 0, 16, 16], "texture": "#missing"},
				"east": {"uv": [0, 0, 16, 16], "texture": "#5"},
				"south": {"uv": [0, 14.5, 16, 16], "texture": "#5"},
				"west": {"uv": [0, 0, 16, 16], "texture": "#5"},
				"up": {"uv": [0, 14.875, 16, 16], "texture": "#5"},
				"down": {"uv": [0, 14.875, 16, 16], "texture": "#5"}
			}
		},
		{
			"from": [12, 2.5, -15.75],
			"to": [14, 4, -15.5],
			"faces": {
				"north": {"uv": [4, 4.5, 7, 8], "texture": "#2"},
				"east": {"uv": [6, 15, 7, 16], "texture": "#0"},
				"south": {"uv": [6, 15, 7, 16], "texture": "#0"},
				"west": {"uv": [6, 15, 7, 16], "texture": "#0"},
				"up": {"uv": [6, 15, 7, 16], "texture": "#0"},
				"down": {"uv": [6, 15, 7, 16], "texture": "#0"}
			}
		},
		{
			"from": [1, 2.5, -15.75],
			"to": [3, 4, -15.5],
			"faces": {
				"north": {"uv": [4, 4.5, 7, 8], "texture": "#2"},
				"east": {"uv": [6, 15, 7, 16], "texture": "#0"},
				"south": {"uv": [6, 15, 7, 16], "texture": "#0"},
				"west": {"uv": [6, 15, 7, 16], "texture": "#0"},
				"up": {"uv": [6, 15, 7, 16], "texture": "#0"},
				"down": {"uv": [6, 15, 7, 16], "texture": "#0"}
			}
		},
		{
			"from": [4.75, 5.25, -15.25],
			"to": [10.75, 7.75, -3.75],
			"faces": {
				"north": {"uv": [8, 8, 16, 12], "texture": "#6"},
				"east": {"uv": [8, 8, 16, 12], "texture": "#6"},
				"south": {"uv": [8, 8, 16, 12], "texture": "#6"},
				"west": {"uv": [8, 8, 16, 12], "texture": "#6"},
				"up": {"uv": [8, 8, 16, 12], "texture": "#6"},
				"down": {"uv": [8, 8, 16, 12], "texture": "#6"}
			}
		},
		{
			"from": [1, 0.75, -15.5],
			"to": [14, 5.5, -4],
			"faces": {
				"north": {"uv": [7, 4, 13, 8], "texture": "#2"},
				"east": {"uv": [6, 15, 7, 16], "texture": "#0"},
				"south": {"uv": [6, 15, 7, 16], "texture": "#0"},
				"west": {"uv": [6, 15, 7, 16], "texture": "#0"},
				"up": {"uv": [6, 15, 7, 16], "texture": "#0"},
				"down": {"uv": [6, 15, 7, 16], "texture": "#0"}
			}
		},
		{
			"from": [5, -0.75, -16],
			"to": [10.5, 0.25, -15.9],
			"faces": {
				"north": {"uv": [0, 4, 8, 6], "texture": "#3"},
				"east": {"uv": [6, 15, 7, 16], "texture": "#0"},
				"south": {"uv": [6, 15, 7, 16], "texture": "#0"},
				"west": {"uv": [6, 15, 7, 16], "texture": "#0"},
				"up": {"uv": [6, 15, 7, 16], "texture": "#0"},
				"down": {"uv": [6, 15, 7, 16], "texture": "#0"}
			}
		},
		{
			"from": [0, -1.25, -6.75],
			"to": [14, 0.75, -4.5],
			"faces": {
				"north": {"uv": [8, 8, 16, 12], "texture": "#6"},
				"east": {"uv": [8, 8, 16, 12], "texture": "#6"},
				"south": {"uv": [8, 8, 16, 12], "texture": "#6"},
				"west": {"uv": [8, 8, 16, 12], "texture": "#6"},
				"up": {"uv": [8, 8, 16, 12], "texture": "#6"},
				"down": {"uv": [8, 8, 16, 12], "texture": "#6"}
			}
		},
		{
			"from": [0, -1.25, -15.5],
			"to": [15, 0.75, -12.75],
			"faces": {
				"north": {"uv": [8, 8, 16, 12], "texture": "#6"},
				"east": {"uv": [8, 8, 16, 12], "texture": "#6"},
				"south": {"uv": [8, 8, 16, 12], "texture": "#6"},
				"west": {"uv": [8, 8, 16, 12], "texture": "#6"},
				"up": {"uv": [8, 8, 16, 12], "texture": "#6"},
				"down": {"uv": [8, 8, 16, 12], "texture": "#6"}
			}
		},
		{
			"from": [0, 0.75, -15],
			"to": [15, 6.25, -4.5],
			"faces": {
				"north": {"uv": [8, 8, 16, 12], "texture": "#6"},
				"east": {"uv": [8, 8, 16, 12], "texture": "#6"},
				"south": {"uv": [8, 8, 16, 12], "texture": "#6"},
				"west": {"uv": [8, 8, 16, 12], "texture": "#6"},
				"up": {"uv": [8, 8, 16, 12], "texture": "#6"},
				"down": {"uv": [8, 8, 16, 12], "texture": "#6"}
			}
		},
		{
			"from": [0.25, -2.25, -15.75],
			"to": [14.5, -0.75, 31.5],
			"faces": {
				"north": {"uv": [8, 15, 9, 16], "texture": "#0"},
				"east": {"uv": [6, 15, 7, 16], "texture": "#0"},
				"south": {"uv": [6, 15, 7, 16], "texture": "#0"},
				"west": {"uv": [6, 15, 7, 16], "texture": "#0"},
				"up": {"uv": [6, 15, 7, 16], "texture": "#0"},
				"down": {"uv": [6, 15, 7, 16], "texture": "#0"}
			}
		},
		{
			"from": [8.5, -0.5, 0],
			"to": [14.5, 3.5, 6],
			"faces": {
				"north": {"uv": [0, 0, 4, 4], "texture": "#2"},
				"east": {"uv": [0, 0, 4, 4], "texture": "#2"},
				"south": {"uv": [0, 0, 4, 4], "texture": "#2"},
				"west": {"uv": [0, 0, 4, 4], "texture": "#2"},
				"up": {"uv": [0, 0, 4, 4], "texture": "#2"},
				"down": {"uv": [0, 0, 4, 4], "texture": "#2"}
			}
		},
		{
			"from": [8.5, -0.5, 6],
			"to": [14.5, 9.5, 7],
			"faces": {
				"north": {"uv": [0, 0, 4, 4], "texture": "#2"},
				"east": {"uv": [0, 0, 4, 4], "texture": "#2"},
				"south": {"uv": [0, 0, 4, 4], "texture": "#2"},
				"west": {"uv": [0, 0, 4, 4], "texture": "#2"},
				"up": {"uv": [0, 0, 4, 4], "texture": "#2"},
				"down": {"uv": [0, 0, 4, 4], "texture": "#2"}
			}
		},
		{
			"from": [0.75, -0.5, 0],
			"to": [7.75, 3.5, 6],
			"faces": {
				"north": {"uv": [0, 0, 4, 4], "texture": "#2"},
				"east": {"uv": [0, 0, 4, 4], "texture": "#2"},
				"south": {"uv": [0, 0, 4, 4], "texture": "#2"},
				"west": {"uv": [0, 0, 4, 4], "texture": "#2"},
				"up": {"uv": [0, 0, 4, 4], "texture": "#2"},
				"down": {"uv": [0, 0, 4, 4], "texture": "#2"}
			}
		},
		{
			"from": [0.75, -0.5, 6],
			"to": [7.75, 9.5, 7],
			"faces": {
				"north": {"uv": [0, 0, 4, 4], "texture": "#2"},
				"east": {"uv": [0, 0, 4, 4], "texture": "#2"},
				"south": {"uv": [0, 0, 4, 4], "texture": "#2"},
				"west": {"uv": [0, 0, 4, 4], "texture": "#2"},
				"up": {"uv": [0, 0, 4, 4], "texture": "#2"},
				"down": {"uv": [0, 0, 4, 4], "texture": "#2"}
			}
		},
		{
			"from": [2.5, 3.5, -4.5],
			"to": [3.5, 4.25, -2.5],
			"faces": {
				"north": {"uv": [10, 14, 11, 15], "texture": "#0"},
				"east": {"uv": [10, 14, 11, 15], "texture": "#0"},
				"south": {"uv": [10, 14, 11, 15], "texture": "#0"},
				"west": {"uv": [10, 14, 11, 15], "texture": "#0"},
				"up": {"uv": [10, 14, 11, 15], "texture": "#0"},
				"down": {"uv": [10, 14, 11, 15], "texture": "#0"}
			}
		},
		{
			"from": [1.75, 5.25, -2.5],
			"to": [2, 5.5, -2],
			"faces": {
				"north": {"uv": [10, 14, 11, 15], "texture": "#0"},
				"east": {"uv": [10, 14, 11, 15], "texture": "#0"},
				"south": {"uv": [10, 14, 11, 15], "texture": "#0"},
				"west": {"uv": [10, 14, 11, 15], "texture": "#0"},
				"up": {"uv": [10, 14, 11, 15], "texture": "#0"},
				"down": {"uv": [10, 14, 11, 15], "texture": "#0"}
			}
		},
		{
			"from": [1.5, 3.25, -2.5],
			"to": [1.75, 5.25, -2],
			"faces": {
				"north": {"uv": [10, 14, 11, 15], "texture": "#0"},
				"east": {"uv": [10, 14, 11, 15], "texture": "#0"},
				"south": {"uv": [10, 14, 11, 15], "texture": "#0"},
				"west": {"uv": [10, 14, 11, 15], "texture": "#0"},
				"up": {"uv": [10, 14, 11, 15], "texture": "#0"},
				"down": {"uv": [10, 14, 11, 15], "texture": "#0"}
			}
		},
		{
			"from": [2, 3.5, -2.5],
			"to": [4, 5, -2],
			"faces": {
				"north": {"uv": [10, 14, 11, 15], "texture": "#0"},
				"east": {"uv": [10, 14, 11, 15], "texture": "#0"},
				"south": {"uv": [10, 14, 11, 15], "texture": "#0"},
				"west": {"uv": [10, 14, 11, 15], "texture": "#0"},
				"up": {"uv": [10, 14, 11, 15], "texture": "#0"},
				"down": {"uv": [10, 14, 11, 15], "texture": "#0"}
			}
		},
		{
			"from": [2, 2.75, -2.5],
			"to": [4, 3, -2],
			"faces": {
				"north": {"uv": [10, 14, 11, 15], "texture": "#0"},
				"east": {"uv": [10, 14, 11, 15], "texture": "#0"},
				"south": {"uv": [10, 14, 11, 15], "texture": "#0"},
				"west": {"uv": [10, 14, 11, 15], "texture": "#0"},
				"up": {"uv": [10, 14, 11, 15], "texture": "#0"},
				"down": {"uv": [10, 14, 11, 15], "texture": "#0"}
			}
		},
		{
			"from": [1.75, 3, -2.5],
			"to": [2, 3.25, -2],
			"faces": {
				"north": {"uv": [10, 14, 11, 15], "texture": "#0"},
				"east": {"uv": [10, 14, 11, 15], "texture": "#0"},
				"south": {"uv": [10, 14, 11, 15], "texture": "#0"},
				"west": {"uv": [10, 14, 11, 15], "texture": "#0"},
				"up": {"uv": [10, 14, 11, 15], "texture": "#0"},
				"down": {"uv": [10, 14, 11, 15], "texture": "#0"}
			}
		},
		{
			"from": [4, 3, -2.5],
			"to": [4.25, 3.25, -2],
			"faces": {
				"north": {"uv": [10, 14, 11, 15], "texture": "#0"},
				"east": {"uv": [10, 14, 11, 15], "texture": "#0"},
				"south": {"uv": [10, 14, 11, 15], "texture": "#0"},
				"west": {"uv": [10, 14, 11, 15], "texture": "#0"},
				"up": {"uv": [10, 14, 11, 15], "texture": "#0"},
				"down": {"uv": [10, 14, 11, 15], "texture": "#0"}
			}
		},
		{
			"from": [4.25, 3.25, -2.5],
			"to": [4.5, 5.25, -2],
			"faces": {
				"north": {"uv": [10, 14, 11, 15], "texture": "#0"},
				"east": {"uv": [10, 14, 11, 15], "texture": "#0"},
				"south": {"uv": [10, 14, 11, 15], "texture": "#0"},
				"west": {"uv": [10, 14, 11, 15], "texture": "#0"},
				"up": {"uv": [10, 14, 11, 15], "texture": "#0"},
				"down": {"uv": [10, 14, 11, 15], "texture": "#0"}
			}
		},
		{
			"from": [4, 5.25, -2.5],
			"to": [4.25, 5.5, -2],
			"faces": {
				"north": {"uv": [10, 14, 11, 15], "texture": "#0"},
				"east": {"uv": [10, 14, 11, 15], "texture": "#0"},
				"south": {"uv": [10, 14, 11, 15], "texture": "#0"},
				"west": {"uv": [10, 14, 11, 15], "texture": "#0"},
				"up": {"uv": [10, 14, 11, 15], "texture": "#0"},
				"down": {"uv": [10, 14, 11, 15], "texture": "#0"}
			}
		},
		{
			"from": [2, 5.5, -2.5],
			"to": [4, 5.75, -2],
			"faces": {
				"north": {"uv": [10, 14, 11, 15], "texture": "#0"},
				"east": {"uv": [10, 14, 11, 15], "texture": "#0"},
				"south": {"uv": [10, 14, 11, 15], "texture": "#0"},
				"west": {"uv": [10, 14, 11, 15], "texture": "#0"},
				"up": {"uv": [10, 14, 11, 15], "texture": "#0"},
				"down": {"uv": [10, 14, 11, 15], "texture": "#0"}
			}
		},
		{
			"from": [14.75, 7.75, 4.75],
			"to": [15, 15.25, 9.25],
			"faces": {
				"north": {"uv": [8, 8, 16, 12], "texture": "#6"},
				"east": {"uv": [8, 8, 16, 12], "texture": "#6"},
				"south": {"uv": [8, 8, 16, 12], "texture": "#6"},
				"west": {"uv": [8, 8, 16, 12], "texture": "#6"},
				"up": {"uv": [8, 8, 16, 12], "texture": "#6"},
				"down": {"uv": [8, 8, 16, 12], "texture": "#6"}
			}
		},
		{
			"from": [-0.01, 7.5, 4.75],
			"to": [0.24, 15.25, 9.25],
			"faces": {
				"north": {"uv": [8, 8, 16, 12], "texture": "#6"},
				"east": {"uv": [8, 8, 16, 12], "texture": "#6"},
				"south": {"uv": [8, 8, 16, 12], "texture": "#6"},
				"west": {"uv": [8, 8, 16, 12], "texture": "#6"},
				"up": {"uv": [8, 8, 16, 12], "texture": "#6"},
				"down": {"uv": [8, 8, 16, 12], "texture": "#6"}
			}
		},
		{
			"from": [-0.01, 8, 15.25],
			"to": [0.24, 15, 16.75],
			"faces": {
				"north": {"uv": [8, 8, 16, 12], "texture": "#6"},
				"east": {"uv": [8, 8, 16, 12], "texture": "#6"},
				"south": {"uv": [8, 8, 16, 12], "texture": "#6"},
				"west": {"uv": [8, 8, 16, 12], "texture": "#6"},
				"up": {"uv": [8, 8, 16, 12], "texture": "#6"},
				"down": {"uv": [8, 8, 16, 12], "texture": "#6"}
			}
		},
		{
			"from": [14.25, 8, 15.25],
			"to": [15, 15, 17],
			"faces": {
				"north": {"uv": [8, 8, 16, 12], "texture": "#6"},
				"east": {"uv": [8, 8, 16, 12], "texture": "#6"},
				"south": {"uv": [8, 8, 16, 12], "texture": "#6"},
				"west": {"uv": [8, 8, 16, 12], "texture": "#6"},
				"up": {"uv": [8, 8, 16, 12], "texture": "#6"},
				"down": {"uv": [8, 8, 16, 12], "texture": "#6"}
			}
		},
		{
			"from": [14.25, 8, 23],
			"to": [15, 15, 25.75],
			"faces": {
				"north": {"uv": [8, 8, 16, 12], "texture": "#6"},
				"east": {"uv": [8, 8, 16, 12], "texture": "#6"},
				"south": {"uv": [8, 8, 16, 12], "texture": "#6"},
				"west": {"uv": [8, 8, 16, 12], "texture": "#6"},
				"up": {"uv": [8, 8, 16, 12], "texture": "#6"},
				"down": {"uv": [8, 8, 16, 12], "texture": "#6"}
			}
		},
		{
			"from": [14.25, 7, 25],
			"to": [15, 15, 27.75],
			"rotation": {"angle": -22.5, "axis": "x", "origin": [7.48179, 11.34136, 26.73179]},
			"faces": {
				"north": {"uv": [8, 8, 16, 12], "texture": "#6"},
				"east": {"uv": [8, 8, 16, 12], "texture": "#6"},
				"south": {"uv": [8, 8, 16, 12], "texture": "#6"},
				"west": {"uv": [8, 8, 16, 12], "texture": "#6"},
				"up": {"uv": [8, 8, 16, 12], "texture": "#6"},
				"down": {"uv": [8, 8, 16, 12], "texture": "#6"}
			}
		},
		{
			"from": [-0.01, 8, 22.75],
			"to": [0.24, 15, 25.75],
			"faces": {
				"north": {"uv": [8, 8, 16, 12], "texture": "#6"},
				"east": {"uv": [8, 8, 16, 12], "texture": "#6"},
				"south": {"uv": [8, 8, 16, 12], "texture": "#6"},
				"west": {"uv": [8, 8, 16, 12], "texture": "#6"},
				"up": {"uv": [8, 8, 16, 12], "texture": "#6"},
				"down": {"uv": [8, 8, 16, 12], "texture": "#6"}
			}
		},
		{
			"from": [-0.01, 7, 24.75],
			"to": [0.24, 15, 27.75],
			"rotation": {"angle": -22.5, "axis": "x", "origin": [7.48179, 11.34136, 26.73179]},
			"faces": {
				"north": {"uv": [8, 8, 16, 12], "texture": "#6"},
				"east": {"uv": [8, 8, 16, 12], "texture": "#6"},
				"south": {"uv": [8, 8, 16, 12], "texture": "#6"},
				"west": {"uv": [8, 8, 16, 12], "texture": "#6"},
				"up": {"uv": [8, 8, 16, 12], "texture": "#6"},
				"down": {"uv": [8, 8, 16, 12], "texture": "#6"}
			}
		},
		{
			"from": [0, 15, -1.25],
			"to": [15, 15.75, 26.5],
			"faces": {
				"north": {"uv": [8, 8, 16, 12], "texture": "#6"},
				"east": {"uv": [8, 8, 16, 12], "texture": "#6"},
				"south": {"uv": [8, 8, 16, 12], "texture": "#6"},
				"west": {"uv": [8, 8, 16, 12], "texture": "#6"},
				"up": {"uv": [8, 8, 16, 12], "texture": "#6"},
				"down": {"uv": [8, 8, 16, 12], "texture": "#6"}
			}
		},
		{
			"from": [12.25, -5.25, 23.75],
			"to": [15.75, 0.75, 25.25],
			"faces": {
				"north": {"uv": [0, 12, 4, 16], "rotation": 180, "texture": "#2"},
				"east": {"uv": [0, 9, 4, 11], "rotation": 270, "texture": "#2"},
				"south": {"uv": [0, 12, 4, 16], "texture": "#2"},
				"west": {"uv": [0, 9, 4, 11], "rotation": 90, "texture": "#2"},
				"up": {"uv": [0, 12, 4, 16], "rotation": 180, "texture": "#2"},
				"down": {"uv": [0, 12, 4, 16], "texture": "#2"}
			}
		},
		{
			"from": [12.25, -3, 21.5],
			"to": [15.75, -1.5, 27.5],
			"rotation": {"angle": 22.5, "axis": "x", "origin": [14, -2.25, 24.5]},
			"faces": {
				"north": {"uv": [0, 12, 4, 16], "rotation": 180, "texture": "#2"},
				"east": {"uv": [0, 9, 4, 11], "rotation": 180, "texture": "#2"},
				"south": {"uv": [0, 12, 4, 16], "rotation": 180, "texture": "#2"},
				"west": {"uv": [0, 9, 4, 11], "rotation": 180, "texture": "#2"},
				"up": {"uv": [0, 12, 4, 16], "texture": "#2"},
				"down": {"uv": [0, 12, 4, 16], "texture": "#2"}
			}
		},
		{
			"from": [12.25, -5.25, 23.75],
			"to": [15.75, 0.75, 25.25],
			"rotation": {"angle": 22.5, "axis": "x", "origin": [14, -2.25, 24.5]},
			"faces": {
				"north": {"uv": [0, 12, 4, 16], "rotation": 180, "texture": "#2"},
				"east": {"uv": [0, 9, 4, 11], "rotation": 270, "texture": "#2"},
				"south": {"uv": [0, 12, 4, 16], "texture": "#2"},
				"west": {"uv": [0, 9, 4, 11], "rotation": 90, "texture": "#2"},
				"up": {"uv": [0, 12, 4, 16], "rotation": 180, "texture": "#2"},
				"down": {"uv": [0, 12, 4, 16], "texture": "#2"}
			}
		},
		{
			"from": [12.25, -3, 21.5],
			"to": [15.75, -1.5, 27.5],
			"rotation": {"angle": 45, "axis": "x", "origin": [14, -2.25, 24.5]},
			"faces": {
				"north": {"uv": [0, 12, 4, 16], "rotation": 180, "texture": "#2"},
				"east": {"uv": [0, 9, 4, 11], "rotation": 180, "texture": "#2"},
				"south": {"uv": [0, 12, 4, 16], "rotation": 180, "texture": "#2"},
				"west": {"uv": [0, 9, 4, 11], "rotation": 180, "texture": "#2"},
				"up": {"uv": [0, 12, 4, 16], "texture": "#2"},
				"down": {"uv": [0, 12, 4, 16], "texture": "#2"}
			}
		},
		{
			"from": [12.25, -5.25, 23.75],
			"to": [15.75, 0.75, 25.25],
			"rotation": {"angle": 45, "axis": "x", "origin": [14, -2.25, 24.5]},
			"faces": {
				"north": {"uv": [0, 12, 4, 16], "rotation": 180, "texture": "#2"},
				"east": {"uv": [0, 9, 4, 11], "rotation": 270, "texture": "#2"},
				"south": {"uv": [0, 12, 4, 16], "texture": "#2"},
				"west": {"uv": [0, 9, 4, 11], "rotation": 90, "texture": "#2"},
				"up": {"uv": [0, 12, 4, 16], "rotation": 180, "texture": "#2"},
				"down": {"uv": [0, 12, 4, 16], "texture": "#2"}
			}
		},
		{
			"from": [12.25, -3, 21.5],
			"to": [15.75, -1.5, 27.5],
			"rotation": {"angle": -22.5, "axis": "x", "origin": [14, -2.25, 24.5]},
			"faces": {
				"north": {"uv": [0, 12, 4, 16], "rotation": 180, "texture": "#2"},
				"east": {"uv": [0, 9, 4, 11], "rotation": 180, "texture": "#2"},
				"south": {"uv": [0, 12, 4, 16], "rotation": 180, "texture": "#2"},
				"west": {"uv": [0, 9, 4, 11], "rotation": 180, "texture": "#2"},
				"up": {"uv": [0, 12, 4, 16], "texture": "#2"},
				"down": {"uv": [0, 12, 4, 16], "texture": "#2"}
			}
		},
		{
			"from": [12.25, -3, 21.5],
			"to": [15.75, -1.5, 27.5],
			"faces": {
				"north": {"uv": [0, 12, 4, 16], "rotation": 180, "texture": "#2"},
				"east": {"uv": [0, 9, 4, 11], "rotation": 180, "texture": "#2"},
				"south": {"uv": [0, 12, 4, 16], "rotation": 180, "texture": "#2"},
				"west": {"uv": [0, 9, 4, 11], "rotation": 180, "texture": "#2"},
				"up": {"uv": [0, 12, 4, 16], "texture": "#2"},
				"down": {"uv": [0, 12, 4, 16], "texture": "#2"}
			}
		},
		{
			"from": [12.25, -5.25, 23.75],
			"to": [15.75, 0.75, 25.25],
			"rotation": {"angle": -22.5, "axis": "x", "origin": [14, -2.25, 24.5]},
			"faces": {
				"north": {"uv": [0, 12, 4, 16], "rotation": 180, "texture": "#2"},
				"east": {"uv": [0, 9, 4, 11], "rotation": 90, "texture": "#2"},
				"south": {"uv": [0, 12, 4, 16], "texture": "#2"},
				"west": {"uv": [0, 9, 4, 11], "rotation": 270, "texture": "#2"},
				"up": {"uv": [0, 12, 4, 16], "texture": "#2"},
				"down": {"uv": [0, 12, 4, 16], "rotation": 180, "texture": "#2"}
			}
		},
		{
			"from": [-0.75, -5.25, 23.75],
			"to": [2.75, 0.75, 25.25],
			"faces": {
				"north": {"uv": [0, 12, 4, 16], "rotation": 180, "texture": "#2"},
				"east": {"uv": [0, 9, 4, 11], "rotation": 270, "texture": "#2"},
				"south": {"uv": [0, 12, 4, 16], "texture": "#2"},
				"west": {"uv": [0, 9, 4, 11], "rotation": 90, "texture": "#2"},
				"up": {"uv": [0, 12, 4, 16], "rotation": 180, "texture": "#2"},
				"down": {"uv": [0, 12, 4, 16], "texture": "#2"}
			}
		},
		{
			"from": [-0.75, -3, 21.5],
			"to": [2.75, -1.5, 27.5],
			"rotation": {"angle": 22.5, "axis": "x", "origin": [1, -2.25, 24.5]},
			"faces": {
				"north": {"uv": [0, 12, 4, 16], "rotation": 180, "texture": "#2"},
				"east": {"uv": [0, 9, 4, 11], "rotation": 180, "texture": "#2"},
				"south": {"uv": [0, 12, 4, 16], "rotation": 180, "texture": "#2"},
				"west": {"uv": [0, 9, 4, 11], "rotation": 180, "texture": "#2"},
				"up": {"uv": [0, 12, 4, 16], "texture": "#2"},
				"down": {"uv": [0, 12, 4, 16], "texture": "#2"}
			}
		},
		{
			"from": [-0.75, -5.25, 23.75],
			"to": [2.75, 0.75, 25.25],
			"rotation": {"angle": 22.5, "axis": "x", "origin": [1, -2.25, 24.5]},
			"faces": {
				"north": {"uv": [0, 12, 4, 16], "rotation": 180, "texture": "#2"},
				"east": {"uv": [0, 9, 4, 11], "rotation": 270, "texture": "#2"},
				"south": {"uv": [0, 12, 4, 16], "texture": "#2"},
				"west": {"uv": [0, 9, 4, 11], "rotation": 90, "texture": "#2"},
				"up": {"uv": [0, 12, 4, 16], "rotation": 180, "texture": "#2"},
				"down": {"uv": [0, 12, 4, 16], "texture": "#2"}
			}
		},
		{
			"from": [-0.75, -3, 21.5],
			"to": [2.75, -1.5, 27.5],
			"rotation": {"angle": 45, "axis": "x", "origin": [1, -2.25, 24.5]},
			"faces": {
				"north": {"uv": [0, 12, 4, 16], "rotation": 180, "texture": "#2"},
				"east": {"uv": [0, 9, 4, 11], "rotation": 180, "texture": "#2"},
				"south": {"uv": [0, 12, 4, 16], "rotation": 180, "texture": "#2"},
				"west": {"uv": [0, 9, 4, 11], "rotation": 180, "texture": "#2"},
				"up": {"uv": [0, 12, 4, 16], "texture": "#2"},
				"down": {"uv": [0, 12, 4, 16], "texture": "#2"}
			}
		},
		{
			"from": [-0.75, -5.25, 23.75],
			"to": [2.75, 0.75, 25.25],
			"rotation": {"angle": 45, "axis": "x", "origin": [1, -2.25, 24.5]},
			"faces": {
				"north": {"uv": [0, 12, 4, 16], "rotation": 180, "texture": "#2"},
				"east": {"uv": [0, 9, 4, 11], "rotation": 270, "texture": "#2"},
				"south": {"uv": [0, 12, 4, 16], "texture": "#2"},
				"west": {"uv": [0, 9, 4, 11], "rotation": 90, "texture": "#2"},
				"up": {"uv": [0, 12, 4, 16], "rotation": 180, "texture": "#2"},
				"down": {"uv": [0, 12, 4, 16], "texture": "#2"}
			}
		},
		{
			"from": [-0.75, -3, 21.5],
			"to": [2.75, -1.5, 27.5],
			"rotation": {"angle": -22.5, "axis": "x", "origin": [1, -2.25, 24.5]},
			"faces": {
				"north": {"uv": [0, 12, 4, 16], "rotation": 180, "texture": "#2"},
				"east": {"uv": [0, 9, 4, 11], "rotation": 180, "texture": "#2"},
				"south": {"uv": [0, 12, 4, 16], "rotation": 180, "texture": "#2"},
				"west": {"uv": [0, 9, 4, 11], "rotation": 180, "texture": "#2"},
				"up": {"uv": [0, 12, 4, 16], "texture": "#2"},
				"down": {"uv": [0, 12, 4, 16], "texture": "#2"}
			}
		},
		{
			"from": [-0.75, -3, 21.5],
			"to": [2.75, -1.5, 27.5],
			"faces": {
				"north": {"uv": [0, 12, 4, 16], "rotation": 180, "texture": "#2"},
				"east": {"uv": [0, 9, 4, 11], "rotation": 180, "texture": "#2"},
				"south": {"uv": [0, 12, 4, 16], "rotation": 180, "texture": "#2"},
				"west": {"uv": [0, 9, 4, 11], "rotation": 180, "texture": "#2"},
				"up": {"uv": [0, 12, 4, 16], "texture": "#2"},
				"down": {"uv": [0, 12, 4, 16], "texture": "#2"}
			}
		},
		{
			"from": [-0.75, -5.25, 23.75],
			"to": [2.75, 0.75, 25.25],
			"rotation": {"angle": -22.5, "axis": "x", "origin": [1, -2.25, 24.5]},
			"faces": {
				"north": {"uv": [0, 12, 4, 16], "rotation": 180, "texture": "#2"},
				"east": {"uv": [0, 9, 4, 11], "rotation": 90, "texture": "#2"},
				"south": {"uv": [0, 12, 4, 16], "texture": "#2"},
				"west": {"uv": [0, 9, 4, 11], "rotation": 270, "texture": "#2"},
				"up": {"uv": [0, 12, 4, 16], "texture": "#2"},
				"down": {"uv": [0, 12, 4, 16], "rotation": 180, "texture": "#2"}
			}
		},
		{
			"from": [12.25, -5.25, -10.25],
			"to": [15.75, 0.75, -8.75],
			"faces": {
				"north": {"uv": [0, 12, 4, 16], "rotation": 180, "texture": "#2"},
				"east": {"uv": [0, 9, 4, 11], "rotation": 270, "texture": "#2"},
				"south": {"uv": [0, 12, 4, 16], "texture": "#2"},
				"west": {"uv": [0, 9, 4, 11], "rotation": 90, "texture": "#2"},
				"up": {"uv": [0, 12, 4, 16], "rotation": 180, "texture": "#2"},
				"down": {"uv": [0, 12, 4, 16], "texture": "#2"}
			}
		},
		{
			"from": [12.25, -3, -12.5],
			"to": [15.75, -1.5, -6.5],
			"rotation": {"angle": 22.5, "axis": "x", "origin": [14, -2.25, -9.5]},
			"faces": {
				"north": {"uv": [0, 12, 4, 16], "rotation": 180, "texture": "#2"},
				"east": {"uv": [0, 9, 4, 11], "rotation": 180, "texture": "#2"},
				"south": {"uv": [0, 12, 4, 16], "rotation": 180, "texture": "#2"},
				"west": {"uv": [0, 9, 4, 11], "rotation": 180, "texture": "#2"},
				"up": {"uv": [0, 12, 4, 16], "texture": "#2"},
				"down": {"uv": [0, 12, 4, 16], "texture": "#2"}
			}
		},
		{
			"from": [12.25, -5.25, -10.25],
			"to": [15.75, 0.75, -8.75],
			"rotation": {"angle": 22.5, "axis": "x", "origin": [14, -2.25, -9.5]},
			"faces": {
				"north": {"uv": [0, 12, 4, 16], "rotation": 180, "texture": "#2"},
				"east": {"uv": [0, 9, 4, 11], "rotation": 270, "texture": "#2"},
				"south": {"uv": [0, 12, 4, 16], "texture": "#2"},
				"west": {"uv": [0, 9, 4, 11], "rotation": 90, "texture": "#2"},
				"up": {"uv": [0, 12, 4, 16], "rotation": 180, "texture": "#2"},
				"down": {"uv": [0, 12, 4, 16], "texture": "#2"}
			}
		},
		{
			"from": [12.25, -3, -12.5],
			"to": [15.75, -1.5, -6.5],
			"rotation": {"angle": 45, "axis": "x", "origin": [14, -2.25, -9.5]},
			"faces": {
				"north": {"uv": [0, 12, 4, 16], "rotation": 180, "texture": "#2"},
				"east": {"uv": [0, 9, 4, 11], "rotation": 180, "texture": "#2"},
				"south": {"uv": [0, 12, 4, 16], "rotation": 180, "texture": "#2"},
				"west": {"uv": [0, 9, 4, 11], "rotation": 180, "texture": "#2"},
				"up": {"uv": [0, 12, 4, 16], "texture": "#2"},
				"down": {"uv": [0, 12, 4, 16], "texture": "#2"}
			}
		},
		{
			"from": [12.25, -5.25, -10.25],
			"to": [15.75, 0.75, -8.75],
			"rotation": {"angle": 45, "axis": "x", "origin": [14, -2.25, -9.5]},
			"faces": {
				"north": {"uv": [0, 12, 4, 16], "rotation": 180, "texture": "#2"},
				"east": {"uv": [0, 9, 4, 11], "rotation": 270, "texture": "#2"},
				"south": {"uv": [0, 12, 4, 16], "texture": "#2"},
				"west": {"uv": [0, 9, 4, 11], "rotation": 90, "texture": "#2"},
				"up": {"uv": [0, 12, 4, 16], "rotation": 180, "texture": "#2"},
				"down": {"uv": [0, 12, 4, 16], "texture": "#2"}
			}
		},
		{
			"from": [12.25, -3, -12.5],
			"to": [15.75, -1.5, -6.5],
			"rotation": {"angle": -22.5, "axis": "x", "origin": [14, -2.25, -9.5]},
			"faces": {
				"north": {"uv": [0, 12, 4, 16], "rotation": 180, "texture": "#2"},
				"east": {"uv": [0, 9, 4, 11], "rotation": 180, "texture": "#2"},
				"south": {"uv": [0, 12, 4, 16], "rotation": 180, "texture": "#2"},
				"west": {"uv": [0, 9, 4, 11], "rotation": 180, "texture": "#2"},
				"up": {"uv": [0, 12, 4, 16], "texture": "#2"},
				"down": {"uv": [0, 12, 4, 16], "texture": "#2"}
			}
		},
		{
			"from": [12.25, -3, -12.5],
			"to": [15.75, -1.5, -6.5],
			"faces": {
				"north": {"uv": [0, 12, 4, 16], "rotation": 180, "texture": "#2"},
				"east": {"uv": [0, 9, 4, 11], "rotation": 180, "texture": "#2"},
				"south": {"uv": [0, 12, 4, 16], "rotation": 180, "texture": "#2"},
				"west": {"uv": [0, 9, 4, 11], "rotation": 180, "texture": "#2"},
				"up": {"uv": [0, 12, 4, 16], "texture": "#2"},
				"down": {"uv": [0, 12, 4, 16], "texture": "#2"}
			}
		},
		{
			"from": [12.25, -5.25, -10.25],
			"to": [15.75, 0.75, -8.75],
			"rotation": {"angle": -22.5, "axis": "x", "origin": [14, -2.25, -9.5]},
			"faces": {
				"north": {"uv": [0, 12, 4, 16], "rotation": 180, "texture": "#2"},
				"east": {"uv": [0, 9, 4, 11], "rotation": 90, "texture": "#2"},
				"south": {"uv": [0, 12, 4, 16], "texture": "#2"},
				"west": {"uv": [0, 9, 4, 11], "rotation": 270, "texture": "#2"},
				"up": {"uv": [0, 12, 4, 16], "texture": "#2"},
				"down": {"uv": [0, 12, 4, 16], "rotation": 180, "texture": "#2"}
			}
		},
		{
			"from": [-0.75, -5.25, -10.25],
			"to": [2.75, 0.75, -8.75],
			"faces": {
				"north": {"uv": [0, 12, 4, 16], "rotation": 180, "texture": "#2"},
				"east": {"uv": [0, 9, 4, 11], "rotation": 270, "texture": "#2"},
				"south": {"uv": [0, 12, 4, 16], "texture": "#2"},
				"west": {"uv": [0, 9, 4, 11], "rotation": 90, "texture": "#2"},
				"up": {"uv": [0, 12, 4, 16], "rotation": 180, "texture": "#2"},
				"down": {"uv": [0, 12, 4, 16], "texture": "#2"}
			}
		},
		{
			"from": [-0.75, -3, -12.5],
			"to": [2.75, -1.5, -6.5],
			"rotation": {"angle": 22.5, "axis": "x", "origin": [1, -2.25, -9.5]},
			"faces": {
				"north": {"uv": [0, 12, 4, 16], "rotation": 180, "texture": "#2"},
				"east": {"uv": [0, 9, 4, 11], "rotation": 180, "texture": "#2"},
				"south": {"uv": [0, 12, 4, 16], "rotation": 180, "texture": "#2"},
				"west": {"uv": [0, 9, 4, 11], "rotation": 180, "texture": "#2"},
				"up": {"uv": [0, 12, 4, 16], "texture": "#2"},
				"down": {"uv": [0, 12, 4, 16], "texture": "#2"}
			}
		},
		{
			"from": [-0.75, -5.25, -10.25],
			"to": [2.75, 0.75, -8.75],
			"rotation": {"angle": 22.5, "axis": "x", "origin": [1, -2.25, -9.5]},
			"faces": {
				"north": {"uv": [0, 12, 4, 16], "rotation": 180, "texture": "#2"},
				"east": {"uv": [0, 9, 4, 11], "rotation": 270, "texture": "#2"},
				"south": {"uv": [0, 12, 4, 16], "texture": "#2"},
				"west": {"uv": [0, 9, 4, 11], "rotation": 90, "texture": "#2"},
				"up": {"uv": [0, 12, 4, 16], "rotation": 180, "texture": "#2"},
				"down": {"uv": [0, 12, 4, 16], "texture": "#2"}
			}
		},
		{
			"from": [-0.75, -3, -12.5],
			"to": [2.75, -1.5, -6.5],
			"rotation": {"angle": 45, "axis": "x", "origin": [1, -2.25, -9.5]},
			"faces": {
				"north": {"uv": [0, 12, 4, 16], "rotation": 180, "texture": "#2"},
				"east": {"uv": [0, 9, 4, 11], "rotation": 180, "texture": "#2"},
				"south": {"uv": [0, 12, 4, 16], "rotation": 180, "texture": "#2"},
				"west": {"uv": [0, 9, 4, 11], "rotation": 180, "texture": "#2"},
				"up": {"uv": [0, 12, 4, 16], "texture": "#2"},
				"down": {"uv": [0, 12, 4, 16], "texture": "#2"}
			}
		},
		{
			"from": [-0.75, -5.25, -10.25],
			"to": [2.75, 0.75, -8.75],
			"rotation": {"angle": 45, "axis": "x", "origin": [1, -2.25, -9.5]},
			"faces": {
				"north": {"uv": [0, 12, 4, 16], "rotation": 180, "texture": "#2"},
				"east": {"uv": [0, 9, 4, 11], "rotation": 270, "texture": "#2"},
				"south": {"uv": [0, 12, 4, 16], "texture": "#2"},
				"west": {"uv": [0, 9, 4, 11], "rotation": 90, "texture": "#2"},
				"up": {"uv": [0, 12, 4, 16], "rotation": 180, "texture": "#2"},
				"down": {"uv": [0, 12, 4, 16], "texture": "#2"}
			}
		},
		{
			"from": [-0.75, -3, -12.5],
			"to": [2.75, -1.5, -6.5],
			"rotation": {"angle": -22.5, "axis": "x", "origin": [1, -2.25, -9.5]},
			"faces": {
				"north": {"uv": [0, 12, 4, 16], "rotation": 180, "texture": "#2"},
				"east": {"uv": [0, 9, 4, 11], "rotation": 180, "texture": "#2"},
				"south": {"uv": [0, 12, 4, 16], "rotation": 180, "texture": "#2"},
				"west": {"uv": [0, 9, 4, 11], "rotation": 180, "texture": "#2"},
				"up": {"uv": [0, 12, 4, 16], "texture": "#2"},
				"down": {"uv": [0, 12, 4, 16], "texture": "#2"}
			}
		},
		{
			"from": [-0.75, -3, -12.5],
			"to": [2.75, -1.5, -6.5],
			"faces": {
				"north": {"uv": [0, 12, 4, 16], "rotation": 180, "texture": "#2"},
				"east": {"uv": [0, 9, 4, 11], "rotation": 180, "texture": "#2"},
				"south": {"uv": [0, 12, 4, 16], "rotation": 180, "texture": "#2"},
				"west": {"uv": [0, 9, 4, 11], "rotation": 180, "texture": "#2"},
				"up": {"uv": [0, 12, 4, 16], "texture": "#2"},
				"down": {"uv": [0, 12, 4, 16], "texture": "#2"}
			}
		},
		{
			"from": [-0.75, -5.25, -10.25],
			"to": [2.75, 0.75, -8.75],
			"rotation": {"angle": -22.5, "axis": "x", "origin": [1, -2.25, -9.5]},
			"faces": {
				"north": {"uv": [0, 12, 4, 16], "rotation": 180, "texture": "#2"},
				"east": {"uv": [0, 9, 4, 11], "rotation": 90, "texture": "#2"},
				"south": {"uv": [0, 12, 4, 16], "texture": "#2"},
				"west": {"uv": [0, 9, 4, 11], "rotation": 270, "texture": "#2"},
				"up": {"uv": [0, 12, 4, 16], "texture": "#2"},
				"down": {"uv": [0, 12, 4, 16], "rotation": 180, "texture": "#2"}
			}
		},
		{
			"from": [8.5, -0.5, 20],
			"to": [14.5, 3.5, 26],
			"faces": {
				"north": {"uv": [0, 0, 4, 4], "texture": "#2"},
				"east": {"uv": [0, 0, 4, 4], "texture": "#2"},
				"south": {"uv": [0, 0, 4, 4], "texture": "#2"},
				"west": {"uv": [0, 0, 4, 4], "texture": "#2"},
				"up": {"uv": [0, 0, 4, 4], "texture": "#2"},
				"down": {"uv": [0, 0, 4, 4], "texture": "#2"}
			}
		},
		{
			"from": [8.5, -0.5, 26],
			"to": [14.5, 9.5, 27],
			"faces": {
				"north": {"uv": [0, 0, 4, 4], "texture": "#2"},
				"east": {"uv": [0, 0, 4, 4], "texture": "#2"},
				"south": {"uv": [0, 0, 4, 4], "texture": "#2"},
				"west": {"uv": [0, 0, 4, 4], "texture": "#2"},
				"up": {"uv": [0, 0, 4, 4], "texture": "#2"},
				"down": {"uv": [0, 0, 4, 4], "texture": "#2"}
			}
		},
		{
			"from": [0.75, -0.5, 20],
			"to": [7.75, 3.5, 26],
			"faces": {
				"north": {"uv": [0, 0, 4, 4], "texture": "#2"},
				"east": {"uv": [0, 0, 4, 4], "texture": "#2"},
				"south": {"uv": [0, 0, 4, 4], "texture": "#2"},
				"west": {"uv": [0, 0, 4, 4], "texture": "#2"},
				"up": {"uv": [0, 0, 4, 4], "texture": "#2"},
				"down": {"uv": [0, 0, 4, 4], "texture": "#2"}
			}
		},
		{
			"from": [0.75, -0.5, 26],
			"to": [7.75, 9.5, 27],
			"faces": {
				"north": {"uv": [0, 0, 4, 4], "texture": "#2"},
				"east": {"uv": [0, 0, 4, 4], "texture": "#2"},
				"south": {"uv": [0, 0, 4, 4], "texture": "#2"},
				"west": {"uv": [0, 0, 4, 4], "texture": "#2"},
				"up": {"uv": [0, 0, 4, 4], "texture": "#2"},
				"down": {"uv": [0, 0, 4, 4], "texture": "#2"}
			}
		},
		{
			"from": [0.82594, -0.5, 9.49548],
			"to": [7.82594, 3.5, 15.49548],
			"faces": {
				"north": {"uv": [0, 0, 4, 4], "texture": "#2"},
				"east": {"uv": [0, 0, 4, 4], "texture": "#2"},
				"south": {"uv": [0, 0, 4, 4], "texture": "#2"},
				"west": {"uv": [0, 0, 4, 4], "texture": "#2"},
				"up": {"uv": [0, 0, 4, 4], "rotation": 180, "texture": "#2"},
				"down": {"uv": [0, 0, 4, 4], "rotation": 180, "texture": "#2"}
			}
		},
		{
			"from": [0.82594, -0.5, 8.49548],
			"to": [7.82594, 9.5, 9.49548],
			"faces": {
				"north": {"uv": [0, 0, 4, 4], "texture": "#2"},
				"east": {"uv": [0, 0, 4, 4], "texture": "#2"},
				"south": {"uv": [0, 0, 4, 4], "texture": "#2"},
				"west": {"uv": [0, 0, 4, 4], "texture": "#2"},
				"up": {"uv": [0, 0, 4, 4], "rotation": 180, "texture": "#2"},
				"down": {"uv": [0, 0, 4, 4], "rotation": 180, "texture": "#2"}
			}
		},
		{
			"from": [8.07594, -0.5, 9.49548],
			"to": [14.07594, 3.5, 15.49548],
			"faces": {
				"north": {"uv": [0, 0, 4, 4], "texture": "#2"},
				"east": {"uv": [0, 0, 4, 4], "texture": "#2"},
				"south": {"uv": [0, 0, 4, 4], "texture": "#2"},
				"west": {"uv": [0, 0, 4, 4], "texture": "#2"},
				"up": {"uv": [0, 0, 4, 4], "rotation": 180, "texture": "#2"},
				"down": {"uv": [0, 0, 4, 4], "rotation": 180, "texture": "#2"}
			}
		},
		{
			"from": [8.07594, -0.5, 8.49548],
			"to": [14.07594, 9.5, 9.49548],
			"faces": {
				"north": {"uv": [0, 0, 4, 4], "texture": "#2"},
				"east": {"uv": [0, 0, 4, 4], "texture": "#2"},
				"south": {"uv": [0, 0, 4, 4], "texture": "#2"},
				"west": {"uv": [0, 0, 4, 4], "texture": "#2"},
				"up": {"uv": [0, 0, 4, 4], "rotation": 180, "texture": "#2"},
				"down": {"uv": [0, 0, 4, 4], "rotation": 180, "texture": "#2"}
			}
		}
	],
	"display": {
		"gui": {
			"rotation": [22, 57, 0],
			"scale": [0.3, 0.3, 0.3]
		},
		"head": {
			"translation": [15.5, 11, 19],
			"scale": [4, 4, 4]
		}
	},
	"groups": [
		0,
		1,
		2,
		3,
		4,
		5,
		6,
		7,
		8,
		9,
		10,
		11,
		12,
		13,
		14,
		15,
		16,
		17,
		18,
		19,
		20,
		21,
		22,
		23,
		24,
		25,
		26,
		27,
		28,
		29,
		30,
		31,
		32,
		33,
		34,
		35,
		36,
		37,
		38,
		39,
		40,
		41,
		{
			"name": "chair",
			"origin": [8, 8, 8],
			"color": 0,
			"children": [42, 43]
		},
		{
			"name": "chair",
			"origin": [8, 8, 8],
			"color": 0,
			"children": [44, 45]
		},
		{
			"name": "steeringwheel",
			"origin": [8, 8, 8],
			"color": 0,
			"children": [46, 47, 48, 49, 50, 51, 52, 53, 54, 55]
		},
		56,
		57,
		58,
		59,
		60,
		61,
		62,
		63,
		64,
		{
			"name": "group",
			"origin": [8, 8, 8],
			"color": 0,
			"children": [65, 66, 67, 68, 69, 70, 71, 72]
		},
		{
			"name": "group",
			"origin": [8, 8, 8],
			"color": 0,
			"children": [73, 74, 75, 76, 77, 78, 79, 80]
		},
		{
			"name": "group",
			"origin": [8, 8, 8],
			"color": 0,
			"children": [81, 82, 83, 84, 85, 86, 87, 88]
		},
		{
			"name": "group",
			"origin": [8, 8, 8],
			"color": 0,
			"children": [89, 90, 91, 92, 93, 94, 95, 96]
		},
		{
			"name": "chair",
			"origin": [8, 8, 8],
			"color": 0,
			"children": [97, 98]
		},
		{
			"name": "chair",
			"origin": [8, 8, 8],
			"color": 0,
			"children": [99, 100]
		},
		{
			"name": "chair",
			"origin": [8, 8, 8],
			"color": 0,
			"children": [101, 102]
		},
		{
			"name": "chair",
			"origin": [8, 8, 8],
			"color": 0,
			"children": [103, 104]
		}
	]
}