{"display":{"thirdperson_righthand":{"translation":[0,0.25,-0.75],"scale":[0.18281,0.22578,0.175]},"thirdperson_lefthand":{"translation":[0,0.25,-0.75],"scale":[0.18281,0.22578,0.175]},"firstperson_righthand":{"rotation":[15,0,0],"translation":[1.75,1.25,0],"scale":[0.13594,0.20234,0.10859]},"firstperson_lefthand":{"rotation":[15,0,0],"translation":[1.75,1.25,0],"scale":[0.13594,0.20234,0.10859]},"ground":{"scale":[0.3,0.3,0.3]},"gui":{"rotation":[12.75,-17,0],"translation":[0,-1.75,0],"scale":[0.58867,0.7,0.7]},"head":{"translation":[-0.25,-22.75,-0.75],"scale":[1.74609,2.79688,1.62109]},"fixed":{"rotation":[0,-37.5,0],"translation":[-0.75,-2.75,-2.25],"scale":[0.50781,0.57813,0.4375]}},"texture_size":[64,64],"textures":{"particle":"block/trashbin"},"elements":[{"from":[-1.2352,16.0296,-1.2352],"to":[17.2352,19.4928,17.2352],"rotation":{"angle":0,"axis":"y","origin":[-3.84,-6.4584,-3.84]},"faces":{"north":{"uv":[10.5,8,14.5,8.75],"texture":"#particle"},"east":{"uv":[10.5,8.75,14.5,9.5],"texture":"#particle"},"south":{"uv":[10.5,9.5,14.5,10.25],"texture":"#particle"},"west":{"uv":[10.5,10.25,14.5,11],"texture":"#particle"},"up":{"uv":[11,4,7,0],"texture":"#particle"},"down":{"uv":[11,4,7,8],"texture":"#particle"}}},{"from":[6.8456,20.6472,4.5368],"to":[9.1544,21.8016,11.4632],"rotation":{"angle":0,"axis":"y","origin":[-3.84,-6.4584,-3.84]},"faces":{"north":{"uv":[3.5,10.5,3.75,10.75],"texture":"#particle"},"east":{"uv":[3.5,10,5,10.25],"texture":"#particle"},"south":{"uv":[3.75,10.5,4,10.75],"texture":"#particle"},"west":{"uv":[5,10,6.5,10.25],"texture":"#particle"},"up":{"uv":[6.75,11.5,6.5,10],"texture":"#particle"},"down":{"uv":[7,10,6.75,11.5],"texture":"#particle"}}},{"from":[6.8456,19.4928,4.5368],"to":[9.1544,20.6472,5.6912],"rotation":{"angle":0,"axis":"y","origin":[-3.84,-6.4584,-3.84]},"faces":{"north":{"uv":[5,10.5,5.25,10.75],"texture":"#particle"},"east":{"uv":[5.25,10.5,5.5,10.75],"texture":"#particle"},"south":{"uv":[5.5,10.5,5.75,10.75],"texture":"#particle"},"west":{"uv":[5.75,10.5,6,10.75],"texture":"#particle"},"up":{"uv":[3.75,11,3.5,10.75],"texture":"#particle"},"down":{"uv":[4,10.75,3.75,11],"texture":"#particle"}}},{"from":[6.8456,19.4928,10.3088],"to":[9.1544,20.6472,11.4632],"rotation":{"angle":0,"axis":"y","origin":[-3.84,-6.4584,-3.84]},"faces":{"north":{"uv":[4,10.75,4.25,11],"texture":"#particle"},"east":{"uv":[4.25,10.75,4.5,11],"texture":"#particle"},"south":{"uv":[4.5,10.75,4.75,11],"texture":"#particle"},"west":{"uv":[4.75,10.75,5,11],"texture":"#particle"},"up":{"uv":[5.25,11,5,10.75],"texture":"#particle"},"down":{"uv":[5.5,10.75,5.25,11],"texture":"#particle"}}},{"from":[-0.0808,-0.0584,-0.0808],"to":[16.0808,16.0296,16.0808],"rotation":{"angle":0,"axis":"y","origin":[-3.84,-6.4584,-3.84]},"faces":{"north":{"uv":[0,5,3.5,10],"texture":"#particle"},"east":{"uv":[0,5,3.5,10],"texture":"#particle"},"south":{"uv":[0,5,3.5,10],"texture":"#particle"},"west":{"uv":[0,5,3.5,10],"texture":"#particle"},"up":{"uv":[10.75,7.75,7.25,4.25],"texture":"#particle"},"down":{"uv":[3.5,10,0,13.5],"texture":"#particle"}}}]}