{
	"credit": "Made with Blockbench",
	"ambientocclusion": false,
	"texture_size": [64, 64],
	"textures": {
		"0": "block/gray_glazed_terracotta",
		"particle": "block/gray_glazed_terracotta"
	},
	"elements": [
		{
			"name": "oven",
			"from": [0.01, 0, 0],
			"to": [16.01, 16, 17],
			"rotation": {"angle": 0, "axis": "y", "origin": [8.005, 13.745, 7.36975]},
			"faces": {
				"north": {"uv": [8.25, 8.25, 12.25, 12.25], "texture": "#0"},
				"east": {"uv": [0, 4, 4.25, 8], "texture": "#0"},
				"south": {"uv": [8.25, 4.25, 12.25, 8.25], "texture": "#0"},
				"west": {"uv": [0, 0, 4.25, 4], "texture": "#0"},
				"up": {"uv": [8.25, 4.25, 4.25, 0], "rotation": 180, "texture": "#0"},
				"down": {"uv": [8.25, 4.25, 4.25, 8.5], "rotation": 180, "texture": "#0"}
			}
		},
		{
			"name": "oven",
			"from": [0.011, 15.001, 0],
			"to": [16.009, 16.999, 16.998],
			"rotation": {"angle": 0, "axis": "y", "origin": [8.005, 13.745, 7.36975]},
			"faces": {
				"north": {"uv": [4, 11.5, 8, 12], "texture": "#0"},
				"east": {"uv": [4, 10.5, 8.25, 11], "texture": "#0"},
				"south": {"uv": [4, 11, 8, 11.5], "texture": "#0"},
				"west": {"uv": [4, 10, 8.25, 10.5], "texture": "#0"},
				"up": {"uv": [4, 12.25, 0, 8], "rotation": 180, "texture": "#0"},
				"down": {"uv": [12.25, 0, 8.25, 4.25], "rotation": 180, "texture": "#0"}
			}
		},
		{
			"name": "oven",
			"from": [-0.01, 16.98, 0.025],
			"to": [15.99, 19.98, 0.025],
			"rotation": {"angle": 0, "axis": "y", "origin": [8.005, 13.745, 7.36975]},
			"faces": {
				"north": {"uv": [4, 9.25, 8, 10], "texture": "#0"},
				"east": {"uv": [0, 0, 0, 0.75], "texture": "#0"},
				"south": {"uv": [4, 8.5, 8, 9.25], "texture": "#0"},
				"west": {"uv": [0, 0, 0, 0.75], "texture": "#0"},
				"up": {"uv": [4, 0, 0, 0], "rotation": 180, "texture": "#0"},
				"down": {"uv": [4, 0, 0, 0], "rotation": 180, "texture": "#0"}
			}
		},
		{
			"name": "handle",
			"from": [1.885, 11.875, 17],
			"to": [14.135, 13.125, 18.25],
			"rotation": {"angle": 0, "axis": "y", "origin": [8.005, 13.745, 7.36975]},
			"faces": {
				"north": {"uv": [12.25, 0.75, 15.25, 1], "texture": "#0"},
				"east": {"uv": [15.75, 0, 16, 0.25], "texture": "#0"},
				"south": {"uv": [12.25, 0.5, 15.25, 0.75], "texture": "#0"},
				"west": {"uv": [15.75, 0.25, 16, 0.5], "texture": "#0"},
				"up": {"uv": [12.25, 0, 15.25, 0.25], "rotation": 180, "texture": "#0"},
				"down": {"uv": [12.25, 0.25, 15.25, 0.5], "rotation": 180, "texture": "#0"}
			}
		}
	],
	"display": {
		"thirdperson_righthand": {
			"rotation": [75, -45, 0],
			"translation": [0, 2.5, 0],
			"scale": [0.375, 0.375, 0.375]
		},
		"thirdperson_lefthand": {
			"rotation": [75, -45, 0],
			"translation": [0, 2.5, 0],
			"scale": [0.375, 0.375, 0.375]
		},
		"firstperson_righthand": {
			"rotation": [0, -45, 0],
			"scale": [0.4, 0.4, 0.4]
		},
		"firstperson_lefthand": {
			"rotation": [0, -45, 0],
			"scale": [0.4, 0.4, 0.4]
		},
		"ground": {
			"translation": [0, 3, 0],
			"scale": [0.25, 0.25, 0.25]
		},
		"gui": {
			"rotation": [30, 45, 0],
			"translation": [0, -1, 0],
			"scale": [0.625, 0.625, 0.625]
		},
		"head": {
			"rotation": [0, -180, 0]
		},
		"fixed": {
			"rotation": [0, -180, 0],
			"scale": [0.5, 0.5, 0.5]
		}
	}
}