{
	"credit": "Made with PeakCraft Studio",
	"texture_size": [128, 128],
	"textures": {
		"1": "block/textureyakhchal",
		"particle": "block/textureyakhchal"
	},
	"elements": [
		{
			"from": [0, 0, 0],
			"to": [1, 13, 32],
			"faces": {
				"north": {"uv": [2.375, 6.5, 2.5, 8.125], "texture": "#1"},
				"east": {"uv": [3.5, 0, 7.5, 1.625], "texture": "#1"},
				"south": {"uv": [2.5, 6.5, 2.625, 8.125], "texture": "#1"},
				"west": {"uv": [3.5, 1.625, 7.5, 3.25], "texture": "#1"},
				"up": {"uv": [1.875, 10.5, 1.75, 6.5], "texture": "#1"},
				"down": {"uv": [2, 6.5, 1.875, 10.5], "texture": "#1"}
			}
		},
		{
			"from": [16, 13, 27],
			"to": [17, 14, 28],
			"rotation": {"angle": 22.5, "axis": "z", "origin": [4, 0, 0]},
			"faces": {
				"north": {"uv": [3.375, 3.875, 3.5, 4], "texture": "#1"},
				"east": {"uv": [3.375, 3.875, 3.5, 4], "texture": "#1"},
				"south": {"uv": [3.375, 3.875, 3.5, 4], "texture": "#1"},
				"west": {"uv": [3.375, 3.875, 3.5, 4], "texture": "#1"},
				"up": {"uv": [0.875, 4.5, 0.75, 4.375], "texture": "#1"},
				"down": {"uv": [1, 4.375, 0.875, 4.5], "texture": "#1"}
			}
		},
		{
			"from": [19, 7, 0],
			"to": [20, 16, 32],
			"rotation": {"angle": 22.5, "axis": "z", "origin": [4, 0, 0]},
			"faces": {
				"north": {"uv": [3.375, 6.5, 3.5, 7.625], "texture": "#1"},
				"east": {"uv": [3.375, 6.5, 3.5, 7.625], "texture": "#1"},
				"south": {"uv": [3.375, 6.5, 3.5, 7.625], "texture": "#1"},
				"west": {"uv": [4, 4.875, 8, 6], "texture": "#1"},
				"up": {"uv": [2.125, 10.5, 2, 6.5], "texture": "#1"},
				"down": {"uv": [2.25, 6.5, 2.125, 10.5], "texture": "#1"}
			}
		},
		{
			"from": [6, 7, 31],
			"to": [19, 16, 32],
			"rotation": {"angle": 22.5, "axis": "z", "origin": [4, 0, 0]},
			"faces": {
				"north": {"uv": [4, 4.875, 8, 6], "texture": "#1"},
				"east": {"uv": [3.375, 6.5, 3.5, 7.625], "texture": "#1"},
				"south": {"uv": [3.375, 6.5, 3.5, 7.625], "texture": "#1"},
				"west": {"uv": [3.375, 6.5, 3.5, 7.625], "texture": "#1"},
				"up": {"uv": [2.125, 10.5, 2, 6.5], "texture": "#1"},
				"down": {"uv": [2.25, 6.5, 2.125, 10.5], "texture": "#1"}
			}
		},
		{
			"from": [6, 14, 30],
			"to": [19, 15, 31],
			"rotation": {"angle": 22.5, "axis": "z", "origin": [4, 0, -1]},
			"faces": {
				"north": {"uv": [1.75, 3.875, 3.375, 4], "texture": "#1"},
				"east": {"uv": [1.75, 3.875, 3.375, 4], "texture": "#1"},
				"south": {"uv": [1.75, 3.875, 3.375, 4], "texture": "#1"},
				"west": {"uv": [1.75, 3.875, 3.375, 4], "texture": "#1"},
				"up": {"uv": [1.625, 4.125, 0, 4], "texture": "#1"},
				"down": {"uv": [3.25, 4, 1.625, 4.125], "texture": "#1"}
			}
		},
		{
			"from": [5, 13, 0],
			"to": [6, 16, 32],
			"rotation": {"angle": 22.5, "axis": "z", "origin": [4, 0, 0]},
			"faces": {
				"north": {"uv": [3.375, 6.5, 3.5, 7.625], "texture": "#1"},
				"east": {"uv": [4, 4.875, 8, 6], "texture": "#1"},
				"south": {"uv": [3.375, 6.5, 3.5, 7.625], "texture": "#1"},
				"west": {"uv": [3.375, 6.5, 3.5, 7.625], "texture": "#1"},
				"up": {"uv": [2.125, 10.5, 2, 6.5], "texture": "#1"},
				"down": {"uv": [2.25, 6.5, 2.125, 10.5], "texture": "#1"}
			}
		},
		{
			"from": [6, 7, 0],
			"to": [19, 16, 1],
			"rotation": {"angle": 22.5, "axis": "z", "origin": [4, 0, -31]},
			"faces": {
				"north": {"uv": [3.375, 6.5, 3.5, 7.625], "texture": "#1"},
				"east": {"uv": [3.375, 6.5, 3.5, 7.625], "texture": "#1"},
				"south": {"uv": [4, 4.875, 8, 6], "texture": "#1"},
				"west": {"uv": [3.375, 6.5, 3.5, 7.625], "texture": "#1"},
				"up": {"uv": [2.125, 10.5, 2, 6.5], "texture": "#1"},
				"down": {"uv": [2.25, 6.5, 2.125, 10.5], "texture": "#1"}
			}
		},
		{
			"from": [18, 14, 1],
			"to": [19, 15, 30],
			"rotation": {"angle": 22.5, "axis": "z", "origin": [4, 0, -1]},
			"faces": {
				"north": {"uv": [1.75, 3.875, 3.375, 4], "texture": "#1"},
				"east": {"uv": [1.75, 3.875, 3.375, 4], "texture": "#1"},
				"south": {"uv": [1.75, 3.875, 3.375, 4], "texture": "#1"},
				"west": {"uv": [1.75, 3.875, 3.375, 4], "texture": "#1"},
				"up": {"uv": [1.625, 4.125, 0, 4], "texture": "#1"},
				"down": {"uv": [3.25, 4, 1.625, 4.125], "texture": "#1"}
			}
		},
		{
			"from": [6, 14, 1],
			"to": [18, 15, 2],
			"rotation": {"angle": 22.5, "axis": "z", "origin": [4, 0, -30]},
			"faces": {
				"north": {"uv": [1.75, 3.875, 3.375, 4], "texture": "#1"},
				"east": {"uv": [1.75, 3.875, 3.375, 4], "texture": "#1"},
				"south": {"uv": [1.75, 3.875, 3.375, 4], "texture": "#1"},
				"west": {"uv": [1.75, 3.875, 3.375, 4], "texture": "#1"},
				"up": {"uv": [1.625, 4.125, 0, 4], "texture": "#1"},
				"down": {"uv": [3.25, 4, 1.625, 4.125], "texture": "#1"}
			}
		},
		{
			"from": [5, 15, 15],
			"to": [19, 16, 17],
			"rotation": {"angle": 22.5, "axis": "z", "origin": [4, 1, -15]},
			"faces": {
				"north": {"uv": [1.75, 3.875, 3.375, 4], "texture": "#1"},
				"east": {"uv": [1.75, 3.875, 3.375, 4], "texture": "#1"},
				"south": {"uv": [1.75, 3.875, 3.375, 4], "texture": "#1"},
				"west": {"uv": [1.75, 3.875, 3.375, 4], "texture": "#1"},
				"up": {"uv": [1.625, 4.125, 0, 4], "texture": "#1"},
				"down": {"uv": [3.25, 4, 1.625, 4.125], "texture": "#1"}
			}
		},
		{
			"from": [6, 14, 2],
			"to": [7, 15, 30],
			"rotation": {"angle": 22.5, "axis": "z", "origin": [4, 0, -14]},
			"faces": {
				"north": {"uv": [1.75, 3.875, 3.375, 4], "texture": "#1"},
				"east": {"uv": [1.75, 3.875, 3.375, 4], "texture": "#1"},
				"south": {"uv": [1.75, 3.875, 3.375, 4], "texture": "#1"},
				"west": {"uv": [1.75, 3.875, 3.375, 4], "texture": "#1"},
				"up": {"uv": [1.625, 4.125, 0, 4], "texture": "#1"},
				"down": {"uv": [3.25, 4, 1.625, 4.125], "texture": "#1"}
			}
		},
		{
			"from": [15, 0, 0],
			"to": [16, 13, 32],
			"faces": {
				"north": {"uv": [2.625, 6.5, 2.75, 8.125], "texture": "#1"},
				"east": {"uv": [3.5, 3.25, 7.5, 4.875], "texture": "#1"},
				"south": {"uv": [2.75, 6.5, 2.875, 8.125], "texture": "#1"},
				"west": {"uv": [0, 4.875, 4, 6.5], "texture": "#1"},
				"up": {"uv": [2.375, 10.5, 2.25, 6.5], "texture": "#1"},
				"down": {"uv": [2, 6.5, 1.875, 10.5], "texture": "#1"}
			}
		},
		{
			"from": [1, 0, 0],
			"to": [15, 13, 1],
			"faces": {
				"north": {"uv": [4, 6, 5.75, 7.625], "texture": "#1"},
				"east": {"uv": [2.875, 6.5, 3, 8.125], "texture": "#1"},
				"south": {"uv": [5.75, 6, 7.5, 7.625], "texture": "#1"},
				"west": {"uv": [3, 6.5, 3.125, 8.125], "texture": "#1"},
				"up": {"uv": [1.75, 3.875, 0, 3.75], "texture": "#1"},
				"down": {"uv": [2, 6.5, 1.875, 10.5], "texture": "#1"}
			}
		},
		{
			"from": [1, 0, 31],
			"to": [15, 13, 32],
			"rotation": {"angle": 0, "axis": "y", "origin": [0, 0, 31]},
			"faces": {
				"north": {"uv": [0, 6.5, 1.75, 8.125], "texture": "#1"},
				"east": {"uv": [3.125, 6.5, 3.25, 8.125], "texture": "#1"},
				"south": {"uv": [4, 6, 5.75, 7.625], "texture": "#1"},
				"west": {"uv": [3.25, 6.5, 3.375, 8.125], "texture": "#1"},
				"up": {"uv": [3.5, 3.875, 1.75, 3.75], "texture": "#1"},
				"down": {"uv": [2, 6.5, 1.875, 10.5], "texture": "#1"}
			}
		},
		{
			"from": [1, 0, 1],
			"to": [15, 1, 31],
			"faces": {
				"north": {"uv": [0, 3.875, 1.75, 4], "texture": "#1"},
				"east": {"uv": [0, 3.875, 1.75, 4], "texture": "#1"},
				"south": {"uv": [0, 3.875, 1.75, 4], "texture": "#1"},
				"west": {"uv": [0, 3.875, 1.75, 4], "texture": "#1"},
				"up": {"uv": [1.75, 3.75, 0, 0], "texture": "#1"},
				"down": {"uv": [3.5, 0, 1.75, 3.75], "texture": "#1"}
			}
		},
		{
			"from": [7, 14, 21],
			"to": [18, 15, 22],
			"rotation": {"angle": 22.5, "axis": "z", "origin": [4, 0, -10]},
			"faces": {
				"north": {"uv": [1.75, 3.875, 3.375, 4], "texture": "#1"},
				"east": {"uv": [1.75, 3.875, 3.375, 4], "texture": "#1"},
				"south": {"uv": [1.75, 3.875, 3.375, 4], "texture": "#1"},
				"west": {"uv": [1.75, 3.875, 3.375, 4], "texture": "#1"},
				"up": {"uv": [1.625, 4.125, 0, 4], "texture": "#1"},
				"down": {"uv": [3.25, 4, 1.625, 4.125], "texture": "#1"}
			}
		},
		{
			"from": [7, 13, 29],
			"to": [19, 14, 30],
			"rotation": {"angle": 22.5, "axis": "z", "origin": [4, -1, -2]},
			"faces": {
				"north": {"uv": [1.75, 3.875, 3.375, 4], "texture": "#1"},
				"east": {"uv": [1.75, 3.875, 3.375, 4], "texture": "#1"},
				"south": {"uv": [1.75, 3.875, 3.375, 4], "texture": "#1"},
				"west": {"uv": [1.75, 3.875, 3.375, 4], "texture": "#1"},
				"up": {"uv": [1.625, 4.125, 0, 4], "texture": "#1"},
				"down": {"uv": [3.25, 4, 1.625, 4.125], "texture": "#1"}
			}
		},
		{
			"from": [11, 14, 29],
			"to": [14, 15, 30],
			"rotation": {"angle": 22.5, "axis": "z", "origin": [4, 0, -2]},
			"faces": {
				"north": {"uv": [1.75, 3.875, 3.375, 4], "texture": "#1"},
				"east": {"uv": [1.75, 3.875, 3.375, 4], "texture": "#1"},
				"south": {"uv": [1.75, 3.875, 3.375, 4], "texture": "#1"},
				"west": {"uv": [1.75, 3.875, 3.375, 4], "texture": "#1"},
				"up": {"uv": [1.625, 4.125, 0, 4], "texture": "#1"},
				"down": {"uv": [3.25, 4, 1.625, 4.125], "texture": "#1"}
			}
		},
		{
			"from": [11, 15, 8],
			"to": [14, 16, 9],
			"rotation": {"angle": 22.5, "axis": "z", "origin": [4, 1, -23]},
			"faces": {
				"north": {"uv": [1.75, 3.875, 3.375, 4], "texture": "#1"},
				"east": {"uv": [1.75, 3.875, 3.375, 4], "texture": "#1"},
				"south": {"uv": [1.75, 3.875, 3.375, 4], "texture": "#1"},
				"west": {"uv": [1.75, 3.875, 3.375, 4], "texture": "#1"},
				"up": {"uv": [1.625, 4.125, 0, 4], "texture": "#1"},
				"down": {"uv": [3.25, 4, 1.625, 4.125], "texture": "#1"}
			}
		},
		{
			"from": [7, 14, 8],
			"to": [18, 15, 9],
			"rotation": {"angle": 22.5, "axis": "z", "origin": [4, 0, -23]},
			"faces": {
				"north": {"uv": [1.75, 3.875, 3.375, 4], "texture": "#1"},
				"east": {"uv": [1.75, 3.875, 3.375, 4], "texture": "#1"},
				"south": {"uv": [1.75, 3.875, 3.375, 4], "texture": "#1"},
				"west": {"uv": [1.75, 3.875, 3.375, 4], "texture": "#1"},
				"up": {"uv": [1.625, 4.125, 0, 4], "texture": "#1"},
				"down": {"uv": [3.25, 4, 1.625, 4.125], "texture": "#1"}
			}
		},
		{
			"from": [2, 3, 2],
			"to": [14, 4, 3],
			"rotation": {"angle": 0, "axis": "y", "origin": [-9, -12, -20]},
			"faces": {
				"north": {"uv": [1.75, 3.875, 3.375, 4], "texture": "#1"},
				"east": {"uv": [1.75, 3.875, 3.375, 4], "texture": "#1"},
				"south": {"uv": [1.75, 3.875, 3.375, 4], "texture": "#1"},
				"west": {"uv": [1.75, 3.875, 3.375, 4], "texture": "#1"},
				"up": {"uv": [1.625, 4.125, 0, 4], "texture": "#1"},
				"down": {"uv": [3.25, 4, 1.625, 4.125], "texture": "#1"}
			}
		},
		{
			"from": [1, 1, 14],
			"to": [15, 2, 15],
			"rotation": {"angle": 0, "axis": "y", "origin": [4, -10, -19]},
			"faces": {
				"north": {"uv": [1.75, 3.875, 3.375, 4], "texture": "#1"},
				"east": {"uv": [1.75, 3.875, 3.375, 4], "texture": "#1"},
				"south": {"uv": [1.75, 3.875, 3.375, 4], "texture": "#1"},
				"west": {"uv": [1.75, 3.875, 3.375, 4], "texture": "#1"},
				"up": {"uv": [1.625, 4.125, 0, 4], "texture": "#1"},
				"down": {"uv": [3.25, 4, 1.625, 4.125], "texture": "#1"}
			}
		},
		{
			"from": [1, 1, 3],
			"to": [2, 2, 14],
			"rotation": {"angle": 0, "axis": "y", "origin": [-9, -10, -20]},
			"faces": {
				"north": {"uv": [1.75, 3.875, 3.375, 4], "texture": "#1"},
				"east": {"uv": [1.75, 3.875, 3.375, 4], "texture": "#1"},
				"south": {"uv": [1.75, 3.875, 3.375, 4], "texture": "#1"},
				"west": {"uv": [1.75, 3.875, 3.375, 4], "texture": "#1"},
				"up": {"uv": [1.625, 4.125, 0, 4], "texture": "#1"},
				"down": {"uv": [3.25, 4, 1.625, 4.125], "texture": "#1"}
			}
		},
		{
			"from": [1, 1, 2],
			"to": [15, 2, 3],
			"rotation": {"angle": 0, "axis": "y", "origin": [4, -10, -31]},
			"faces": {
				"north": {"uv": [1.75, 3.875, 3.375, 4], "texture": "#1"},
				"east": {"uv": [1.75, 3.875, 3.375, 4], "texture": "#1"},
				"south": {"uv": [1.75, 3.875, 3.375, 4], "texture": "#1"},
				"west": {"uv": [1.75, 3.875, 3.375, 4], "texture": "#1"},
				"up": {"uv": [1.625, 4.125, 0, 4], "texture": "#1"},
				"down": {"uv": [3.25, 4, 1.625, 4.125], "texture": "#1"}
			}
		},
		{
			"from": [14, 1, 3],
			"to": [15, 2, 14],
			"rotation": {"angle": 0, "axis": "y", "origin": [4, -10, -20]},
			"faces": {
				"north": {"uv": [1.75, 3.875, 3.375, 4], "texture": "#1"},
				"east": {"uv": [1.75, 3.875, 3.375, 4], "texture": "#1"},
				"south": {"uv": [1.75, 3.875, 3.375, 4], "texture": "#1"},
				"west": {"uv": [1.75, 3.875, 3.375, 4], "texture": "#1"},
				"up": {"uv": [1.625, 4.125, 0, 4], "texture": "#1"},
				"down": {"uv": [3.25, 4, 1.625, 4.125], "texture": "#1"}
			}
		},
		{
			"from": [2, 3, 14],
			"to": [14, 4, 15],
			"rotation": {"angle": 0, "axis": "y", "origin": [-9, -12, -8]},
			"faces": {
				"north": {"uv": [1.75, 3.875, 3.375, 4], "texture": "#1"},
				"east": {"uv": [1.75, 3.875, 3.375, 4], "texture": "#1"},
				"south": {"uv": [1.75, 3.875, 3.375, 4], "texture": "#1"},
				"west": {"uv": [1.75, 3.875, 3.375, 4], "texture": "#1"},
				"up": {"uv": [1.625, 4.125, 0, 4], "texture": "#1"},
				"down": {"uv": [3.25, 4, 1.625, 4.125], "texture": "#1"}
			}
		},
		{
			"from": [1, 3, 3],
			"to": [2, 4, 14],
			"rotation": {"angle": 0, "axis": "y", "origin": [-9, -8, -20]},
			"faces": {
				"north": {"uv": [1.75, 3.875, 3.375, 4], "texture": "#1"},
				"east": {"uv": [1.75, 3.875, 3.375, 4], "texture": "#1"},
				"south": {"uv": [1.75, 3.875, 3.375, 4], "texture": "#1"},
				"west": {"uv": [1.75, 3.875, 3.375, 4], "texture": "#1"},
				"up": {"uv": [1.625, 4.125, 0, 4], "texture": "#1"},
				"down": {"uv": [3.25, 4, 1.625, 4.125], "texture": "#1"}
			}
		},
		{
			"from": [1, 5, 3],
			"to": [2, 6, 14],
			"rotation": {"angle": 0, "axis": "y", "origin": [-9, -6, -20]},
			"faces": {
				"north": {"uv": [1.75, 3.875, 3.375, 4], "texture": "#1"},
				"east": {"uv": [1.75, 3.875, 3.375, 4], "texture": "#1"},
				"south": {"uv": [1.75, 3.875, 3.375, 4], "texture": "#1"},
				"west": {"uv": [1.75, 3.875, 3.375, 4], "texture": "#1"},
				"up": {"uv": [1.625, 4.125, 0, 4], "texture": "#1"},
				"down": {"uv": [3.25, 4, 1.625, 4.125], "texture": "#1"}
			}
		},
		{
			"from": [1, 7, 3],
			"to": [2, 8, 14],
			"rotation": {"angle": 0, "axis": "y", "origin": [-9, -4, -20]},
			"faces": {
				"north": {"uv": [1.75, 3.875, 3.375, 4], "texture": "#1"},
				"east": {"uv": [1.75, 3.875, 3.375, 4], "texture": "#1"},
				"south": {"uv": [1.75, 3.875, 3.375, 4], "texture": "#1"},
				"west": {"uv": [1.75, 3.875, 3.375, 4], "texture": "#1"},
				"up": {"uv": [1.625, 4.125, 0, 4], "texture": "#1"},
				"down": {"uv": [3.25, 4, 1.625, 4.125], "texture": "#1"}
			}
		},
		{
			"from": [14, 3, 3],
			"to": [15, 4, 14],
			"rotation": {"angle": 0, "axis": "y", "origin": [4, -8, -20]},
			"faces": {
				"north": {"uv": [1.75, 3.875, 3.375, 4], "texture": "#1"},
				"east": {"uv": [1.75, 3.875, 3.375, 4], "texture": "#1"},
				"south": {"uv": [1.75, 3.875, 3.375, 4], "texture": "#1"},
				"west": {"uv": [1.75, 3.875, 3.375, 4], "texture": "#1"},
				"up": {"uv": [1.625, 4.125, 0, 4], "texture": "#1"},
				"down": {"uv": [3.25, 4, 1.625, 4.125], "texture": "#1"}
			}
		},
		{
			"from": [1, 2, 14],
			"to": [2, 8, 15],
			"rotation": {"angle": 0, "axis": "y", "origin": [-9, -8, -8]},
			"faces": {
				"north": {"uv": [1.75, 3.875, 3.375, 4], "texture": "#1"},
				"east": {"uv": [1.75, 3.875, 3.375, 4], "texture": "#1"},
				"south": {"uv": [1.75, 3.875, 3.375, 4], "texture": "#1"},
				"west": {"uv": [1.75, 3.875, 3.375, 4], "texture": "#1"},
				"up": {"uv": [1.625, 4.125, 0, 4], "texture": "#1"},
				"down": {"uv": [3.25, 4, 1.625, 4.125], "texture": "#1"}
			}
		},
		{
			"from": [1, 2, 2],
			"to": [2, 8, 3],
			"rotation": {"angle": 0, "axis": "y", "origin": [-9, -8, -20]},
			"faces": {
				"north": {"uv": [1.75, 3.875, 3.375, 4], "texture": "#1"},
				"east": {"uv": [1.75, 3.875, 3.375, 4], "texture": "#1"},
				"south": {"uv": [1.75, 3.875, 3.375, 4], "texture": "#1"},
				"west": {"uv": [1.75, 3.875, 3.375, 4], "texture": "#1"},
				"up": {"uv": [1.625, 4.125, 0, 4], "texture": "#1"},
				"down": {"uv": [3.25, 4, 1.625, 4.125], "texture": "#1"}
			}
		},
		{
			"from": [2, 5, 2],
			"to": [14, 6, 3],
			"rotation": {"angle": 0, "axis": "y", "origin": [-9, -10, -20]},
			"faces": {
				"north": {"uv": [1.75, 3.875, 3.375, 4], "texture": "#1"},
				"east": {"uv": [1.75, 3.875, 3.375, 4], "texture": "#1"},
				"south": {"uv": [1.75, 3.875, 3.375, 4], "texture": "#1"},
				"west": {"uv": [1.75, 3.875, 3.375, 4], "texture": "#1"},
				"up": {"uv": [1.625, 4.125, 0, 4], "texture": "#1"},
				"down": {"uv": [3.25, 4, 1.625, 4.125], "texture": "#1"}
			}
		},
		{
			"from": [14, 2, 2],
			"to": [15, 8, 3],
			"rotation": {"angle": 0, "axis": "y", "origin": [4, -8, -20]},
			"faces": {
				"north": {"uv": [1.75, 3.875, 3.375, 4], "texture": "#1"},
				"east": {"uv": [1.75, 3.875, 3.375, 4], "texture": "#1"},
				"south": {"uv": [1.75, 3.875, 3.375, 4], "texture": "#1"},
				"west": {"uv": [1.75, 3.875, 3.375, 4], "texture": "#1"},
				"up": {"uv": [1.625, 4.125, 0, 4], "texture": "#1"},
				"down": {"uv": [3.25, 4, 1.625, 4.125], "texture": "#1"}
			}
		},
		{
			"from": [2, 7, 14],
			"to": [14, 8, 15],
			"rotation": {"angle": 0, "axis": "y", "origin": [-9, -8, -8]},
			"faces": {
				"north": {"uv": [1.75, 3.875, 3.375, 4], "texture": "#1"},
				"east": {"uv": [1.75, 3.875, 3.375, 4], "texture": "#1"},
				"south": {"uv": [1.75, 3.875, 3.375, 4], "texture": "#1"},
				"west": {"uv": [1.75, 3.875, 3.375, 4], "texture": "#1"},
				"up": {"uv": [1.625, 4.125, 0, 4], "texture": "#1"},
				"down": {"uv": [3.25, 4, 1.625, 4.125], "texture": "#1"}
			}
		},
		{
			"from": [14, 2, 14],
			"to": [15, 8, 15],
			"rotation": {"angle": 0, "axis": "y", "origin": [4, -8, -8]},
			"faces": {
				"north": {"uv": [1.75, 3.875, 3.375, 4], "texture": "#1"},
				"east": {"uv": [1.75, 3.875, 3.375, 4], "texture": "#1"},
				"south": {"uv": [1.75, 3.875, 3.375, 4], "texture": "#1"},
				"west": {"uv": [1.75, 3.875, 3.375, 4], "texture": "#1"},
				"up": {"uv": [1.625, 4.125, 0, 4], "texture": "#1"},
				"down": {"uv": [3.25, 4, 1.625, 4.125], "texture": "#1"}
			}
		},
		{
			"from": [2, 5, 14],
			"to": [14, 6, 15],
			"rotation": {"angle": 0, "axis": "y", "origin": [-9, -10, -8]},
			"faces": {
				"north": {"uv": [1.75, 3.875, 3.375, 4], "texture": "#1"},
				"east": {"uv": [1.75, 3.875, 3.375, 4], "texture": "#1"},
				"south": {"uv": [1.75, 3.875, 3.375, 4], "texture": "#1"},
				"west": {"uv": [1.75, 3.875, 3.375, 4], "texture": "#1"},
				"up": {"uv": [1.625, 4.125, 0, 4], "texture": "#1"},
				"down": {"uv": [3.25, 4, 1.625, 4.125], "texture": "#1"}
			}
		},
		{
			"from": [2, 1, 6],
			"to": [14, 2, 7],
			"rotation": {"angle": 0, "axis": "y", "origin": [4, -10, -27]},
			"faces": {
				"north": {"uv": [1.75, 3.875, 3.375, 4], "texture": "#1"},
				"east": {"uv": [1.75, 3.875, 3.375, 4], "texture": "#1"},
				"south": {"uv": [1.75, 3.875, 3.375, 4], "texture": "#1"},
				"west": {"uv": [1.75, 3.875, 3.375, 4], "texture": "#1"},
				"up": {"uv": [1.625, 4.125, 0, 4], "texture": "#1"},
				"down": {"uv": [3.25, 4, 1.625, 4.125], "texture": "#1"}
			}
		},
		{
			"from": [2, 1, 4],
			"to": [14, 2, 5],
			"rotation": {"angle": 0, "axis": "y", "origin": [4, -10, -29]},
			"faces": {
				"north": {"uv": [1.75, 3.875, 3.375, 4], "texture": "#1"},
				"east": {"uv": [1.75, 3.875, 3.375, 4], "texture": "#1"},
				"south": {"uv": [1.75, 3.875, 3.375, 4], "texture": "#1"},
				"west": {"uv": [1.75, 3.875, 3.375, 4], "texture": "#1"},
				"up": {"uv": [1.625, 4.125, 0, 4], "texture": "#1"},
				"down": {"uv": [3.25, 4, 1.625, 4.125], "texture": "#1"}
			}
		},
		{
			"from": [14, 5, 3],
			"to": [15, 6, 14],
			"rotation": {"angle": 0, "axis": "y", "origin": [4, -6, -20]},
			"faces": {
				"north": {"uv": [1.75, 3.875, 3.375, 4], "texture": "#1"},
				"east": {"uv": [1.75, 3.875, 3.375, 4], "texture": "#1"},
				"south": {"uv": [1.75, 3.875, 3.375, 4], "texture": "#1"},
				"west": {"uv": [1.75, 3.875, 3.375, 4], "texture": "#1"},
				"up": {"uv": [1.625, 4.125, 0, 4], "texture": "#1"},
				"down": {"uv": [3.25, 4, 1.625, 4.125], "texture": "#1"}
			}
		},
		{
			"from": [2, 7, 2],
			"to": [14, 8, 3],
			"rotation": {"angle": 0, "axis": "y", "origin": [-9, -8, -20]},
			"faces": {
				"north": {"uv": [1.75, 3.875, 3.375, 4], "texture": "#1"},
				"east": {"uv": [1.75, 3.875, 3.375, 4], "texture": "#1"},
				"south": {"uv": [1.75, 3.875, 3.375, 4], "texture": "#1"},
				"west": {"uv": [1.75, 3.875, 3.375, 4], "texture": "#1"},
				"up": {"uv": [1.625, 4.125, 0, 4], "texture": "#1"},
				"down": {"uv": [3.25, 4, 1.625, 4.125], "texture": "#1"}
			}
		},
		{
			"from": [2, 1, 8],
			"to": [14, 2, 9],
			"rotation": {"angle": 0, "axis": "y", "origin": [4, -10, -25]},
			"faces": {
				"north": {"uv": [1.75, 3.875, 3.375, 4], "texture": "#1"},
				"east": {"uv": [1.75, 3.875, 3.375, 4], "texture": "#1"},
				"south": {"uv": [1.75, 3.875, 3.375, 4], "texture": "#1"},
				"west": {"uv": [1.75, 3.875, 3.375, 4], "texture": "#1"},
				"up": {"uv": [1.625, 4.125, 0, 4], "texture": "#1"},
				"down": {"uv": [3.25, 4, 1.625, 4.125], "texture": "#1"}
			}
		},
		{
			"from": [14, 7, 3],
			"to": [15, 8, 14],
			"rotation": {"angle": 0, "axis": "y", "origin": [4, -4, -20]},
			"faces": {
				"north": {"uv": [1.75, 3.875, 3.375, 4], "texture": "#1"},
				"east": {"uv": [1.75, 3.875, 3.375, 4], "texture": "#1"},
				"south": {"uv": [1.75, 3.875, 3.375, 4], "texture": "#1"},
				"west": {"uv": [1.75, 3.875, 3.375, 4], "texture": "#1"},
				"up": {"uv": [1.625, 4.125, 0, 4], "texture": "#1"},
				"down": {"uv": [3.25, 4, 1.625, 4.125], "texture": "#1"}
			}
		},
		{
			"from": [2, 1, 12],
			"to": [14, 2, 13],
			"rotation": {"angle": 0, "axis": "y", "origin": [4, -10, -21]},
			"faces": {
				"north": {"uv": [1.75, 3.875, 3.375, 4], "texture": "#1"},
				"east": {"uv": [1.75, 3.875, 3.375, 4], "texture": "#1"},
				"south": {"uv": [1.75, 3.875, 3.375, 4], "texture": "#1"},
				"west": {"uv": [1.75, 3.875, 3.375, 4], "texture": "#1"},
				"up": {"uv": [1.625, 4.125, 0, 4], "texture": "#1"},
				"down": {"uv": [3.25, 4, 1.625, 4.125], "texture": "#1"}
			}
		},
		{
			"from": [2, 1, 10],
			"to": [14, 2, 11],
			"rotation": {"angle": 0, "axis": "y", "origin": [4, -10, -23]},
			"faces": {
				"north": {"uv": [1.75, 3.875, 3.375, 4], "texture": "#1"},
				"east": {"uv": [1.75, 3.875, 3.375, 4], "texture": "#1"},
				"south": {"uv": [1.75, 3.875, 3.375, 4], "texture": "#1"},
				"west": {"uv": [1.75, 3.875, 3.375, 4], "texture": "#1"},
				"up": {"uv": [1.625, 4.125, 0, 4], "texture": "#1"},
				"down": {"uv": [3.25, 4, 1.625, 4.125], "texture": "#1"}
			}
		},
		{
			"from": [2, 3, 17],
			"to": [14, 4, 18],
			"rotation": {"angle": 0, "axis": "y", "origin": [-9, -12, -5]},
			"faces": {
				"north": {"uv": [1.75, 3.875, 3.375, 4], "texture": "#1"},
				"east": {"uv": [1.75, 3.875, 3.375, 4], "texture": "#1"},
				"south": {"uv": [1.75, 3.875, 3.375, 4], "texture": "#1"},
				"west": {"uv": [1.75, 3.875, 3.375, 4], "texture": "#1"},
				"up": {"uv": [1.625, 4.125, 0, 4], "texture": "#1"},
				"down": {"uv": [3.25, 4, 1.625, 4.125], "texture": "#1"}
			}
		},
		{
			"from": [1, 1, 29],
			"to": [15, 2, 30],
			"rotation": {"angle": 0, "axis": "y", "origin": [4, -10, -4]},
			"faces": {
				"north": {"uv": [1.75, 3.875, 3.375, 4], "texture": "#1"},
				"east": {"uv": [1.75, 3.875, 3.375, 4], "texture": "#1"},
				"south": {"uv": [1.75, 3.875, 3.375, 4], "texture": "#1"},
				"west": {"uv": [1.75, 3.875, 3.375, 4], "texture": "#1"},
				"up": {"uv": [1.625, 4.125, 0, 4], "texture": "#1"},
				"down": {"uv": [3.25, 4, 1.625, 4.125], "texture": "#1"}
			}
		},
		{
			"from": [1, 1, 18],
			"to": [2, 2, 29],
			"rotation": {"angle": 0, "axis": "y", "origin": [-9, -10, -5]},
			"faces": {
				"north": {"uv": [1.75, 3.875, 3.375, 4], "texture": "#1"},
				"east": {"uv": [1.75, 3.875, 3.375, 4], "texture": "#1"},
				"south": {"uv": [1.75, 3.875, 3.375, 4], "texture": "#1"},
				"west": {"uv": [1.75, 3.875, 3.375, 4], "texture": "#1"},
				"up": {"uv": [1.625, 4.125, 0, 4], "texture": "#1"},
				"down": {"uv": [3.25, 4, 1.625, 4.125], "texture": "#1"}
			}
		},
		{
			"from": [1, 1, 17],
			"to": [15, 2, 18],
			"rotation": {"angle": 0, "axis": "y", "origin": [4, -10, -16]},
			"faces": {
				"north": {"uv": [1.75, 3.875, 3.375, 4], "texture": "#1"},
				"east": {"uv": [1.75, 3.875, 3.375, 4], "texture": "#1"},
				"south": {"uv": [1.75, 3.875, 3.375, 4], "texture": "#1"},
				"west": {"uv": [1.75, 3.875, 3.375, 4], "texture": "#1"},
				"up": {"uv": [1.625, 4.125, 0, 4], "texture": "#1"},
				"down": {"uv": [3.25, 4, 1.625, 4.125], "texture": "#1"}
			}
		},
		{
			"from": [14, 1, 18],
			"to": [15, 2, 29],
			"rotation": {"angle": 0, "axis": "y", "origin": [4, -10, -5]},
			"faces": {
				"north": {"uv": [1.75, 3.875, 3.375, 4], "texture": "#1"},
				"east": {"uv": [1.75, 3.875, 3.375, 4], "texture": "#1"},
				"south": {"uv": [1.75, 3.875, 3.375, 4], "texture": "#1"},
				"west": {"uv": [1.75, 3.875, 3.375, 4], "texture": "#1"},
				"up": {"uv": [1.625, 4.125, 0, 4], "texture": "#1"},
				"down": {"uv": [3.25, 4, 1.625, 4.125], "texture": "#1"}
			}
		},
		{
			"from": [2, 3, 29],
			"to": [14, 4, 30],
			"rotation": {"angle": 0, "axis": "y", "origin": [-9, -12, 7]},
			"faces": {
				"north": {"uv": [1.75, 3.875, 3.375, 4], "texture": "#1"},
				"east": {"uv": [1.75, 3.875, 3.375, 4], "texture": "#1"},
				"south": {"uv": [1.75, 3.875, 3.375, 4], "texture": "#1"},
				"west": {"uv": [1.75, 3.875, 3.375, 4], "texture": "#1"},
				"up": {"uv": [1.625, 4.125, 0, 4], "texture": "#1"},
				"down": {"uv": [3.25, 4, 1.625, 4.125], "texture": "#1"}
			}
		},
		{
			"from": [1, 3, 18],
			"to": [2, 4, 29],
			"rotation": {"angle": 0, "axis": "y", "origin": [-9, -8, -5]},
			"faces": {
				"north": {"uv": [1.75, 3.875, 3.375, 4], "texture": "#1"},
				"east": {"uv": [1.75, 3.875, 3.375, 4], "texture": "#1"},
				"south": {"uv": [1.75, 3.875, 3.375, 4], "texture": "#1"},
				"west": {"uv": [1.75, 3.875, 3.375, 4], "texture": "#1"},
				"up": {"uv": [1.625, 4.125, 0, 4], "texture": "#1"},
				"down": {"uv": [3.25, 4, 1.625, 4.125], "texture": "#1"}
			}
		},
		{
			"from": [1, 5, 18],
			"to": [2, 6, 29],
			"rotation": {"angle": 0, "axis": "y", "origin": [-9, -6, -5]},
			"faces": {
				"north": {"uv": [1.75, 3.875, 3.375, 4], "texture": "#1"},
				"east": {"uv": [1.75, 3.875, 3.375, 4], "texture": "#1"},
				"south": {"uv": [1.75, 3.875, 3.375, 4], "texture": "#1"},
				"west": {"uv": [1.75, 3.875, 3.375, 4], "texture": "#1"},
				"up": {"uv": [1.625, 4.125, 0, 4], "texture": "#1"},
				"down": {"uv": [3.25, 4, 1.625, 4.125], "texture": "#1"}
			}
		},
		{
			"from": [1, 7, 18],
			"to": [2, 8, 29],
			"rotation": {"angle": 0, "axis": "y", "origin": [-9, -4, -5]},
			"faces": {
				"north": {"uv": [1.75, 3.875, 3.375, 4], "texture": "#1"},
				"east": {"uv": [1.75, 3.875, 3.375, 4], "texture": "#1"},
				"south": {"uv": [1.75, 3.875, 3.375, 4], "texture": "#1"},
				"west": {"uv": [1.75, 3.875, 3.375, 4], "texture": "#1"},
				"up": {"uv": [1.625, 4.125, 0, 4], "texture": "#1"},
				"down": {"uv": [3.25, 4, 1.625, 4.125], "texture": "#1"}
			}
		},
		{
			"from": [14, 3, 18],
			"to": [15, 4, 29],
			"rotation": {"angle": 0, "axis": "y", "origin": [4, -8, -5]},
			"faces": {
				"north": {"uv": [1.75, 3.875, 3.375, 4], "texture": "#1"},
				"east": {"uv": [1.75, 3.875, 3.375, 4], "texture": "#1"},
				"south": {"uv": [1.75, 3.875, 3.375, 4], "texture": "#1"},
				"west": {"uv": [1.75, 3.875, 3.375, 4], "texture": "#1"},
				"up": {"uv": [1.625, 4.125, 0, 4], "texture": "#1"},
				"down": {"uv": [3.25, 4, 1.625, 4.125], "texture": "#1"}
			}
		},
		{
			"from": [1, 2, 29],
			"to": [2, 8, 30],
			"rotation": {"angle": 0, "axis": "y", "origin": [-9, -8, 7]},
			"faces": {
				"north": {"uv": [1.75, 3.875, 3.375, 4], "texture": "#1"},
				"east": {"uv": [1.75, 3.875, 3.375, 4], "texture": "#1"},
				"south": {"uv": [1.75, 3.875, 3.375, 4], "texture": "#1"},
				"west": {"uv": [1.75, 3.875, 3.375, 4], "texture": "#1"},
				"up": {"uv": [1.625, 4.125, 0, 4], "texture": "#1"},
				"down": {"uv": [3.25, 4, 1.625, 4.125], "texture": "#1"}
			}
		},
		{
			"from": [1, 2, 17],
			"to": [2, 8, 18],
			"rotation": {"angle": 0, "axis": "y", "origin": [-9, -8, -5]},
			"faces": {
				"north": {"uv": [1.75, 3.875, 3.375, 4], "texture": "#1"},
				"east": {"uv": [1.75, 3.875, 3.375, 4], "texture": "#1"},
				"south": {"uv": [1.75, 3.875, 3.375, 4], "texture": "#1"},
				"west": {"uv": [1.75, 3.875, 3.375, 4], "texture": "#1"},
				"up": {"uv": [1.625, 4.125, 0, 4], "texture": "#1"},
				"down": {"uv": [3.25, 4, 1.625, 4.125], "texture": "#1"}
			}
		},
		{
			"from": [2, 5, 17],
			"to": [14, 6, 18],
			"rotation": {"angle": 0, "axis": "y", "origin": [-9, -10, -5]},
			"faces": {
				"north": {"uv": [1.75, 3.875, 3.375, 4], "texture": "#1"},
				"east": {"uv": [1.75, 3.875, 3.375, 4], "texture": "#1"},
				"south": {"uv": [1.75, 3.875, 3.375, 4], "texture": "#1"},
				"west": {"uv": [1.75, 3.875, 3.375, 4], "texture": "#1"},
				"up": {"uv": [1.625, 4.125, 0, 4], "texture": "#1"},
				"down": {"uv": [3.25, 4, 1.625, 4.125], "texture": "#1"}
			}
		},
		{
			"from": [14, 2, 17],
			"to": [15, 8, 18],
			"rotation": {"angle": 0, "axis": "y", "origin": [4, -8, -5]},
			"faces": {
				"north": {"uv": [1.75, 3.875, 3.375, 4], "texture": "#1"},
				"east": {"uv": [1.75, 3.875, 3.375, 4], "texture": "#1"},
				"south": {"uv": [1.75, 3.875, 3.375, 4], "texture": "#1"},
				"west": {"uv": [1.75, 3.875, 3.375, 4], "texture": "#1"},
				"up": {"uv": [1.625, 4.125, 0, 4], "texture": "#1"},
				"down": {"uv": [3.25, 4, 1.625, 4.125], "texture": "#1"}
			}
		},
		{
			"from": [2, 7, 29],
			"to": [14, 8, 30],
			"rotation": {"angle": 0, "axis": "y", "origin": [-9, -8, 7]},
			"faces": {
				"north": {"uv": [1.75, 3.875, 3.375, 4], "texture": "#1"},
				"east": {"uv": [1.75, 3.875, 3.375, 4], "texture": "#1"},
				"south": {"uv": [1.75, 3.875, 3.375, 4], "texture": "#1"},
				"west": {"uv": [1.75, 3.875, 3.375, 4], "texture": "#1"},
				"up": {"uv": [1.625, 4.125, 0, 4], "texture": "#1"},
				"down": {"uv": [3.25, 4, 1.625, 4.125], "texture": "#1"}
			}
		},
		{
			"from": [14, 2, 29],
			"to": [15, 8, 30],
			"rotation": {"angle": 0, "axis": "y", "origin": [4, -8, 7]},
			"faces": {
				"north": {"uv": [1.75, 3.875, 3.375, 4], "texture": "#1"},
				"east": {"uv": [1.75, 3.875, 3.375, 4], "texture": "#1"},
				"south": {"uv": [1.75, 3.875, 3.375, 4], "texture": "#1"},
				"west": {"uv": [1.75, 3.875, 3.375, 4], "texture": "#1"},
				"up": {"uv": [1.625, 4.125, 0, 4], "texture": "#1"},
				"down": {"uv": [3.25, 4, 1.625, 4.125], "texture": "#1"}
			}
		},
		{
			"from": [2, 5, 29],
			"to": [14, 6, 30],
			"rotation": {"angle": 0, "axis": "y", "origin": [-9, -10, 7]},
			"faces": {
				"north": {"uv": [1.75, 3.875, 3.375, 4], "texture": "#1"},
				"east": {"uv": [1.75, 3.875, 3.375, 4], "texture": "#1"},
				"south": {"uv": [1.75, 3.875, 3.375, 4], "texture": "#1"},
				"west": {"uv": [1.75, 3.875, 3.375, 4], "texture": "#1"},
				"up": {"uv": [1.625, 4.125, 0, 4], "texture": "#1"},
				"down": {"uv": [3.25, 4, 1.625, 4.125], "texture": "#1"}
			}
		},
		{
			"from": [2, 1, 21],
			"to": [14, 2, 22],
			"rotation": {"angle": 0, "axis": "y", "origin": [4, -10, -12]},
			"faces": {
				"north": {"uv": [1.75, 3.875, 3.375, 4], "texture": "#1"},
				"east": {"uv": [1.75, 3.875, 3.375, 4], "texture": "#1"},
				"south": {"uv": [1.75, 3.875, 3.375, 4], "texture": "#1"},
				"west": {"uv": [1.75, 3.875, 3.375, 4], "texture": "#1"},
				"up": {"uv": [1.625, 4.125, 0, 4], "texture": "#1"},
				"down": {"uv": [3.25, 4, 1.625, 4.125], "texture": "#1"}
			}
		},
		{
			"from": [2, 1, 19],
			"to": [14, 2, 20],
			"rotation": {"angle": 0, "axis": "y", "origin": [4, -10, -14]},
			"faces": {
				"north": {"uv": [1.75, 3.875, 3.375, 4], "texture": "#1"},
				"east": {"uv": [1.75, 3.875, 3.375, 4], "texture": "#1"},
				"south": {"uv": [1.75, 3.875, 3.375, 4], "texture": "#1"},
				"west": {"uv": [1.75, 3.875, 3.375, 4], "texture": "#1"},
				"up": {"uv": [1.625, 4.125, 0, 4], "texture": "#1"},
				"down": {"uv": [3.25, 4, 1.625, 4.125], "texture": "#1"}
			}
		},
		{
			"from": [14, 5, 18],
			"to": [15, 6, 29],
			"rotation": {"angle": 0, "axis": "y", "origin": [4, -6, -5]},
			"faces": {
				"north": {"uv": [1.75, 3.875, 3.375, 4], "texture": "#1"},
				"east": {"uv": [1.75, 3.875, 3.375, 4], "texture": "#1"},
				"south": {"uv": [1.75, 3.875, 3.375, 4], "texture": "#1"},
				"west": {"uv": [1.75, 3.875, 3.375, 4], "texture": "#1"},
				"up": {"uv": [1.625, 4.125, 0, 4], "texture": "#1"},
				"down": {"uv": [3.25, 4, 1.625, 4.125], "texture": "#1"}
			}
		},
		{
			"from": [2, 7, 17],
			"to": [14, 8, 18],
			"rotation": {"angle": 0, "axis": "y", "origin": [-9, -8, -5]},
			"faces": {
				"north": {"uv": [1.75, 3.875, 3.375, 4], "texture": "#1"},
				"east": {"uv": [1.75, 3.875, 3.375, 4], "texture": "#1"},
				"south": {"uv": [1.75, 3.875, 3.375, 4], "texture": "#1"},
				"west": {"uv": [1.75, 3.875, 3.375, 4], "texture": "#1"},
				"up": {"uv": [1.625, 4.125, 0, 4], "texture": "#1"},
				"down": {"uv": [3.25, 4, 1.625, 4.125], "texture": "#1"}
			}
		},
		{
			"from": [2, 1, 23],
			"to": [14, 2, 24],
			"rotation": {"angle": 0, "axis": "y", "origin": [4, -10, -10]},
			"faces": {
				"north": {"uv": [1.75, 3.875, 3.375, 4], "texture": "#1"},
				"east": {"uv": [1.75, 3.875, 3.375, 4], "texture": "#1"},
				"south": {"uv": [1.75, 3.875, 3.375, 4], "texture": "#1"},
				"west": {"uv": [1.75, 3.875, 3.375, 4], "texture": "#1"},
				"up": {"uv": [1.625, 4.125, 0, 4], "texture": "#1"},
				"down": {"uv": [3.25, 4, 1.625, 4.125], "texture": "#1"}
			}
		},
		{
			"from": [14, 7, 18],
			"to": [15, 8, 29],
			"rotation": {"angle": 0, "axis": "y", "origin": [4, -4, -5]},
			"faces": {
				"north": {"uv": [1.75, 3.875, 3.375, 4], "texture": "#1"},
				"east": {"uv": [1.75, 3.875, 3.375, 4], "texture": "#1"},
				"south": {"uv": [1.75, 3.875, 3.375, 4], "texture": "#1"},
				"west": {"uv": [1.75, 3.875, 3.375, 4], "texture": "#1"},
				"up": {"uv": [1.625, 4.125, 0, 4], "texture": "#1"},
				"down": {"uv": [3.25, 4, 1.625, 4.125], "texture": "#1"}
			}
		},
		{
			"from": [2, 1, 27],
			"to": [14, 2, 28],
			"rotation": {"angle": 0, "axis": "y", "origin": [4, -10, -6]},
			"faces": {
				"north": {"uv": [1.75, 3.875, 3.375, 4], "texture": "#1"},
				"east": {"uv": [1.75, 3.875, 3.375, 4], "texture": "#1"},
				"south": {"uv": [1.75, 3.875, 3.375, 4], "texture": "#1"},
				"west": {"uv": [1.75, 3.875, 3.375, 4], "texture": "#1"},
				"up": {"uv": [1.625, 4.125, 0, 4], "texture": "#1"},
				"down": {"uv": [3.25, 4, 1.625, 4.125], "texture": "#1"}
			}
		},
		{
			"from": [2, 1, 25],
			"to": [14, 2, 26],
			"rotation": {"angle": 0, "axis": "y", "origin": [4, -10, -8]},
			"faces": {
				"north": {"uv": [1.75, 3.875, 3.375, 4], "texture": "#1"},
				"east": {"uv": [1.75, 3.875, 3.375, 4], "texture": "#1"},
				"south": {"uv": [1.75, 3.875, 3.375, 4], "texture": "#1"},
				"west": {"uv": [1.75, 3.875, 3.375, 4], "texture": "#1"},
				"up": {"uv": [1.625, 4.125, 0, 4], "texture": "#1"},
				"down": {"uv": [3.25, 4, 1.625, 4.125], "texture": "#1"}
			}
		},
		{
			"from": [4, 2, 4],
			"to": [8, 3, 6],
			"rotation": {"angle": -22.5, "axis": "y", "origin": [5, 1, 4]},
			"faces": {
				"north": {"uv": [2.5, 4.125, 3, 4.25], "texture": "#1"},
				"east": {"uv": [3.25, 4, 3.5, 4.125], "texture": "#1"},
				"south": {"uv": [3, 4.125, 3.5, 4.25], "texture": "#1"},
				"west": {"uv": [0, 4.375, 0.25, 4.5], "texture": "#1"},
				"up": {"uv": [0.5, 4.375, 0, 4.125], "texture": "#1"},
				"down": {"uv": [1, 4.125, 0.5, 4.375], "texture": "#1"}
			}
		},
		{
			"from": [9, 2, 4],
			"to": [13, 3, 6],
			"rotation": {"angle": 0, "axis": "y", "origin": [10, 1, 4]},
			"faces": {
				"north": {"uv": [2.5, 4.125, 3, 4.25], "texture": "#1"},
				"east": {"uv": [3.25, 4, 3.5, 4.125], "texture": "#1"},
				"south": {"uv": [3, 4.125, 3.5, 4.25], "texture": "#1"},
				"west": {"uv": [0, 4.375, 0.25, 4.5], "texture": "#1"},
				"up": {"uv": [0.5, 4.375, 0, 4.125], "texture": "#1"},
				"down": {"uv": [1, 4.125, 0.5, 4.375], "texture": "#1"}
			}
		},
		{
			"from": [9, 2, 8],
			"to": [13, 3, 10],
			"rotation": {"angle": -22.5, "axis": "y", "origin": [10, 1, 8]},
			"faces": {
				"north": {"uv": [2.5, 4.125, 3, 4.25], "texture": "#1"},
				"east": {"uv": [3.25, 4, 3.5, 4.125], "texture": "#1"},
				"south": {"uv": [3, 4.125, 3.5, 4.25], "texture": "#1"},
				"west": {"uv": [0, 4.375, 0.25, 4.5], "texture": "#1"},
				"up": {"uv": [0.5, 4.375, 0, 4.125], "texture": "#1"},
				"down": {"uv": [1, 4.125, 0.5, 4.375], "texture": "#1"}
			}
		},
		{
			"from": [9, 3, 8],
			"to": [13, 4, 10],
			"rotation": {"angle": -22.5, "axis": "z", "origin": [10, 2, 8]},
			"faces": {
				"north": {"uv": [2.5, 4.125, 3, 4.25], "texture": "#1"},
				"east": {"uv": [3.25, 4, 3.5, 4.125], "texture": "#1"},
				"south": {"uv": [3, 4.125, 3.5, 4.25], "texture": "#1"},
				"west": {"uv": [0, 4.375, 0.25, 4.5], "texture": "#1"},
				"up": {"uv": [0.5, 4.375, 0, 4.125], "texture": "#1"},
				"down": {"uv": [1, 4.125, 0.5, 4.375], "texture": "#1"}
			}
		},
		{
			"from": [3, 2, 9],
			"to": [7, 3, 11],
			"rotation": {"angle": 22.5, "axis": "y", "origin": [4, 1, 9]},
			"faces": {
				"north": {"uv": [2.5, 4.125, 3, 4.25], "texture": "#1"},
				"east": {"uv": [3.25, 4, 3.5, 4.125], "texture": "#1"},
				"south": {"uv": [3, 4.125, 3.5, 4.25], "texture": "#1"},
				"west": {"uv": [0, 4.375, 0.25, 4.5], "texture": "#1"},
				"up": {"uv": [0.5, 4.375, 0, 4.125], "texture": "#1"},
				"down": {"uv": [1, 4.125, 0.5, 4.375], "texture": "#1"}
			}
		},
		{
			"from": [4, 3, 4],
			"to": [8, 4, 6],
			"rotation": {"angle": 0, "axis": "y", "origin": [5, 2, 4]},
			"faces": {
				"north": {"uv": [2.5, 4.125, 3, 4.25], "texture": "#1"},
				"east": {"uv": [3.25, 4, 3.5, 4.125], "texture": "#1"},
				"south": {"uv": [3, 4.125, 3.5, 4.25], "texture": "#1"},
				"west": {"uv": [0, 4.375, 0.25, 4.5], "texture": "#1"},
				"up": {"uv": [0.5, 4.375, 0, 4.125], "texture": "#1"},
				"down": {"uv": [1, 4.125, 0.5, 4.375], "texture": "#1"}
			}
		},
		{
			"from": [4, 4, 4],
			"to": [8, 5, 6],
			"rotation": {"angle": 22.5, "axis": "y", "origin": [5, 3, 4]},
			"faces": {
				"north": {"uv": [2.5, 4.125, 3, 4.25], "texture": "#1"},
				"east": {"uv": [3.25, 4, 3.5, 4.125], "texture": "#1"},
				"south": {"uv": [3, 4.125, 3.5, 4.25], "texture": "#1"},
				"west": {"uv": [0, 4.375, 0.25, 4.5], "texture": "#1"},
				"up": {"uv": [0.5, 4.375, 0, 4.125], "texture": "#1"},
				"down": {"uv": [1, 4.125, 0.5, 4.375], "texture": "#1"}
			}
		},
		{
			"from": [10, 3, 3],
			"to": [14, 4, 5],
			"rotation": {"angle": -45, "axis": "y", "origin": [11, 2, 3]},
			"faces": {
				"north": {"uv": [2.5, 4.125, 3, 4.25], "texture": "#1"},
				"east": {"uv": [3.25, 4, 3.5, 4.125], "texture": "#1"},
				"south": {"uv": [3, 4.125, 3.5, 4.25], "texture": "#1"},
				"west": {"uv": [0, 4.375, 0.25, 4.5], "texture": "#1"},
				"up": {"uv": [0.5, 4.375, 0, 4.125], "texture": "#1"},
				"down": {"uv": [1, 4.125, 0.5, 4.375], "texture": "#1"}
			}
		},
		{
			"from": [10, 4, 3],
			"to": [14, 5, 5],
			"rotation": {"angle": -22.5, "axis": "y", "origin": [11, 3, 3]},
			"faces": {
				"north": {"uv": [2.5, 4.125, 3, 4.25], "texture": "#1"},
				"east": {"uv": [3.25, 4, 3.5, 4.125], "texture": "#1"},
				"south": {"uv": [3, 4.125, 3.5, 4.25], "texture": "#1"},
				"west": {"uv": [0, 4.375, 0.25, 4.5], "texture": "#1"},
				"up": {"uv": [0.5, 4.375, 0, 4.125], "texture": "#1"},
				"down": {"uv": [1, 4.125, 0.5, 4.375], "texture": "#1"}
			}
		},
		{
			"from": [3, 3, 8],
			"to": [7, 4, 10],
			"rotation": {"angle": 22.5, "axis": "y", "origin": [4, 2, 8]},
			"faces": {
				"north": {"uv": [2.5, 4.125, 3, 4.25], "texture": "#1"},
				"east": {"uv": [3.25, 4, 3.5, 4.125], "texture": "#1"},
				"south": {"uv": [3, 4.125, 3.5, 4.25], "texture": "#1"},
				"west": {"uv": [0, 4.375, 0.25, 4.5], "texture": "#1"},
				"up": {"uv": [0.5, 4.375, 0, 4.125], "texture": "#1"},
				"down": {"uv": [1, 4.125, 0.5, 4.375], "texture": "#1"}
			}
		},
		{
			"from": [3, 4, 8],
			"to": [7, 5, 10],
			"rotation": {"angle": 0, "axis": "y", "origin": [4, 3, 8]},
			"faces": {
				"north": {"uv": [2.5, 4.125, 3, 4.25], "texture": "#1"},
				"east": {"uv": [3.25, 4, 3.5, 4.125], "texture": "#1"},
				"south": {"uv": [3, 4.125, 3.5, 4.25], "texture": "#1"},
				"west": {"uv": [0, 4.375, 0.25, 4.5], "texture": "#1"},
				"up": {"uv": [0.5, 4.375, 0, 4.125], "texture": "#1"},
				"down": {"uv": [1, 4.125, 0.5, 4.375], "texture": "#1"}
			}
		},
		{
			"from": [4, 5, 8],
			"to": [8, 6, 10],
			"rotation": {"angle": -22.5, "axis": "y", "origin": [5, 4, 8]},
			"faces": {
				"north": {"uv": [2.5, 4.125, 3, 4.25], "texture": "#1"},
				"east": {"uv": [3.25, 4, 3.5, 4.125], "texture": "#1"},
				"south": {"uv": [3, 4.125, 3.5, 4.25], "texture": "#1"},
				"west": {"uv": [0, 4.375, 0.25, 4.5], "texture": "#1"},
				"up": {"uv": [0.5, 4.375, 0, 4.125], "texture": "#1"},
				"down": {"uv": [1, 4.125, 0.5, 4.375], "texture": "#1"}
			}
		},
		{
			"from": [3, 2, 22],
			"to": [7, 3, 24],
			"rotation": {"angle": 0, "axis": "y", "origin": [4, 1, 22]},
			"faces": {
				"north": {"uv": [2.5, 4.125, 3, 4.25], "texture": "#1"},
				"east": {"uv": [3.25, 4, 3.5, 4.125], "texture": "#1"},
				"south": {"uv": [3, 4.125, 3.5, 4.25], "texture": "#1"},
				"west": {"uv": [0, 4.375, 0.25, 4.5], "texture": "#1"},
				"up": {"uv": [1.5, 4.375, 1, 4.125], "texture": "#1"},
				"down": {"uv": [1, 4.125, 0.5, 4.375], "texture": "#1"}
			}
		},
		{
			"from": [9, 2, 22],
			"to": [13, 3, 24],
			"rotation": {"angle": -22.5, "axis": "y", "origin": [10, 1, 22]},
			"faces": {
				"north": {"uv": [2.5, 4.125, 3, 4.25], "texture": "#1"},
				"east": {"uv": [3.25, 4, 3.5, 4.125], "texture": "#1"},
				"south": {"uv": [3, 4.125, 3.5, 4.25], "texture": "#1"},
				"west": {"uv": [0, 4.375, 0.25, 4.5], "texture": "#1"},
				"up": {"uv": [1.5, 4.375, 1, 4.125], "texture": "#1"},
				"down": {"uv": [1, 4.125, 0.5, 4.375], "texture": "#1"}
			}
		},
		{
			"from": [3, 2, 26],
			"to": [7, 3, 28],
			"rotation": {"angle": 0, "axis": "y", "origin": [4, 1, 26]},
			"faces": {
				"north": {"uv": [2.5, 4.125, 3, 4.25], "texture": "#1"},
				"east": {"uv": [3.25, 4, 3.5, 4.125], "texture": "#1"},
				"south": {"uv": [3, 4.125, 3.5, 4.25], "texture": "#1"},
				"west": {"uv": [0, 4.375, 0.25, 4.5], "texture": "#1"},
				"up": {"uv": [1.5, 4.375, 1, 4.125], "texture": "#1"},
				"down": {"uv": [1, 4.125, 0.5, 4.375], "texture": "#1"}
			}
		},
		{
			"from": [9, 2, 26],
			"to": [13, 3, 28],
			"rotation": {"angle": -22.5, "axis": "y", "origin": [10, 1, 26]},
			"faces": {
				"north": {"uv": [2.5, 4.125, 3, 4.25], "texture": "#1"},
				"east": {"uv": [3.25, 4, 3.5, 4.125], "texture": "#1"},
				"south": {"uv": [3, 4.125, 3.5, 4.25], "texture": "#1"},
				"west": {"uv": [0, 4.375, 0.25, 4.5], "texture": "#1"},
				"up": {"uv": [1.5, 4.375, 1, 4.125], "texture": "#1"},
				"down": {"uv": [1, 4.125, 0.5, 4.375], "texture": "#1"}
			}
		},
		{
			"from": [3, 3, 26],
			"to": [7, 4, 28],
			"rotation": {"angle": 22.5, "axis": "y", "origin": [4, 2, 26]},
			"faces": {
				"north": {"uv": [2.5, 4.125, 3, 4.25], "texture": "#1"},
				"east": {"uv": [3.25, 4, 3.5, 4.125], "texture": "#1"},
				"south": {"uv": [3, 4.125, 3.5, 4.25], "texture": "#1"},
				"west": {"uv": [0, 4.375, 0.25, 4.5], "texture": "#1"},
				"up": {"uv": [1.5, 4.375, 1, 4.125], "texture": "#1"},
				"down": {"uv": [1, 4.125, 0.5, 4.375], "texture": "#1"}
			}
		},
		{
			"from": [4, 4, 26],
			"to": [8, 5, 28],
			"rotation": {"angle": -22.5, "axis": "y", "origin": [5, 3, 26]},
			"faces": {
				"north": {"uv": [2.5, 4.125, 3, 4.25], "texture": "#1"},
				"east": {"uv": [3.25, 4, 3.5, 4.125], "texture": "#1"},
				"south": {"uv": [3, 4.125, 3.5, 4.25], "texture": "#1"},
				"west": {"uv": [0, 4.375, 0.25, 4.5], "texture": "#1"},
				"up": {"uv": [1.5, 4.375, 1, 4.125], "texture": "#1"},
				"down": {"uv": [1, 4.125, 0.5, 4.375], "texture": "#1"}
			}
		},
		{
			"from": [8, 3, 26],
			"to": [12, 4, 28],
			"rotation": {"angle": 0, "axis": "y", "origin": [9, 2, 26]},
			"faces": {
				"north": {"uv": [2.5, 4.125, 3, 4.25], "texture": "#1"},
				"east": {"uv": [3.25, 4, 3.5, 4.125], "texture": "#1"},
				"south": {"uv": [3, 4.125, 3.5, 4.25], "texture": "#1"},
				"west": {"uv": [0, 4.375, 0.25, 4.5], "texture": "#1"},
				"up": {"uv": [1.5, 4.375, 1, 4.125], "texture": "#1"},
				"down": {"uv": [1, 4.125, 0.5, 4.375], "texture": "#1"}
			}
		},
		{
			"from": [7, 4, 26],
			"to": [11, 5, 28],
			"rotation": {"angle": -22.5, "axis": "z", "origin": [8, 3, 26]},
			"faces": {
				"north": {"uv": [2.5, 4.125, 3, 4.25], "texture": "#1"},
				"east": {"uv": [3.25, 4, 3.5, 4.125], "texture": "#1"},
				"south": {"uv": [3, 4.125, 3.5, 4.25], "texture": "#1"},
				"west": {"uv": [0, 4.375, 0.25, 4.5], "texture": "#1"},
				"up": {"uv": [1.5, 4.375, 1, 4.125], "texture": "#1"},
				"down": {"uv": [1, 4.125, 0.5, 4.375], "texture": "#1"}
			}
		},
		{
			"from": [9, 3, 22],
			"to": [13, 4, 24],
			"rotation": {"angle": 0, "axis": "y", "origin": [10, 2, 22]},
			"faces": {
				"north": {"uv": [2.5, 4.125, 3, 4.25], "texture": "#1"},
				"east": {"uv": [3.25, 4, 3.5, 4.125], "texture": "#1"},
				"south": {"uv": [3, 4.125, 3.5, 4.25], "texture": "#1"},
				"west": {"uv": [0, 4.375, 0.25, 4.5], "texture": "#1"},
				"up": {"uv": [1.5, 4.375, 1, 4.125], "texture": "#1"},
				"down": {"uv": [1, 4.125, 0.5, 4.375], "texture": "#1"}
			}
		},
		{
			"from": [9, 3, 22],
			"to": [13, 4, 24],
			"rotation": {"angle": 0, "axis": "y", "origin": [10, 2, 22]},
			"faces": {
				"north": {"uv": [2.5, 4.125, 3, 4.25], "texture": "#1"},
				"east": {"uv": [3.25, 4, 3.5, 4.125], "texture": "#1"},
				"south": {"uv": [3, 4.125, 3.5, 4.25], "texture": "#1"},
				"west": {"uv": [0, 4.375, 0.25, 4.5], "texture": "#1"},
				"up": {"uv": [1.5, 4.375, 1, 4.125], "texture": "#1"},
				"down": {"uv": [1, 4.125, 0.5, 4.375], "texture": "#1"}
			}
		},
		{
			"from": [9, 4, 22],
			"to": [13, 5, 24],
			"rotation": {"angle": -22.5, "axis": "y", "origin": [10, 3, 22]},
			"faces": {
				"north": {"uv": [2.5, 4.125, 3, 4.25], "texture": "#1"},
				"east": {"uv": [3.25, 4, 3.5, 4.125], "texture": "#1"},
				"south": {"uv": [3, 4.125, 3.5, 4.25], "texture": "#1"},
				"west": {"uv": [0, 4.375, 0.25, 4.5], "texture": "#1"},
				"up": {"uv": [1.5, 4.375, 1, 4.125], "texture": "#1"},
				"down": {"uv": [1, 4.125, 0.5, 4.375], "texture": "#1"}
			}
		},
		{
			"from": [3, 3, 22],
			"to": [7, 4, 24],
			"rotation": {"angle": -22.5, "axis": "x", "origin": [4, 2, 22]},
			"faces": {
				"north": {"uv": [2.5, 4.125, 3, 4.25], "texture": "#1"},
				"east": {"uv": [3.25, 4, 3.5, 4.125], "texture": "#1"},
				"south": {"uv": [3, 4.125, 3.5, 4.25], "texture": "#1"},
				"west": {"uv": [0, 4.375, 0.25, 4.5], "texture": "#1"},
				"up": {"uv": [1.5, 4.375, 1, 4.125], "texture": "#1"},
				"down": {"uv": [1, 4.125, 0.5, 4.375], "texture": "#1"}
			}
		},
		{
			"from": [3, 4, 22],
			"to": [7, 5, 24],
			"rotation": {"angle": 0, "axis": "y", "origin": [4, 3, 22]},
			"faces": {
				"north": {"uv": [2.5, 4.125, 3, 4.25], "texture": "#1"},
				"east": {"uv": [3.25, 4, 3.5, 4.125], "texture": "#1"},
				"south": {"uv": [3, 4.125, 3.5, 4.25], "texture": "#1"},
				"west": {"uv": [0, 4.375, 0.25, 4.5], "texture": "#1"},
				"up": {"uv": [1.5, 4.375, 1, 4.125], "texture": "#1"},
				"down": {"uv": [1, 4.125, 0.5, 4.375], "texture": "#1"}
			}
		},
		{
			"from": [3, 2, 18],
			"to": [7, 3, 20],
			"rotation": {"angle": 0, "axis": "y", "origin": [4, 1, 18]},
			"faces": {
				"north": {"uv": [2.5, 4.25, 3, 4.375], "texture": "#1"},
				"east": {"uv": [0.25, 4.375, 0.5, 4.5], "texture": "#1"},
				"south": {"uv": [3, 4.25, 3.5, 4.375], "texture": "#1"},
				"west": {"uv": [0.5, 4.375, 0.75, 4.5], "texture": "#1"},
				"up": {"uv": [2, 4.375, 1.5, 4.125], "texture": "#1"},
				"down": {"uv": [2.5, 4.125, 2, 4.375], "texture": "#1"}
			}
		},
		{
			"from": [9, 2, 19],
			"to": [13, 3, 21],
			"rotation": {"angle": 22.5, "axis": "y", "origin": [10, 1, 19]},
			"faces": {
				"north": {"uv": [2.5, 4.25, 3, 4.375], "texture": "#1"},
				"east": {"uv": [0.25, 4.375, 0.5, 4.5], "texture": "#1"},
				"south": {"uv": [3, 4.25, 3.5, 4.375], "texture": "#1"},
				"west": {"uv": [0.5, 4.375, 0.75, 4.5], "texture": "#1"},
				"up": {"uv": [2, 4.375, 1.5, 4.125], "texture": "#1"},
				"down": {"uv": [2.5, 4.125, 2, 4.375], "texture": "#1"}
			}
		},
		{
			"from": [3, 4, 19],
			"to": [7, 5, 21],
			"rotation": {"angle": 22.5, "axis": "y", "origin": [4, 3, 19]},
			"faces": {
				"north": {"uv": [2.5, 4.25, 3, 4.375], "texture": "#1"},
				"east": {"uv": [0.25, 4.375, 0.5, 4.5], "texture": "#1"},
				"south": {"uv": [3, 4.25, 3.5, 4.375], "texture": "#1"},
				"west": {"uv": [0.5, 4.375, 0.75, 4.5], "texture": "#1"},
				"up": {"uv": [2, 4.375, 1.5, 4.125], "texture": "#1"},
				"down": {"uv": [2.5, 4.125, 2, 4.375], "texture": "#1"}
			}
		},
		{
			"from": [3, 3, 19],
			"to": [7, 4, 21],
			"rotation": {"angle": 0, "axis": "y", "origin": [4, 2, 19]},
			"faces": {
				"north": {"uv": [2.5, 4.25, 3, 4.375], "texture": "#1"},
				"east": {"uv": [0.25, 4.375, 0.5, 4.5], "texture": "#1"},
				"south": {"uv": [3, 4.25, 3.5, 4.375], "texture": "#1"},
				"west": {"uv": [0.5, 4.375, 0.75, 4.5], "texture": "#1"},
				"up": {"uv": [2, 4.375, 1.5, 4.125], "texture": "#1"},
				"down": {"uv": [2.5, 4.125, 2, 4.375], "texture": "#1"}
			}
		},
		{
			"from": [9, 3, 19],
			"to": [13, 4, 21],
			"rotation": {"angle": 0, "axis": "y", "origin": [10, 2, 19]},
			"faces": {
				"north": {"uv": [2.5, 4.25, 3, 4.375], "texture": "#1"},
				"east": {"uv": [0.25, 4.375, 0.5, 4.5], "texture": "#1"},
				"south": {"uv": [3, 4.25, 3.5, 4.375], "texture": "#1"},
				"west": {"uv": [0.5, 4.375, 0.75, 4.5], "texture": "#1"},
				"up": {"uv": [2, 4.375, 1.5, 4.125], "texture": "#1"},
				"down": {"uv": [2.5, 4.125, 2, 4.375], "texture": "#1"}
			}
		},
		{
			"from": [9, 4, 19],
			"to": [13, 5, 21],
			"rotation": {"angle": 22.5, "axis": "x", "origin": [10, 3, 19]},
			"faces": {
				"north": {"uv": [2.5, 4.25, 3, 4.375], "texture": "#1"},
				"east": {"uv": [0.25, 4.375, 0.5, 4.5], "texture": "#1"},
				"south": {"uv": [3, 4.25, 3.5, 4.375], "texture": "#1"},
				"west": {"uv": [0.5, 4.375, 0.75, 4.5], "texture": "#1"},
				"up": {"uv": [2, 4.375, 1.5, 4.125], "texture": "#1"},
				"down": {"uv": [2.5, 4.125, 2, 4.375], "texture": "#1"}
			}
		},
		{
			"from": [8, 2, 11],
			"to": [12, 3, 13],
			"rotation": {"angle": 0, "axis": "y", "origin": [9, 1, 11]},
			"faces": {
				"north": {"uv": [2.5, 4.125, 3, 4.25], "texture": "#1"},
				"east": {"uv": [3.25, 4, 3.5, 4.125], "texture": "#1"},
				"south": {"uv": [3, 4.125, 3.5, 4.25], "texture": "#1"},
				"west": {"uv": [0, 4.375, 0.25, 4.5], "texture": "#1"},
				"up": {"uv": [0.5, 4.375, 0, 4.125], "texture": "#1"},
				"down": {"uv": [1, 4.125, 0.5, 4.375], "texture": "#1"}
			}
		},
		{
			"from": [15, 13, 26],
			"to": [16, 14, 27],
			"rotation": {"angle": 22.5, "axis": "z", "origin": [4, 0, 0]},
			"faces": {
				"north": {"uv": [1, 4.375, 1.125, 4.5], "texture": "#1"},
				"east": {"uv": [1, 4.375, 1.125, 4.5], "texture": "#1"},
				"south": {"uv": [1, 4.375, 1.125, 4.5], "texture": "#1"},
				"west": {"uv": [1, 4.375, 1.125, 4.5], "texture": "#1"},
				"up": {"uv": [1.25, 4.5, 1.125, 4.375], "texture": "#1"},
				"down": {"uv": [1.375, 4.375, 1.25, 4.5], "texture": "#1"}
			}
		},
		{
			"from": [8, 14, 18],
			"to": [9, 15, 19],
			"rotation": {"angle": 22.5, "axis": "z", "origin": [4, 0, -8]},
			"faces": {
				"north": {"uv": [1.375, 4.375, 1.5, 4.5], "texture": "#1"},
				"east": {"uv": [1.375, 4.375, 1.5, 4.5], "texture": "#1"},
				"south": {"uv": [1.375, 4.375, 1.5, 4.5], "texture": "#1"},
				"west": {"uv": [1.375, 4.375, 1.5, 4.5], "texture": "#1"},
				"up": {"uv": [1.625, 4.5, 1.5, 4.375], "texture": "#1"},
				"down": {"uv": [1.75, 4.375, 1.625, 4.5], "texture": "#1"}
			}
		},
		{
			"from": [9, 14, 17],
			"to": [10, 15, 18],
			"rotation": {"angle": 22.5, "axis": "z", "origin": [4, 0, -8]},
			"faces": {
				"north": {"uv": [1.75, 4.375, 1.875, 4.5], "texture": "#1"},
				"east": {"uv": [1.75, 4.375, 1.875, 4.5], "texture": "#1"},
				"south": {"uv": [1.75, 4.375, 1.875, 4.5], "texture": "#1"},
				"west": {"uv": [1.75, 4.375, 1.875, 4.5], "texture": "#1"},
				"up": {"uv": [2, 4.5, 1.875, 4.375], "texture": "#1"},
				"down": {"uv": [2.125, 4.375, 2, 4.5], "texture": "#1"}
			}
		},
		{
			"from": [15, 14, 10],
			"to": [16, 15, 11],
			"rotation": {"angle": 22.5, "axis": "z", "origin": [4, 0, -16]},
			"faces": {
				"north": {"uv": [2.125, 4.375, 2.25, 4.5], "texture": "#1"},
				"east": {"uv": [2.125, 4.375, 2.25, 4.5], "texture": "#1"},
				"south": {"uv": [2.125, 4.375, 2.25, 4.5], "texture": "#1"},
				"west": {"uv": [2.125, 4.375, 2.25, 4.5], "texture": "#1"},
				"up": {"uv": [2.375, 4.5, 2.25, 4.375], "texture": "#1"},
				"down": {"uv": [2.5, 4.375, 2.375, 4.5], "texture": "#1"}
			}
		},
		{
			"from": [16, 14, 11],
			"to": [17, 15, 12],
			"rotation": {"angle": 22.5, "axis": "z", "origin": [4, 0, -16]},
			"faces": {
				"north": {"uv": [2.5, 4.375, 2.625, 4.5], "texture": "#1"},
				"east": {"uv": [2.5, 4.375, 2.625, 4.5], "texture": "#1"},
				"south": {"uv": [2.5, 4.375, 2.625, 4.5], "texture": "#1"},
				"west": {"uv": [2.5, 4.375, 2.625, 4.5], "texture": "#1"},
				"up": {"uv": [2.75, 4.5, 2.625, 4.375], "texture": "#1"},
				"down": {"uv": [2.875, 4.375, 2.75, 4.5], "texture": "#1"}
			}
		},
		{
			"from": [9, 13, 23],
			"to": [10, 14, 24],
			"rotation": {"angle": 22.5, "axis": "z", "origin": [4, 0, 0]},
			"faces": {
				"north": {"uv": [3.375, 3.875, 3.5, 4], "texture": "#1"},
				"east": {"uv": [3.375, 3.875, 3.5, 4], "texture": "#1"},
				"south": {"uv": [3.375, 3.875, 3.5, 4], "texture": "#1"},
				"west": {"uv": [3.375, 3.875, 3.5, 4], "texture": "#1"},
				"up": {"uv": [0.875, 4.5, 0.75, 4.375], "texture": "#1"},
				"down": {"uv": [1, 4.375, 0.875, 4.5], "texture": "#1"}
			}
		}
	],
	"display": {
		"thirdperson_righthand": {
			"scale": [0.4, 0.4, 0.4]
		},
		"thirdperson_lefthand": {
			"scale": [0.4, 0.4, 0.4]
		},
		"firstperson_righthand": {
			"translation": [0, 0, -4],
			"scale": [0.4, 0.4, 0.4]
		},
		"firstperson_lefthand": {
			"translation": [0, 0, -4.25],
			"scale": [0.4, 0.4, 0.4]
		},
		"ground": {
			"translation": [0, 0, -9.75]
		},
		"gui": {
			"rotation": [0, 59, 0],
			"translation": [-2.5, -1.75, 0],
			"scale": [0.4, 0.4, 0.4]
		}
	}
}