{
	"credit": "Made with Blockbench",
	"textures": {
		"0": "block/vault_texture",
		"particle": "block/vault_texture"
	},
	"elements": [
		{
			"from": [0, 0, 0],
			"to": [18, 26, 16],
			"faces": {
				"north": {"uv": [0, 0, 10.20561, 16], "texture": "#0"},
				"east": {"uv": [2.16822, 1.75701, 7.85047, 14.09346], "texture": "#0"},
				"south": {"uv": [2.16822, 1.75701, 7.85047, 14.09346], "texture": "#0"},
				"west": {"uv": [2.16822, 1.75701, 7.85047, 14.09346], "texture": "#0"},
				"up": {"uv": [2.16822, 1.75701, 7.85047, 14.09346], "texture": "#0"},
				"down": {"uv": [2.16822, 1.75701, 7.85047, 14.09346], "texture": "#0"}
			}
		},
		{
			"from": [0.5, 22, -1],
			"to": [1.5, 24, 0],
			"rotation": {"angle": 0, "axis": "y", "origin": [0, 22, -1]},
			"faces": {
				"north": {"uv": [7.85047, 7.21495, 3.20561, 9.21495], "texture": "#0"},
				"east": {"uv": [7.85047, 7.21495, 3.20561, 9.21495], "texture": "#0"},
				"south": {"uv": [7.85047, 7.21495, 3.20561, 9.21495], "texture": "#0"},
				"west": {"uv": [7.85047, 7.21495, 3.20561, 9.21495], "texture": "#0"},
				"up": {"uv": [7.85047, 7.21495, 3.20561, 9.21495], "texture": "#0"},
				"down": {"uv": [7.85047, 7.21495, 3.20561, 9.21495], "texture": "#0"}
			}
		},
		{
			"from": [0.5, 12, -1],
			"to": [1.5, 14, 0],
			"rotation": {"angle": 0, "axis": "y", "origin": [0, 12, -1]},
			"faces": {
				"north": {"uv": [8.63551, 8.03738, 3.99065, 10.03738], "texture": "#0"},
				"east": {"uv": [8.63551, 8.03738, 3.99065, 10.03738], "texture": "#0"},
				"south": {"uv": [8.63551, 8.03738, 3.99065, 10.03738], "texture": "#0"},
				"west": {"uv": [8.63551, 8.03738, 3.99065, 10.03738], "texture": "#0"},
				"up": {"uv": [8.63551, 8.03738, 3.99065, 10.03738], "texture": "#0"},
				"down": {"uv": [8.63551, 8.03738, 3.99065, 10.03738], "texture": "#0"}
			}
		},
		{
			"from": [11.5, 15, -1],
			"to": [14.5, 18, 0],
			"rotation": {"angle": 0, "axis": "y", "origin": [12, 16, -1]},
			"faces": {
				"north": {"uv": [10.27103, 0, 16, 10.14953], "texture": "#0"},
				"east": {"uv": [8.63551, 8.03738, 3.99065, 10.03738], "texture": "#0"},
				"south": {"uv": [8.63551, 8.03738, 3.99065, 10.03738], "texture": "#0"},
				"west": {"uv": [8.63551, 8.03738, 3.99065, 10.03738], "texture": "#0"},
				"up": {"uv": [8.63551, 8.03738, 3.99065, 10.03738], "texture": "#0"},
				"down": {"uv": [8.63551, 8.03738, 3.99065, 10.03738], "texture": "#0"}
			}
		},
		{
			"from": [11.5, 9, -1],
			"to": [14.5, 12, 0],
			"rotation": {"angle": 0, "axis": "y", "origin": [12, 10, -1]},
			"faces": {
				"north": {"uv": [10.27103, 10.52336, 16, 16], "texture": "#0"},
				"east": {"uv": [10.27103, 10.52336, 16, 16], "texture": "#0"},
				"south": {"uv": [10.27103, 10.52336, 16, 16], "texture": "#0"},
				"west": {"uv": [10.27103, 10.52336, 16, 16], "texture": "#0"},
				"up": {"uv": [10.27103, 10.52336, 16, 16], "texture": "#0"},
				"down": {"uv": [10.27103, 10.52336, 16, 16], "texture": "#0"}
			}
		},
		{
			"from": [4.5, 17, -1],
			"to": [6.5, 19, 0],
			"rotation": {"angle": 0, "axis": "y", "origin": [3, 18, -1]},
			"faces": {
				"north": {"uv": [10.27103, 10.52336, 16, 16], "texture": "#0"},
				"east": {"uv": [10.27103, 10.52336, 16, 16], "texture": "#0"},
				"south": {"uv": [10.27103, 10.52336, 16, 16], "texture": "#0"},
				"west": {"uv": [10.27103, 10.52336, 16, 16], "texture": "#0"},
				"up": {"uv": [10.27103, 10.52336, 16, 16], "texture": "#0"},
				"down": {"uv": [10.27103, 10.52336, 16, 16], "texture": "#0"}
			}
		},
		{
			"from": [5, 7, -3],
			"to": [6, 19, -2],
			"rotation": {"angle": 0, "axis": "y", "origin": [3, 17, -3]},
			"faces": {
				"north": {"uv": [10.27103, 10.52336, 16, 16], "texture": "#0"},
				"east": {"uv": [10.27103, 10.52336, 16, 16], "texture": "#0"},
				"south": {"uv": [10.27103, 10.52336, 16, 16], "texture": "#0"},
				"west": {"uv": [10.27103, 10.52336, 16, 16], "texture": "#0"},
				"up": {"uv": [10.27103, 10.52336, 16, 16], "texture": "#0"},
				"down": {"uv": [10.27103, 10.52336, 16, 16], "texture": "#0"}
			}
		},
		{
			"from": [5, 17.5, -2.5],
			"to": [6, 18.5, -1],
			"rotation": {"angle": 0, "axis": "y", "origin": [3, 18, -1]},
			"faces": {
				"north": {"uv": [10.27103, 10.52336, 16, 16], "texture": "#0"},
				"east": {"uv": [10.27103, 10.52336, 16, 16], "texture": "#0"},
				"south": {"uv": [10.27103, 10.52336, 16, 16], "texture": "#0"},
				"west": {"uv": [10.27103, 10.52336, 16, 16], "texture": "#0"},
				"up": {"uv": [10.27103, 10.52336, 16, 16], "texture": "#0"},
				"down": {"uv": [10.27103, 10.52336, 16, 16], "texture": "#0"}
			}
		},
		{
			"from": [5, 7.5, -2.5],
			"to": [6, 8.5, -1],
			"rotation": {"angle": 0, "axis": "y", "origin": [3, 8, -1]},
			"faces": {
				"north": {"uv": [10.27103, 10.52336, 16, 16], "texture": "#0"},
				"east": {"uv": [10.27103, 10.52336, 16, 16], "texture": "#0"},
				"south": {"uv": [10.27103, 10.52336, 16, 16], "texture": "#0"},
				"west": {"uv": [10.27103, 10.52336, 16, 16], "texture": "#0"},
				"up": {"uv": [10.27103, 10.52336, 16, 16], "texture": "#0"},
				"down": {"uv": [10.27103, 10.52336, 16, 16], "texture": "#0"}
			}
		},
		{
			"from": [4.5, 7, -1],
			"to": [6.5, 9, 0],
			"rotation": {"angle": 0, "axis": "y", "origin": [3, 8, -1]},
			"faces": {
				"north": {"uv": [10.27103, 10.52336, 16, 16], "texture": "#0"},
				"east": {"uv": [10.27103, 10.52336, 16, 16], "texture": "#0"},
				"south": {"uv": [10.27103, 10.52336, 16, 16], "texture": "#0"},
				"west": {"uv": [10.27103, 10.52336, 16, 16], "texture": "#0"},
				"up": {"uv": [10.27103, 10.52336, 16, 16], "texture": "#0"},
				"down": {"uv": [10.27103, 10.52336, 16, 16], "texture": "#0"}
			}
		},
		{
			"from": [12.5, 8, -2.4],
			"to": [13.5, 9, -0.4],
			"rotation": {"angle": -45, "axis": "x", "origin": [13, 9, -2]},
			"faces": {
				"north": {"uv": [10.27103, 10.52336, 16, 16], "rotation": 180, "texture": "#0"},
				"east": {"uv": [10.27103, 10.52336, 16, 16], "rotation": 270, "texture": "#0"},
				"south": {"uv": [10.27103, 10.52336, 16, 16], "texture": "#0"},
				"west": {"uv": [10.27103, 10.52336, 16, 16], "rotation": 90, "texture": "#0"},
				"up": {"uv": [10.27103, 10.52336, 16, 16], "rotation": 180, "texture": "#0"},
				"down": {"uv": [10.27103, 10.52336, 16, 16], "texture": "#0"}
			}
		},
		{
			"from": [10.5, 10, -2.4],
			"to": [11.5, 11, -0.4],
			"rotation": {"angle": 45, "axis": "y", "origin": [11, 11, -2]},
			"faces": {
				"north": {"uv": [10.27103, 10.52336, 16, 16], "rotation": 180, "texture": "#0"},
				"east": {"uv": [10.27103, 10.52336, 16, 16], "rotation": 270, "texture": "#0"},
				"south": {"uv": [10.27103, 10.52336, 16, 16], "texture": "#0"},
				"west": {"uv": [10.27103, 10.52336, 16, 16], "rotation": 90, "texture": "#0"},
				"up": {"uv": [10.27103, 10.52336, 16, 16], "rotation": 180, "texture": "#0"},
				"down": {"uv": [10.27103, 10.52336, 16, 16], "texture": "#0"}
			}
		},
		{
			"from": [14.5, 10, -2.4],
			"to": [15.5, 11, -0.4],
			"rotation": {"angle": -45, "axis": "y", "origin": [15, 11, -2]},
			"faces": {
				"north": {"uv": [10.27103, 10.52336, 16, 16], "rotation": 180, "texture": "#0"},
				"east": {"uv": [10.27103, 10.52336, 16, 16], "rotation": 270, "texture": "#0"},
				"south": {"uv": [10.27103, 10.52336, 16, 16], "texture": "#0"},
				"west": {"uv": [10.27103, 10.52336, 16, 16], "rotation": 90, "texture": "#0"},
				"up": {"uv": [10.27103, 10.52336, 16, 16], "rotation": 180, "texture": "#0"},
				"down": {"uv": [10.27103, 10.52336, 16, 16], "texture": "#0"}
			}
		},
		{
			"from": [12.5, 12, -2],
			"to": [13.5, 13, 0],
			"rotation": {"angle": 45, "axis": "x", "origin": [13, 13, -2]},
			"faces": {
				"north": {"uv": [10.27103, 10.52336, 16, 16], "rotation": 180, "texture": "#0"},
				"east": {"uv": [10.27103, 10.52336, 16, 16], "rotation": 270, "texture": "#0"},
				"south": {"uv": [10.27103, 10.52336, 16, 16], "texture": "#0"},
				"west": {"uv": [10.27103, 10.52336, 16, 16], "rotation": 90, "texture": "#0"},
				"up": {"uv": [10.27103, 10.52336, 16, 16], "rotation": 180, "texture": "#0"},
				"down": {"uv": [10.27103, 10.52336, 16, 16], "texture": "#0"}
			}
		},
		{
			"from": [0.5, 2, -1],
			"to": [1.5, 4, 0],
			"rotation": {"angle": 0, "axis": "y", "origin": [0, 2, -1]},
			"faces": {
				"north": {"uv": [7.85047, 7.21495, 3.20561, 9.21495], "texture": "#0"},
				"east": {"uv": [7.85047, 7.21495, 3.20561, 9.21495], "texture": "#0"},
				"south": {"uv": [7.85047, 7.21495, 3.20561, 9.21495], "texture": "#0"},
				"west": {"uv": [7.85047, 7.21495, 3.20561, 9.21495], "texture": "#0"},
				"up": {"uv": [7.85047, 7.21495, 3.20561, 9.21495], "texture": "#0"},
				"down": {"uv": [7.85047, 7.21495, 3.20561, 9.21495], "texture": "#0"}
			}
		}
	],
	"display": {
		"thirdperson_righthand": {
			"scale": [0.3, 0.3, 0.3]
		},
		"thirdperson_lefthand": {
			"scale": [0.3, 0.3, 0.3]
		},
		"firstperson_righthand": {
			"rotation": [0, 137, 0],
			"scale": [0.3, 0.3, 0.3]
		},
		"firstperson_lefthand": {
			"rotation": [0, 126, 0],
			"scale": [0.3, 0.3, 0.3]
		},
		"ground": {
			"translation": [0, 4.25, 0]
		},
		"gui": {
			"rotation": [0, -152, 0],
			"translation": [0.25, -3.5, 0],
			"scale": [0.7, 0.7, 0.7]
		},
		"fixed": {
			"translation": [-1.75, -2.5, 0]
		}
	}
}