{
	"credit": "Made with Blockbench",
	"texture_size": [128, 128],
	"textures": {
		"0": "item/roadblock",
		"particle": "item/roadblock"
	},
	"elements": [
		{
			"from": [-3, 1, 0],
			"to": [-2, 2, 6],
			"rotation": {"angle": 0, "axis": "y", "origin": [0, 1, 0]},
			"faces": {
				"north": {"uv": [5.875, 6, 6, 6.25], "texture": "#0"},
				"east": {"uv": [9.125, 4.75, 9.875, 5], "texture": "#0"},
				"south": {"uv": [3.625, 6.125, 3.75, 6.375], "texture": "#0"},
				"west": {"uv": [9.125, 5, 9.875, 5.25], "texture": "#0"},
				"up": {"uv": [8.75, 9.75, 8.625, 9], "texture": "#0"},
				"down": {"uv": [6.75, 9.125, 6.625, 9.875], "texture": "#0"}
			}
		},
		{
			"from": [18, 1, 10],
			"to": [19, 2, 16],
			"rotation": {"angle": 0, "axis": "y", "origin": [0, 1, 0]},
			"faces": {
				"north": {"uv": [7.375, 4.5, 7.5, 4.75], "texture": "#0"},
				"east": {"uv": [9.125, 5.25, 9.875, 5.5], "texture": "#0"},
				"south": {"uv": [3.125, 7.5, 3.25, 7.75], "texture": "#0"},
				"west": {"uv": [9.125, 5.5, 9.875, 5.75], "texture": "#0"},
				"up": {"uv": [6.875, 9.875, 6.75, 9.125], "texture": "#0"},
				"down": {"uv": [7, 9.125, 6.875, 9.875], "texture": "#0"}
			}
		},
		{
			"from": [18, 1, 0],
			"to": [19, 2, 6],
			"rotation": {"angle": 0, "axis": "y", "origin": [0, 1, 0]},
			"faces": {
				"north": {"uv": [7.5, 6.125, 7.625, 6.375], "texture": "#0"},
				"east": {"uv": [9.125, 5.75, 9.875, 6], "texture": "#0"},
				"south": {"uv": [1.875, 8.5, 2, 8.75], "texture": "#0"},
				"west": {"uv": [9.125, 6, 9.875, 6.25], "texture": "#0"},
				"up": {"uv": [8, 9.875, 7.875, 9.125], "texture": "#0"},
				"down": {"uv": [8.125, 9.125, 8, 9.875], "texture": "#0"}
			}
		},
		{
			"from": [-3, 1, 10],
			"to": [-2, 2, 16],
			"rotation": {"angle": 0, "axis": "y", "origin": [0, 1, 0]},
			"faces": {
				"north": {"uv": [0.25, 9.25, 0.375, 9.5], "texture": "#0"},
				"east": {"uv": [9.125, 7, 9.875, 7.25], "texture": "#0"},
				"south": {"uv": [1.125, 9.25, 1.25, 9.5], "texture": "#0"},
				"west": {"uv": [7.125, 9.125, 7.875, 9.375], "texture": "#0"},
				"up": {"uv": [8.25, 9.875, 8.125, 9.125], "texture": "#0"},
				"down": {"uv": [8.375, 9.125, 8.25, 9.875], "texture": "#0"}
			}
		},
		{
			"from": [-3, 0, 0],
			"to": [19, 1, 16],
			"rotation": {"angle": 0, "axis": "y", "origin": [-17, 0, 0]},
			"faces": {
				"north": {"uv": [9.25, 4.25, 9.5, 4.375], "texture": "#0"},
				"east": {"uv": [9.125, 3.875, 11.125, 4], "texture": "#0"},
				"south": {"uv": [5.125, 9.25, 5.375, 9.375], "texture": "#0"},
				"west": {"uv": [9.25, 4.25, 9.5, 4.375], "texture": "#0"},
				"up": {"uv": [6.375, 11.125, 6.125, 9.125], "texture": "#0"},
				"down": {"uv": [6.625, 9.125, 6.375, 11.125], "texture": "#0"}
			}
		},
		{
			"from": [-2, 1, 0],
			"to": [18, 2, 16],
			"faces": {
				"north": {"uv": [9.125, 0.25, 11.625, 0.375], "texture": "#0"},
				"east": {"uv": [9.125, 4.5, 11.125, 4.625], "texture": "#0"},
				"south": {"uv": [9.125, 0.375, 11.625, 0.5], "texture": "#0"},
				"west": {"uv": [9.125, 4.625, 11.125, 4.75], "texture": "#0"},
				"up": {"uv": [11.5, 10.75, 9, 8.75], "texture": "#0"},
				"down": {"uv": [11.625, 1.875, 9.125, 3.875], "texture": "#0"}
			}
		},
		{
			"from": [-2.9, 2.30448, -1.53073],
			"to": [0, 15.30448, 0.46927],
			"rotation": {"angle": 22.5, "axis": "x", "origin": [-3, -1.69552, -1.53073]},
			"faces": {
				"north": {"uv": [6, 4.75, 6.375, 6.375], "texture": "#0"},
				"east": {"uv": [6.625, 6.375, 6.875, 8], "texture": "#0"},
				"south": {"uv": [5.125, 6, 5.5, 7.625], "texture": "#0"},
				"west": {"uv": [0, 6.75, 0.25, 8.375], "texture": "#0"},
				"up": {"uv": [6, 4, 5.625, 3.75], "texture": "#0"},
				"down": {"uv": [8.5, 8.5, 8.125, 8.75], "texture": "#0"}
			}
		},
		{
			"from": [3, 2.30448, -1.53073],
			"to": [6, 15.30448, 0.46927],
			"rotation": {"angle": 22.5, "axis": "x", "origin": [-3, -1.69552, -1.53073]},
			"faces": {
				"north": {"uv": [5.5, 6, 5.875, 7.625], "texture": "#0"},
				"east": {"uv": [0.25, 6.75, 0.5, 8.375], "texture": "#0"},
				"south": {"uv": [3.25, 6.125, 3.625, 7.75], "texture": "#0"},
				"west": {"uv": [6.75, 4.75, 7, 6.375], "texture": "#0"},
				"up": {"uv": [8.875, 8.5, 8.5, 8.25], "texture": "#0"},
				"down": {"uv": [8.875, 8.5, 8.5, 8.75], "texture": "#0"}
			}
		},
		{
			"from": [10, 2.30448, -1.53073],
			"to": [13, 15.30448, 0.46927],
			"rotation": {"angle": 22.5, "axis": "x", "origin": [-3, -1.69552, -1.53073]},
			"faces": {
				"north": {"uv": [0.5, 6.25, 0.875, 7.875], "texture": "#0"},
				"east": {"uv": [6.875, 6.375, 7.125, 8], "texture": "#0"},
				"south": {"uv": [0.875, 6.25, 1.25, 7.875], "texture": "#0"},
				"west": {"uv": [7, 4.75, 7.25, 6.375], "texture": "#0"},
				"up": {"uv": [6.25, 8.875, 5.875, 8.625], "texture": "#0"},
				"down": {"uv": [9, 5.875, 8.625, 6.125], "texture": "#0"}
			}
		},
		{
			"from": [16, 2.30448, -1.53073],
			"to": [18.9, 15.30448, 0.46927],
			"rotation": {"angle": 22.5, "axis": "x", "origin": [-3, -1.69552, -1.53073]},
			"faces": {
				"north": {"uv": [1.25, 6.25, 1.625, 7.875], "texture": "#0"},
				"east": {"uv": [7.125, 6.375, 7.375, 8], "texture": "#0"},
				"south": {"uv": [1.625, 6.25, 2, 7.875], "texture": "#0"},
				"west": {"uv": [7.25, 4.75, 7.5, 6.375], "texture": "#0"},
				"up": {"uv": [9, 6.375, 8.625, 6.125], "texture": "#0"},
				"down": {"uv": [6.625, 8.625, 6.25, 8.875], "texture": "#0"}
			}
		},
		{
			"from": [13, 2.30448, -1.53073],
			"to": [16, 5.30448, 0.46927],
			"rotation": {"angle": 22.5, "axis": "x", "origin": [-3, -1.69552, -1.53073]},
			"faces": {
				"north": {"uv": [8.25, 5.875, 8.625, 6.25], "texture": "#0"},
				"east": {"uv": [7.875, 7.25, 8.125, 7.625], "texture": "#0"},
				"south": {"uv": [8.25, 6.25, 8.625, 6.625], "texture": "#0"},
				"west": {"uv": [7.375, 8, 7.625, 8.375], "texture": "#0"},
				"up": {"uv": [9, 6.625, 8.625, 6.375], "texture": "#0"},
				"down": {"uv": [7, 8.625, 6.625, 8.875], "texture": "#0"}
			}
		},
		{
			"from": [0, 2.30448, -1.53073],
			"to": [3, 5.30448, 0.46927],
			"rotation": {"angle": 22.5, "axis": "x", "origin": [-3, -1.69552, -1.53073]},
			"faces": {
				"north": {"uv": [8.25, 6.625, 8.625, 7], "texture": "#0"},
				"east": {"uv": [8.625, 6.625, 8.875, 7], "texture": "#0"},
				"south": {"uv": [0, 8.375, 0.375, 8.75], "texture": "#0"},
				"west": {"uv": [7, 8.625, 7.25, 9], "texture": "#0"},
				"up": {"uv": [0.375, 9, 0, 8.75], "texture": "#0"},
				"down": {"uv": [9.125, 1.25, 8.75, 1.5], "texture": "#0"}
			}
		},
		{
			"from": [6, 2.30448, -1.53073],
			"to": [10, 5.30448, 0.46927],
			"rotation": {"angle": 22.5, "axis": "x", "origin": [-3, -1.69552, -1.53073]},
			"faces": {
				"north": {"uv": [8.25, 2.375, 8.75, 2.75], "texture": "#0"},
				"east": {"uv": [8.75, 1.5, 9, 1.875], "texture": "#0"},
				"south": {"uv": [8.25, 2.75, 8.75, 3.125], "texture": "#0"},
				"west": {"uv": [1.875, 8.75, 2.125, 9.125], "texture": "#0"},
				"up": {"uv": [8.375, 4.5, 7.875, 4.25], "texture": "#0"},
				"down": {"uv": [8.75, 7, 8.25, 7.25], "texture": "#0"}
			}
		},
		{
			"from": [0, 2.77164, 1.14805],
			"to": [3, 4.77164, 4.14805],
			"rotation": {"angle": 0, "axis": "y", "origin": [0, -3.22836, 1.14805]},
			"faces": {
				"north": {"uv": [8.75, 1.875, 9.125, 2.125], "texture": "#0"},
				"east": {"uv": [2.125, 8.75, 2.5, 9], "texture": "#0"},
				"south": {"uv": [8.75, 2.125, 9.125, 2.375], "texture": "#0"},
				"west": {"uv": [8.75, 2.375, 9.125, 2.625], "texture": "#0"},
				"up": {"uv": [8.75, 1.625, 8.375, 1.25], "texture": "#0"},
				"down": {"uv": [8.75, 1.625, 8.375, 2], "texture": "#0"}
			}
		},
		{
			"from": [13, 2.77164, 1.14805],
			"to": [16, 4.77164, 4.14805],
			"rotation": {"angle": 0, "axis": "y", "origin": [0, -3.22836, 1.14805]},
			"faces": {
				"north": {"uv": [2.5, 8.75, 2.875, 9], "texture": "#0"},
				"east": {"uv": [8.75, 2.625, 9.125, 2.875], "texture": "#0"},
				"south": {"uv": [2.875, 8.75, 3.25, 9], "texture": "#0"},
				"west": {"uv": [8.75, 2.875, 9.125, 3.125], "texture": "#0"},
				"up": {"uv": [2.375, 8.75, 2, 8.375], "texture": "#0"},
				"down": {"uv": [8.75, 2, 8.375, 2.375], "texture": "#0"}
			}
		},
		{
			"from": [6, 2.77164, 1.14805],
			"to": [10, 4.77164, 4.14805],
			"rotation": {"angle": 0, "axis": "y", "origin": [0, -3.22836, 1.14805]},
			"faces": {
				"north": {"uv": [8.375, 4.25, 8.875, 4.5], "texture": "#0"},
				"east": {"uv": [8.75, 3.125, 9.125, 3.375], "texture": "#0"},
				"south": {"uv": [2.375, 8.5, 2.875, 8.75], "texture": "#0"},
				"west": {"uv": [3.25, 8.75, 3.625, 9], "texture": "#0"},
				"up": {"uv": [8.75, 3.5, 8.25, 3.125], "texture": "#0"},
				"down": {"uv": [8.75, 3.5, 8.25, 3.875], "texture": "#0"}
			}
		},
		{
			"from": [-2.9, 1.53912, 15.68297],
			"to": [0, 14.53912, 17.68297],
			"rotation": {"angle": -22.5, "axis": "x", "origin": [-3, -2.46088, 15.68297]},
			"faces": {
				"north": {"uv": [2, 6.25, 2.375, 7.875], "texture": "#0"},
				"east": {"uv": [7.375, 1.25, 7.625, 2.875], "texture": "#0"},
				"south": {"uv": [2.375, 6.25, 2.75, 7.875], "texture": "#0"},
				"west": {"uv": [7.375, 2.875, 7.625, 4.5], "texture": "#0"},
				"up": {"uv": [9.125, 3.625, 8.75, 3.375], "texture": "#0"},
				"down": {"uv": [4, 8.75, 3.625, 9], "texture": "#0"}
			}
		},
		{
			"from": [-2.9, 14.01043, 4.97488],
			"to": [8.1, 18.01043, 6.97488],
			"rotation": {"angle": 0, "axis": "y", "origin": [-2.9, -0.98957, 4.97488]},
			"faces": {
				"north": {"uv": [5.75, 1.25, 7.125, 1.75], "texture": "#0"},
				"east": {"uv": [3.75, 4.5, 4, 5], "texture": "#0"},
				"south": {"uv": [6, 1.75, 7.375, 2.25], "texture": "#0"},
				"west": {"uv": [0.5, 4.75, 0.75, 5.25], "texture": "#0"},
				"up": {"uv": [5.625, 4, 4.25, 3.75], "texture": "#0"},
				"down": {"uv": [7.625, 0, 6.25, 0.25], "texture": "#0"}
			}
		},
		{
			"from": [0, 1.53912, 15.68297],
			"to": [3, 4.53912, 17.68297],
			"rotation": {"angle": -22.5, "axis": "x", "origin": [-3, -2.46088, 15.68297]},
			"faces": {
				"north": {"uv": [2.875, 8.375, 3.25, 8.75], "texture": "#0"},
				"east": {"uv": [4, 8.75, 4.25, 9.125], "texture": "#0"},
				"south": {"uv": [3.25, 8.375, 3.625, 8.75], "texture": "#0"},
				"west": {"uv": [4.25, 8.75, 4.5, 9.125], "texture": "#0"},
				"up": {"uv": [4.875, 9, 4.5, 8.75], "texture": "#0"},
				"down": {"uv": [9.125, 4.75, 8.75, 5], "texture": "#0"}
			}
		},
		{
			"from": [0, 2.77164, 11.85195],
			"to": [3, 4.77164, 14.85195],
			"rotation": {"angle": 0, "axis": "y", "origin": [0, -3.22836, 11.85195]},
			"faces": {
				"north": {"uv": [8.75, 5, 9.125, 5.25], "texture": "#0"},
				"east": {"uv": [8.75, 5.25, 9.125, 5.5], "texture": "#0"},
				"south": {"uv": [8.75, 5.5, 9.125, 5.75], "texture": "#0"},
				"west": {"uv": [8.75, 7, 9.125, 7.25], "texture": "#0"},
				"up": {"uv": [7.75, 8.75, 7.375, 8.375], "texture": "#0"},
				"down": {"uv": [8.125, 8.375, 7.75, 8.75], "texture": "#0"}
			}
		},
		{
			"from": [3, 1.53912, 15.68297],
			"to": [6, 14.53912, 17.68297],
			"rotation": {"angle": -22.5, "axis": "x", "origin": [-3, -2.46088, 15.68297]},
			"faces": {
				"north": {"uv": [5.875, 6.375, 6.25, 8], "texture": "#0"},
				"east": {"uv": [7.625, 1.25, 7.875, 2.875], "texture": "#0"},
				"south": {"uv": [6.25, 6.375, 6.625, 8], "texture": "#0"},
				"west": {"uv": [7.625, 2.875, 7.875, 4.5], "texture": "#0"},
				"up": {"uv": [7.625, 9, 7.25, 8.75], "texture": "#0"},
				"down": {"uv": [8, 8.75, 7.625, 9], "texture": "#0"}
			}
		},
		{
			"from": [6, 2.77164, 11.85195],
			"to": [10, 4.77164, 14.85195],
			"rotation": {"angle": 0, "axis": "y", "origin": [0, -3.22836, 11.85195]},
			"faces": {
				"north": {"uv": [8.5, 7.25, 9, 7.5], "texture": "#0"},
				"east": {"uv": [8, 8.75, 8.375, 9], "texture": "#0"},
				"south": {"uv": [8.5, 7.5, 9, 7.75], "texture": "#0"},
				"west": {"uv": [8.375, 8.75, 8.75, 9], "texture": "#0"},
				"up": {"uv": [8.75, 4.25, 8.25, 3.875], "texture": "#0"},
				"down": {"uv": [8.75, 4.75, 8.25, 5.125], "texture": "#0"}
			}
		},
		{
			"from": [6, 1.53912, 15.68297],
			"to": [10, 4.53912, 17.68297],
			"rotation": {"angle": -22.5, "axis": "x", "origin": [-3, -2.46088, 15.68297]},
			"faces": {
				"north": {"uv": [8.25, 5.125, 8.75, 5.5], "texture": "#0"},
				"east": {"uv": [4.875, 8.75, 5.125, 9.125], "texture": "#0"},
				"south": {"uv": [8.25, 5.5, 8.75, 5.875], "texture": "#0"},
				"west": {"uv": [8.75, 8.75, 9, 9.125], "texture": "#0"},
				"up": {"uv": [9, 8, 8.5, 7.75], "texture": "#0"},
				"down": {"uv": [9, 8, 8.5, 8.25], "texture": "#0"}
			}
		},
		{
			"from": [10, 1.53912, 15.68297],
			"to": [13, 14.53912, 17.68297],
			"rotation": {"angle": -22.5, "axis": "x", "origin": [-3, -2.46088, 15.68297]},
			"faces": {
				"north": {"uv": [3.625, 6.5, 4, 8.125], "texture": "#0"},
				"east": {"uv": [5.125, 7.625, 5.375, 9.25], "texture": "#0"},
				"south": {"uv": [4, 6.5, 4.375, 8.125], "texture": "#0"},
				"west": {"uv": [5.375, 7.625, 5.625, 9.25], "texture": "#0"},
				"up": {"uv": [0.75, 9.125, 0.375, 8.875], "texture": "#0"},
				"down": {"uv": [1.125, 8.875, 0.75, 9.125], "texture": "#0"}
			}
		},
		{
			"from": [13, 1.53912, 15.68297],
			"to": [16, 4.53912, 17.68297],
			"rotation": {"angle": -22.5, "axis": "x", "origin": [-3, -2.46088, 15.68297]},
			"faces": {
				"north": {"uv": [0.375, 8.5, 0.75, 8.875], "texture": "#0"},
				"east": {"uv": [1.125, 8.875, 1.375, 9.25], "texture": "#0"},
				"south": {"uv": [0.75, 8.5, 1.125, 8.875], "texture": "#0"},
				"west": {"uv": [1.375, 8.875, 1.625, 9.25], "texture": "#0"},
				"up": {"uv": [9.25, 4.375, 8.875, 4.125], "texture": "#0"},
				"down": {"uv": [6.25, 8.875, 5.875, 9.125], "texture": "#0"}
			}
		},
		{
			"from": [16, 1.53912, 15.68297],
			"to": [18.9, 14.53912, 17.68297],
			"rotation": {"angle": -22.5, "axis": "x", "origin": [-3, -2.46088, 15.68297]},
			"faces": {
				"north": {"uv": [4.375, 6.5, 4.75, 8.125], "texture": "#0"},
				"east": {"uv": [5.625, 7.625, 5.875, 9.25], "texture": "#0"},
				"south": {"uv": [4.75, 6.5, 5.125, 8.125], "texture": "#0"},
				"west": {"uv": [7.625, 6.125, 7.875, 7.75], "texture": "#0"},
				"up": {"uv": [6.625, 9.125, 6.25, 8.875], "texture": "#0"},
				"down": {"uv": [7, 8.875, 6.625, 9.125], "texture": "#0"}
			}
		},
		{
			"from": [13, 2.77164, 11.85195],
			"to": [16, 4.77164, 14.85195],
			"rotation": {"angle": 0, "axis": "y", "origin": [0, -3.22836, 11.85195]},
			"faces": {
				"north": {"uv": [8.875, 6.625, 9.25, 6.875], "texture": "#0"},
				"east": {"uv": [8.875, 8.25, 9.25, 8.5], "texture": "#0"},
				"south": {"uv": [8.875, 8.5, 9.25, 8.75], "texture": "#0"},
				"west": {"uv": [0, 9, 0.375, 9.25], "texture": "#0"},
				"up": {"uv": [1.5, 8.875, 1.125, 8.5], "texture": "#0"},
				"down": {"uv": [1.875, 8.5, 1.5, 8.875], "texture": "#0"}
			}
		},
		{
			"from": [0, 4.77164, 11.84805],
			"to": [3, 9.57164, 12.84805],
			"rotation": {"angle": 0, "axis": "y", "origin": [0, -3.22836, 1.14805]},
			"faces": {
				"north": {"uv": [7.875, 2.375, 8.25, 3], "texture": "#0"},
				"east": {"uv": [3.125, 6.25, 3.25, 6.875], "texture": "#0"},
				"south": {"uv": [2.5, 7.875, 2.875, 8.5], "texture": "#0"},
				"west": {"uv": [3.125, 6.875, 3.25, 7.5], "texture": "#0"},
				"up": {"uv": [9.375, 1.75, 9, 1.625], "texture": "#0"},
				"down": {"uv": [9.375, 1.75, 9, 1.875], "texture": "#0"}
			}
		},
		{
			"from": [0, 10.50448, -1.53073],
			"to": [3, 15.30448, -0.53073],
			"rotation": {"angle": 22.5, "axis": "x", "origin": [-3, -1.69552, -1.53073]},
			"faces": {
				"north": {"uv": [7.875, 3, 8.25, 3.625], "texture": "#0"},
				"east": {"uv": [1.625, 8.875, 1.75, 9.5], "texture": "#0"},
				"south": {"uv": [7.875, 3.625, 8.25, 4.25], "texture": "#0"},
				"west": {"uv": [1.75, 8.875, 1.875, 9.5], "texture": "#0"},
				"up": {"uv": [9.375, 6.5, 9, 6.375], "texture": "#0"},
				"down": {"uv": [9.375, 6.5, 9, 6.625], "texture": "#0"}
			}
		},
		{
			"from": [13, 10.50448, -1.53073],
			"to": [16, 15.30448, -0.53073],
			"rotation": {"angle": 22.5, "axis": "x", "origin": [-3, -1.69552, -1.53073]},
			"faces": {
				"north": {"uv": [7.875, 6, 8.25, 6.625], "texture": "#0"},
				"east": {"uv": [2.125, 9, 2.25, 9.625], "texture": "#0"},
				"south": {"uv": [7.875, 6.625, 8.25, 7.25], "texture": "#0"},
				"west": {"uv": [2.25, 9, 2.375, 9.625], "texture": "#0"},
				"up": {"uv": [7.5, 9.125, 7.125, 9], "texture": "#0"},
				"down": {"uv": [9.375, 7.25, 9, 7.375], "texture": "#0"}
			}
		},
		{
			"from": [6, 10.50448, -1.53073],
			"to": [10, 15.30448, -0.53073],
			"rotation": {"angle": 22.5, "axis": "x", "origin": [-3, -1.69552, -1.53073]},
			"faces": {
				"north": {"uv": [3.125, 7.75, 3.625, 8.375], "texture": "#0"},
				"east": {"uv": [2.375, 9, 2.5, 9.625], "texture": "#0"},
				"south": {"uv": [7.75, 4.75, 8.25, 5.375], "texture": "#0"},
				"west": {"uv": [2.5, 9, 2.625, 9.625], "texture": "#0"},
				"up": {"uv": [1.25, 4.25, 0.75, 4.125], "texture": "#0"},
				"down": {"uv": [1.75, 4.125, 1.25, 4.25], "texture": "#0"}
			}
		},
		{
			"from": [13, 4.77164, 3.14805],
			"to": [16, 9.57164, 4.14805],
			"rotation": {"angle": 0, "axis": "y", "origin": [0, -3.22836, 1.14805]},
			"faces": {
				"north": {"uv": [5.875, 8, 6.25, 8.625], "texture": "#0"},
				"east": {"uv": [2.625, 9, 2.75, 9.625], "texture": "#0"},
				"south": {"uv": [6.25, 8, 6.625, 8.625], "texture": "#0"},
				"west": {"uv": [2.75, 9, 2.875, 9.625], "texture": "#0"},
				"up": {"uv": [9.375, 7.5, 9, 7.375], "texture": "#0"},
				"down": {"uv": [7.875, 9, 7.5, 9.125], "texture": "#0"}
			}
		},
		{
			"from": [6, 4.77164, 3.14805],
			"to": [10, 9.57164, 4.14805],
			"rotation": {"angle": 0, "axis": "y", "origin": [0, -3.22836, 1.14805]},
			"faces": {
				"north": {"uv": [7.75, 5.375, 8.25, 6], "texture": "#0"},
				"east": {"uv": [2.875, 9, 3, 9.625], "texture": "#0"},
				"south": {"uv": [7.625, 7.75, 8.125, 8.375], "texture": "#0"},
				"west": {"uv": [3, 9, 3.125, 9.625], "texture": "#0"},
				"up": {"uv": [2.25, 4.25, 1.75, 4.125], "texture": "#0"},
				"down": {"uv": [9.375, 4.375, 8.875, 4.5], "texture": "#0"}
			}
		},
		{
			"from": [13, 4.77164, 11.84805],
			"to": [16, 9.57164, 12.84805],
			"rotation": {"angle": 0, "axis": "y", "origin": [0, -3.22836, 1.14805]},
			"faces": {
				"north": {"uv": [6.625, 8, 7, 8.625], "texture": "#0"},
				"east": {"uv": [3.125, 9, 3.25, 9.625], "texture": "#0"},
				"south": {"uv": [7, 8, 7.375, 8.625], "texture": "#0"},
				"west": {"uv": [3.25, 9, 3.375, 9.625], "texture": "#0"},
				"up": {"uv": [9.375, 7.625, 9, 7.5], "texture": "#0"},
				"down": {"uv": [9.375, 7.625, 9, 7.75], "texture": "#0"}
			}
		},
		{
			"from": [6, 4.77164, 11.84805],
			"to": [10, 9.57164, 12.84805],
			"rotation": {"angle": 0, "axis": "y", "origin": [0, -3.22836, 1.14805]},
			"faces": {
				"north": {"uv": [0.5, 7.875, 1, 8.5], "texture": "#0"},
				"east": {"uv": [3.375, 9, 3.5, 9.625], "texture": "#0"},
				"south": {"uv": [1, 7.875, 1.5, 8.5], "texture": "#0"},
				"west": {"uv": [3.5, 9, 3.625, 9.625], "texture": "#0"},
				"up": {"uv": [9.375, 7, 8.875, 6.875], "texture": "#0"},
				"down": {"uv": [9.5, 0, 9, 0.125], "texture": "#0"}
			}
		},
		{
			"from": [0, 9.73912, 16.68297],
			"to": [3, 14.53912, 17.68297],
			"rotation": {"angle": -22.5, "axis": "x", "origin": [-3, -2.46088, 15.68297]},
			"faces": {
				"north": {"uv": [3.625, 8.125, 4, 8.75], "texture": "#0"},
				"east": {"uv": [3.625, 9, 3.75, 9.625], "texture": "#0"},
				"south": {"uv": [4, 8.125, 4.375, 8.75], "texture": "#0"},
				"west": {"uv": [3.75, 9, 3.875, 9.625], "texture": "#0"},
				"up": {"uv": [9.375, 7.875, 9, 7.75], "texture": "#0"},
				"down": {"uv": [8.25, 9, 7.875, 9.125], "texture": "#0"}
			}
		},
		{
			"from": [13, 9.73912, 16.68297],
			"to": [16, 14.53912, 17.68297],
			"rotation": {"angle": -22.5, "axis": "x", "origin": [-3, -2.46088, 15.68297]},
			"faces": {
				"north": {"uv": [4.375, 8.125, 4.75, 8.75], "texture": "#0"},
				"east": {"uv": [3.875, 9, 4, 9.625], "texture": "#0"},
				"south": {"uv": [4.75, 8.125, 5.125, 8.75], "texture": "#0"},
				"west": {"uv": [4.5, 9, 4.625, 9.625], "texture": "#0"},
				"up": {"uv": [9.375, 8, 9, 7.875], "texture": "#0"},
				"down": {"uv": [9.375, 8, 9, 8.125], "texture": "#0"}
			}
		},
		{
			"from": [6, 9.73912, 16.68297],
			"to": [10, 14.53912, 17.68297],
			"rotation": {"angle": -22.5, "axis": "x", "origin": [-3, -2.46088, 15.68297]},
			"faces": {
				"north": {"uv": [7.875, 1.25, 8.375, 1.875], "texture": "#0"},
				"east": {"uv": [4.625, 9, 4.75, 9.625], "texture": "#0"},
				"south": {"uv": [1.5, 7.875, 2, 8.5], "texture": "#0"},
				"west": {"uv": [4.75, 9, 4.875, 9.625], "texture": "#0"},
				"up": {"uv": [9.5, 0.25, 9, 0.125], "texture": "#0"},
				"down": {"uv": [9.5, 1.5, 9, 1.625], "texture": "#0"}
			}
		},
		{
			"from": [14, 2, 6],
			"to": [18, 17.75, 10],
			"faces": {
				"north": {"uv": [3.25, 4.125, 3.75, 6.125], "texture": "#0"},
				"east": {"uv": [2.75, 4.25, 3.25, 6.25], "texture": "#0"},
				"south": {"uv": [4.5, 1.75, 5, 3.75], "texture": "#0"},
				"west": {"uv": [0, 4.75, 0.5, 6.75], "texture": "#0"},
				"up": {"uv": [8.375, 2.375, 7.875, 1.875], "texture": "#0"},
				"down": {"uv": [2.5, 7.875, 2, 8.375], "texture": "#0"}
			}
		},
		{
			"from": [-2, 2, 6],
			"to": [14, 17.75, 10],
			"faces": {
				"north": {"uv": [4, 4, 6, 6], "texture": "#0"},
				"east": {"uv": [5, 1.75, 5.5, 3.75], "texture": "#0"},
				"south": {"uv": [0.75, 4.25, 2.75, 6.25], "texture": "#0"},
				"west": {"uv": [5.5, 1.75, 6, 3.75], "texture": "#0"},
				"up": {"uv": [7.75, 0.75, 5.75, 0.25], "texture": "#0"},
				"down": {"uv": [7.75, 0.75, 5.75, 1.25], "texture": "#0"}
			}
		},
		{
			"from": [8.1, 14.01043, 9.02512],
			"to": [18.9, 18.01043, 11.02512],
			"rotation": {"angle": 0, "axis": "y", "origin": [-2.9, -0.98957, 9.02512]},
			"faces": {
				"north": {"uv": [6, 2.25, 7.375, 2.75], "texture": "#0"},
				"east": {"uv": [3.75, 5, 4, 5.5], "texture": "#0"},
				"south": {"uv": [6, 2.75, 7.375, 3.25], "texture": "#0"},
				"west": {"uv": [0.5, 5.25, 0.75, 5.75], "texture": "#0"},
				"up": {"uv": [9, 0.25, 7.625, 0], "texture": "#0"},
				"down": {"uv": [9.125, 0.25, 7.75, 0.5], "texture": "#0"}
			}
		},
		{
			"from": [-2.9, 14.01043, 9.02512],
			"to": [8.1, 18.01043, 11.02512],
			"rotation": {"angle": 0, "axis": "y", "origin": [-2.9, -0.98957, 9.02512]},
			"faces": {
				"north": {"uv": [6, 3.25, 7.375, 3.75], "texture": "#0"},
				"east": {"uv": [3.75, 5.5, 4, 6], "texture": "#0"},
				"south": {"uv": [3.75, 6, 5.125, 6.5], "texture": "#0"},
				"west": {"uv": [0.5, 5.75, 0.75, 6.25], "texture": "#0"},
				"up": {"uv": [9.125, 0.75, 7.75, 0.5], "texture": "#0"},
				"down": {"uv": [9.125, 0.75, 7.75, 1], "texture": "#0"}
			}
		},
		{
			"from": [8.1, 14.01043, 4.97488],
			"to": [18.9, 18.01043, 6.97488],
			"rotation": {"angle": 0, "axis": "y", "origin": [-2.9, -0.98957, 4.97488]},
			"faces": {
				"north": {"uv": [6, 3.75, 7.375, 4.25], "texture": "#0"},
				"east": {"uv": [7.125, 1.25, 7.375, 1.75], "texture": "#0"},
				"south": {"uv": [6, 4.25, 7.375, 4.75], "texture": "#0"},
				"west": {"uv": [2.875, 7.875, 3.125, 8.375], "texture": "#0"},
				"up": {"uv": [9.125, 1.25, 7.75, 1], "texture": "#0"},
				"down": {"uv": [9.125, 4.5, 7.75, 4.75], "texture": "#0"}
			}
		},
		{
			"from": [0, 4.77164, 3.14805],
			"to": [3, 9.57164, 4.14805],
			"rotation": {"angle": 0, "axis": "y", "origin": [0, -3.22836, 1.14805]},
			"faces": {
				"north": {"uv": [8.125, 7.25, 8.5, 7.875], "texture": "#0"},
				"east": {"uv": [9, 5.75, 9.125, 6.375], "texture": "#0"},
				"south": {"uv": [8.125, 7.875, 8.5, 8.5], "texture": "#0"},
				"west": {"uv": [7, 9, 7.125, 9.625], "texture": "#0"},
				"up": {"uv": [9.375, 8.25, 9, 8.125], "texture": "#0"},
				"down": {"uv": [8.625, 9, 8.25, 9.125], "texture": "#0"}
			}
		},
		{
			"from": [-3, 2, 10],
			"to": [-1, 5, 14],
			"faces": {
				"north": {"uv": [1.875, 1.625, 2.125, 2], "texture": "#0"},
				"east": {"uv": [0, 0, 0.5, 0.375], "texture": "#0"},
				"south": {"uv": [1.875, 2, 2.125, 2.375], "texture": "#0"},
				"west": {"uv": [0, 0.375, 0.5, 0.75], "texture": "#0"},
				"up": {"uv": [2.125, 0.5, 1.875, 0], "texture": "#0"},
				"down": {"uv": [0.625, 1.875, 0.375, 2.375], "texture": "#0"}
			}
		},
		{
			"from": [-3, 2, 2],
			"to": [-1, 5, 6],
			"faces": {
				"north": {"uv": [2.125, 0, 2.375, 0.375], "texture": "#0"},
				"east": {"uv": [0.5, 0, 1, 0.375], "texture": "#0"},
				"south": {"uv": [2.125, 0.375, 2.375, 0.75], "texture": "#0"},
				"west": {"uv": [0.5, 0.375, 1, 0.75], "texture": "#0"},
				"up": {"uv": [0.875, 2.375, 0.625, 1.875], "texture": "#0"},
				"down": {"uv": [1.125, 1.875, 0.875, 2.375], "texture": "#0"}
			}
		},
		{
			"from": [-3, 5, 10],
			"to": [-1, 8, 13],
			"faces": {
				"north": {"uv": [2.125, 0.75, 2.375, 1.125], "texture": "#0"},
				"east": {"uv": [1, 0.75, 1.375, 1.125], "texture": "#0"},
				"south": {"uv": [2.125, 1.125, 2.375, 1.5], "texture": "#0"},
				"west": {"uv": [0, 1.125, 0.375, 1.5], "texture": "#0"},
				"up": {"uv": [2.375, 1.875, 2.125, 1.5], "texture": "#0"},
				"down": {"uv": [2.375, 1.875, 2.125, 2.25], "texture": "#0"}
			}
		},
		{
			"from": [-3, 5, 3],
			"to": [-1, 8, 6],
			"faces": {
				"north": {"uv": [0, 2.25, 0.25, 2.625], "texture": "#0"},
				"east": {"uv": [0.375, 1.125, 0.75, 1.5], "texture": "#0"},
				"south": {"uv": [2.125, 2.25, 2.375, 2.625], "texture": "#0"},
				"west": {"uv": [0.75, 1.125, 1.125, 1.5], "texture": "#0"},
				"up": {"uv": [2.625, 0.375, 2.375, 0], "texture": "#0"},
				"down": {"uv": [0.5, 2.375, 0.25, 2.75], "texture": "#0"}
			}
		},
		{
			"from": [-3, 8, 4],
			"to": [-1, 11, 7],
			"faces": {
				"north": {"uv": [2.375, 0.375, 2.625, 0.75], "texture": "#0"},
				"east": {"uv": [1.125, 1.125, 1.5, 1.5], "texture": "#0"},
				"south": {"uv": [0.5, 2.375, 0.75, 2.75], "texture": "#0"},
				"west": {"uv": [1.375, 0.75, 1.75, 1.125], "texture": "#0"},
				"up": {"uv": [1, 2.75, 0.75, 2.375], "texture": "#0"},
				"down": {"uv": [2.625, 0.75, 2.375, 1.125], "texture": "#0"}
			}
		},
		{
			"from": [-3, 8, 9],
			"to": [-1, 11, 12],
			"faces": {
				"north": {"uv": [1, 2.375, 1.25, 2.75], "texture": "#0"},
				"east": {"uv": [0, 1.5, 0.375, 1.875], "texture": "#0"},
				"south": {"uv": [2.375, 1.125, 2.625, 1.5], "texture": "#0"},
				"west": {"uv": [1.5, 0, 1.875, 0.375], "texture": "#0"},
				"up": {"uv": [1.5, 2.75, 1.25, 2.375], "texture": "#0"},
				"down": {"uv": [1.75, 2.375, 1.5, 2.75], "texture": "#0"}
			}
		},
		{
			"from": [-3, 11, 5],
			"to": [-1, 14, 7],
			"faces": {
				"north": {"uv": [2.375, 1.5, 2.625, 1.875], "texture": "#0"},
				"east": {"uv": [1.75, 2.375, 2, 2.75], "texture": "#0"},
				"south": {"uv": [2.375, 1.875, 2.625, 2.25], "texture": "#0"},
				"west": {"uv": [2.375, 2.25, 2.625, 2.625], "texture": "#0"},
				"up": {"uv": [2.125, 0.75, 1.875, 0.5], "texture": "#0"},
				"down": {"uv": [3.375, 1.125, 3.125, 1.375], "texture": "#0"}
			}
		},
		{
			"from": [-3, 11, 9],
			"to": [-1, 14, 11],
			"faces": {
				"north": {"uv": [0, 2.625, 0.25, 3], "texture": "#0"},
				"east": {"uv": [2.625, 0, 2.875, 0.375], "texture": "#0"},
				"south": {"uv": [2.625, 0.375, 2.875, 0.75], "texture": "#0"},
				"west": {"uv": [2.625, 0.75, 2.875, 1.125], "texture": "#0"},
				"up": {"uv": [1.5, 3.375, 1.25, 3.125], "texture": "#0"},
				"down": {"uv": [3.375, 1.375, 3.125, 1.625], "texture": "#0"}
			}
		},
		{
			"from": [17, 8, 9],
			"to": [19, 11, 12],
			"faces": {
				"north": {"uv": [2.625, 1.125, 2.875, 1.5], "texture": "#0"},
				"east": {"uv": [0.375, 1.5, 0.75, 1.875], "texture": "#0"},
				"south": {"uv": [2.625, 1.5, 2.875, 1.875], "texture": "#0"},
				"west": {"uv": [1.5, 0.375, 1.875, 0.75], "texture": "#0"},
				"up": {"uv": [2.875, 2.25, 2.625, 1.875], "texture": "#0"},
				"down": {"uv": [2.25, 2.625, 2, 3], "texture": "#0"}
			}
		},
		{
			"from": [17, 5, 10],
			"to": [19, 8, 13],
			"faces": {
				"north": {"uv": [2.25, 2.625, 2.5, 3], "texture": "#0"},
				"east": {"uv": [0.75, 1.5, 1.125, 1.875], "texture": "#0"},
				"south": {"uv": [2.625, 2.25, 2.875, 2.625], "texture": "#0"},
				"west": {"uv": [1.125, 1.5, 1.5, 1.875], "texture": "#0"},
				"up": {"uv": [2.75, 3, 2.5, 2.625], "texture": "#0"},
				"down": {"uv": [0.5, 2.75, 0.25, 3.125], "texture": "#0"}
			}
		},
		{
			"from": [17, 2, 10],
			"to": [19, 5, 14],
			"faces": {
				"north": {"uv": [0.5, 2.75, 0.75, 3.125], "texture": "#0"},
				"east": {"uv": [0, 0.75, 0.5, 1.125], "texture": "#0"},
				"south": {"uv": [0.75, 2.75, 1, 3.125], "texture": "#0"},
				"west": {"uv": [0.5, 0.75, 1, 1.125], "texture": "#0"},
				"up": {"uv": [1.375, 2.375, 1.125, 1.875], "texture": "#0"},
				"down": {"uv": [2.125, 1.125, 1.875, 1.625], "texture": "#0"}
			}
		},
		{
			"from": [17, 2, 2],
			"to": [19, 5, 6],
			"faces": {
				"north": {"uv": [1, 2.75, 1.25, 3.125], "texture": "#0"},
				"east": {"uv": [1, 0, 1.5, 0.375], "texture": "#0"},
				"south": {"uv": [1.25, 2.75, 1.5, 3.125], "texture": "#0"},
				"west": {"uv": [1, 0.375, 1.5, 0.75], "texture": "#0"},
				"up": {"uv": [1.625, 2.375, 1.375, 1.875], "texture": "#0"},
				"down": {"uv": [1.875, 1.875, 1.625, 2.375], "texture": "#0"}
			}
		},
		{
			"from": [17, 5, 3],
			"to": [19, 8, 6],
			"faces": {
				"north": {"uv": [1.5, 2.75, 1.75, 3.125], "texture": "#0"},
				"east": {"uv": [1.5, 1.125, 1.875, 1.5], "texture": "#0"},
				"south": {"uv": [1.75, 2.75, 2, 3.125], "texture": "#0"},
				"west": {"uv": [1.5, 1.5, 1.875, 1.875], "texture": "#0"},
				"up": {"uv": [3, 3, 2.75, 2.625], "texture": "#0"},
				"down": {"uv": [3.125, 0, 2.875, 0.375], "texture": "#0"}
			}
		},
		{
			"from": [17, 8, 4],
			"to": [19, 11, 7],
			"faces": {
				"north": {"uv": [2.875, 0.375, 3.125, 0.75], "texture": "#0"},
				"east": {"uv": [1.75, 0.75, 2.125, 1.125], "texture": "#0"},
				"south": {"uv": [2.875, 0.75, 3.125, 1.125], "texture": "#0"},
				"west": {"uv": [0, 1.875, 0.375, 2.25], "texture": "#0"},
				"up": {"uv": [3.125, 1.5, 2.875, 1.125], "texture": "#0"},
				"down": {"uv": [3.125, 1.5, 2.875, 1.875], "texture": "#0"}
			}
		},
		{
			"from": [17, 11, 5],
			"to": [19, 14, 7],
			"faces": {
				"north": {"uv": [2.875, 1.875, 3.125, 2.25], "texture": "#0"},
				"east": {"uv": [2.875, 2.25, 3.125, 2.625], "texture": "#0"},
				"south": {"uv": [0, 3, 0.25, 3.375], "texture": "#0"},
				"west": {"uv": [2, 3, 2.25, 3.375], "texture": "#0"},
				"up": {"uv": [1.75, 3.375, 1.5, 3.125], "texture": "#0"},
				"down": {"uv": [3.375, 1.625, 3.125, 1.875], "texture": "#0"}
			}
		},
		{
			"from": [17, 11, 9],
			"to": [19, 14, 11],
			"faces": {
				"north": {"uv": [2.25, 3, 2.5, 3.375], "texture": "#0"},
				"east": {"uv": [2.5, 3, 2.75, 3.375], "texture": "#0"},
				"south": {"uv": [3, 2.625, 3.25, 3], "texture": "#0"},
				"west": {"uv": [2.75, 3, 3, 3.375], "texture": "#0"},
				"up": {"uv": [2, 3.375, 1.75, 3.125], "texture": "#0"},
				"down": {"uv": [3.375, 1.875, 3.125, 2.125], "texture": "#0"}
			}
		},
		{
			"from": [-2.9, 5.15224, 4.23463],
			"to": [-2, 8.15224, 6.23463],
			"rotation": {"angle": 22.5, "axis": "x", "origin": [4, 6.15224, 6.23463]},
			"faces": {
				"north": {"uv": [3.125, 2.125, 3.25, 2.5], "texture": "#0"},
				"east": {"uv": [3, 3, 3.25, 3.375], "texture": "#0"},
				"south": {"uv": [3.25, 2.125, 3.375, 2.5], "texture": "#0"},
				"west": {"uv": [3.125, 0, 3.375, 0.375], "texture": "#0"},
				"up": {"uv": [2.125, 2.625, 2, 2.375], "texture": "#0"},
				"down": {"uv": [3.5, 0.375, 3.375, 0.625], "texture": "#0"}
			}
		},
		{
			"from": [18, 5.15224, 4.23463],
			"to": [18.9, 8.15224, 6.23463],
			"rotation": {"angle": 22.5, "axis": "x", "origin": [4, 6.15224, 6.23463]},
			"faces": {
				"north": {"uv": [3.25, 2.5, 3.375, 2.875], "texture": "#0"},
				"east": {"uv": [0.25, 3.125, 0.5, 3.5], "texture": "#0"},
				"south": {"uv": [3.25, 2.875, 3.375, 3.25], "texture": "#0"},
				"west": {"uv": [3.125, 0.375, 3.375, 0.75], "texture": "#0"},
				"up": {"uv": [3.5, 0.875, 3.375, 0.625], "texture": "#0"},
				"down": {"uv": [3.5, 0.875, 3.375, 1.125], "texture": "#0"}
			}
		},
		{
			"from": [17, 5.15224, 9.76537],
			"to": [18.9, 8.15224, 10.76537],
			"rotation": {"angle": -22.5, "axis": "x", "origin": [-3, 6.15224, 9.76537]},
			"faces": {
				"north": {"uv": [0.5, 3.125, 0.75, 3.5], "texture": "#0"},
				"east": {"uv": [3.25, 3.25, 3.375, 3.625], "texture": "#0"},
				"south": {"uv": [0.75, 3.125, 1, 3.5], "texture": "#0"},
				"west": {"uv": [0, 3.375, 0.125, 3.75], "texture": "#0"},
				"up": {"uv": [3.625, 1.25, 3.375, 1.125], "texture": "#0"},
				"down": {"uv": [1.5, 3.375, 1.25, 3.5], "texture": "#0"}
			}
		},
		{
			"from": [-2.9, 5.15224, 9.76537],
			"to": [-2, 8.15224, 11.76537],
			"rotation": {"angle": -22.5, "axis": "x", "origin": [-3, 6.15224, 9.76537]},
			"faces": {
				"north": {"uv": [3.375, 0, 3.5, 0.375], "texture": "#0"},
				"east": {"uv": [3.125, 0.75, 3.375, 1.125], "texture": "#0"},
				"south": {"uv": [0.125, 3.375, 0.25, 3.75], "texture": "#0"},
				"west": {"uv": [1, 3.125, 1.25, 3.5], "texture": "#0"},
				"up": {"uv": [3.5, 1.5, 3.375, 1.25], "texture": "#0"},
				"down": {"uv": [1.625, 3.375, 1.5, 3.625], "texture": "#0"}
			}
		}
	],
	"display": {
		"thirdperson_righthand": {
			"rotation": [0, -40, 0],
			"scale": [0.4, 0.4, 0.4]
		},
		"thirdperson_lefthand": {
			"rotation": [0, -40, 0],
			"scale": [0.4, 0.4, 0.4]
		},
		"firstperson_righthand": {
			"rotation": [0, -24, 0],
			"translation": [-1.5, 0, 0],
			"scale": [0.7, 0.7, 0.7]
		},
		"firstperson_lefthand": {
			"rotation": [0, -24, 0],
			"translation": [-1.5, 0, 0],
			"scale": [0.7, 0.7, 0.7]
		},
		"ground": {
			"translation": [0, 0.5, 0],
			"scale": [0.5, 0.5, 0.5]
		},
		"gui": {
			"rotation": [40, 45, 0],
			"translation": [0, 0.25, 0],
			"scale": [0.55, 0.55, 0.55]
		},
		"head": {
			"translation": [0, 11.75, 0],
			"scale": [0.9, 0.9, 0.9]
		},
		"fixed": {
			"rotation": [-90, 0, 0],
			"translation": [0, 0, -15.25],
			"scale": [1.9, 1.9, 1.9]
		}
	},
	"groups": [
		{
			"name": "group",
			"origin": [0, 0, 0],
			"color": 0,
			"children": [0, 1, 2, 3, 4, 5]
		},
		{
			"name": "group",
			"origin": [0, -3.22836, 1.14805],
			"color": 0,
			"children": [6, 7, 8, 9, 10, 11, 12, 13, 14, 15, 16, 17, 18, 19, 20, 21, 22, 23, 24, 25, 26, 27, 28, 29, 30, 31, 32, 33, 34, 35, 36, 37, 38, 39, 40, 41, 42, 43]
		},
		{
			"name": "group",
			"origin": [0, 0, 0],
			"color": 0,
			"children": [44, 45, 46, 47, 48, 49, 50, 51, 52, 53, 54, 55, 56, 57, 58, 59, 60, 61, 62, 63]
		}
	]
}